USUBJID,TIME,EVENT,PATIENTID,ANEUPLOIDY_SCORE,CANCER_TYPE,CANCER_TYPE_DETAILED,FRACTION_GENOME_ALTERED,MSI_SCORE_MANTIS,MSI_SENSOR_SCORE,MUTATION_COUNT,ONCOTREE_CODE,SAMPLE_TYPE,SOMATIC_STATUS,TBL_SCORE,TISSUE_PROSPECTIVE_COLLECTION_INDICATOR,TISSUE_RETROSPECTIVE_COLLECTION_INDICATOR,TISSUE_SOURCE_SITE,TISSUE_SOURCE_SITE_CODE,TMB_NONSYNONYMOUS,TUMOR_TISSUE_SITE,TUMOR_TYPE,AE_TERM,AE_CODE,BASELINE,CURRENT,RECIST,RISK_SCORE,RISK_GROUP
TCGA-3C-AAAU,375.4144719814873,0,TCGA-3C-AAAU,19.0,Breast Cancer,Breast Invasive Lobular Carcinoma,0.7787,0.3319,0.55,24,ILC,Primary,Matched,205,No,Yes,Columbia University,3C,0.8,Breast,Infiltrating Lobular Carcinoma,Pain,10033371,7.958276865268044,4.237332358740922,PR,4.33999,High Risk
TCGA-3C-AALI,2408.0971447340166,1,TCGA-3C-AALI,22.0,Breast Cancer,Breast Invasive Ductal Carcinoma,0.7164,0.3449,0.74,459,IDC,Primary,Matched,190,No,Yes,Columbia University,3C,15.26666667,Breast,Infiltrating Ductal Carcinoma,Fatigue,10016256,5.6616447494132105,6.560247635351319,SD,9.263900001,High Risk
TCGA-3C-AALJ,1053.3965548363594,1,TCGA-3C-AALJ,13.0,Breast Cancer,Breast Invasive Ductal Carcinoma,0.534,0.3266,0.31,28,IDC,Primary,Matched,365,No,Yes,Columbia University,3C,0.933333333,Breast,Infiltrating Ductal Carcinoma,Fatigue,10016256,4.132860338514593,4.266318151890592,SD,3.1055199999000003,High Risk
TCGA-3C-AALK,730.3540430207626,1,TCGA-3C-AALK,4.0,Breast Cancer,Breast Invasive Ductal Carcinoma,0.0764,0.3218,0.03,44,IDC,Primary,Matched,25,No,Yes,Columbia University,3C,1.5,Breast,Infiltrating Ductal Carcinoma,Anemia,10002034,4.345653654156973,2.6215807902428927,PR,1.33728,Low Risk
TCGA-4H-AAAK,135.69989636987702,0,TCGA-4H-AAAK,7.0,Breast Cancer,Breast Invasive Lobular Carcinoma,0.2364,0.3411,0.01,20,ILC,Primary,Matched,36,Yes,No,"Proteogenex, Inc.",4H,0.7,Breast,Infiltrating Lobular Carcinoma,Pain,10033371,1.0121826314392135,0.6807169874732706,PR,1.7491400000000001,Low Risk
TCGA-5L-AAT0,135.67703353168415,1,TCGA-5L-AAT0,3.0,Breast Cancer,Breast Invasive Lobular Carcinoma,0.0702,0.3208,0,139,ILC,Primary,Matched,28,No,Yes,University of Sao Paulo,5L,4.6,Breast,Infiltrating Lobular Carcinoma,Pain,10033371,3.698204748087123,3.949587617169338,SD,2.06522,Low Risk
TCGA-5T-A9QA,47.87101488694454,0,TCGA-5T-A9QA,14.0,Breast Cancer,Breast Invasive Carcinoma (NOS),0.4133,0.3379,0.46,55,BRCNOS,Primary,Matched,99,Yes,No,Holy Cross,5T,1.9,Breast,Other,Pain,10033371,6.8181286747413745,5.4296686800435605,SD,3.56157,High Risk
TCGA-A1-A0SB,1608.9846915839516,1,TCGA-A1-A0SB,0.0,Breast Cancer,Breast Invasive Carcinoma (NOS),0.0008,0.0,0.2,15,BRCNOS,Primary,Matched,2,No,Yes,UCSF,A1,0.5,Breast,Other,Anemia,10002034,9.767749994347215,14.049108450403402,PD,0.15023999999999998,Low Risk
TCGA-A1-A0SD,735.2657229018116,1,TCGA-A1-A0SD,11.0,Breast Cancer,Breast Invasive Ductal Carcinoma,0.2474,0.2829,0.02,33,IDC,Primary,Matched,66,No,Yes,UCSF,A1,1.1,Breast,Infiltrating Ductal Carcinoma,Anemia,10002034,8.623547442855095,11.372218933757328,PD,2.6608,Low Risk
TCGA-A1-A0SE,985.0000493636722,1,TCGA-A1-A0SE,10.0,Breast Cancer,Breast Invasive Carcinoma (NOS),0.2134,0.2898,0.01,27,BRCNOS,Primary,Matched,49,No,Yes,UCSF,A1,0.933333333,Breast,Mixed Histology (NOS),Fatigue,10016256,1.2123546818097621,1.7986096485962695,PD,2.4019799999,Low Risk
TCGA-A1-A0SF,16.6394463993109,1,TCGA-A1-A0SF,14.0,Breast Cancer,Breast Invasive Ductal Carcinoma,0.2015,0.4042,0.36,50,IDC,Primary,Matched,58,No,Yes,UCSF,A1,1.666666667,Breast,Infiltrating Ductal Carcinoma,Nausea,10028813,9.087045442073554,6.903163434560553,SD,3.4412900001000004,High Risk
TCGA-A1-A0SG,2802.8459801266495,1,TCGA-A1-A0SG,4.0,Breast Cancer,Breast Invasive Carcinoma (NOS),0.0969,0.311,0,27,BRCNOS,Primary,Matched,30,No,Yes,UCSF,A1,0.9,Breast,Other,Pain,10033371,8.048785719687633,11.829490587551787,PD,1.16127,Low Risk
TCGA-A1-A0SH,1429.14363468374,1,TCGA-A1-A0SH,2.0,Breast Cancer,Breast Invasive Ductal Carcinoma,0.1789,0.4765,0.02,94,IDC,Primary,Matched,35,No,Yes,UCSF,A1,3.133333333,Breast,Infiltrating Ductal Carcinoma,Pain,10033371,8.023385112138824,7.471647966805009,SD,1.4889699999000001,Low Risk
TCGA-A1-A0SI,190.9501001991576,1,TCGA-A1-A0SI,15.0,Breast Cancer,Breast Invasive Ductal Carcinoma,0.3313,0.3411,0.63,180,IDC,Primary,Matched,22,No,Yes,UCSF,A1,6.033333333,Breast,Infiltrating Ductal Carcinoma,Nausea,10028813,5.121961831032143,4.340958920679395,SD,4.9776099999,High Risk
TCGA-A1-A0SJ,160.54319099973068,0,TCGA-A1-A0SJ,24.0,Breast Cancer,Breast Invasive Ductal Carcinoma,0.46,0.292,0.37,30,IDC,Primary,Matched,297,No,Yes,UCSF,A1,1.033333333,Breast,Infiltrating Ductal Carcinoma,Pain,10033371,4.582047636590525,2.5217277493486385,PR,5.306399999900001,High Risk
TCGA-A1-A0SK,162.08913826580564,1,TCGA-A1-A0SK,16.0,Breast Cancer,Breast Invasive Carcinoma (NOS),0.4163,0.2902,1.02,62,BRCNOS,Primary,Matched,205,No,Yes,UCSF,A1,2.033333333,Breast,Other,Anemia,10002034,3.7262415594987335,2.0597368764834854,PR,3.9929299999000003,High Risk
TCGA-A1-A0SM,290.2029835683817,1,TCGA-A1-A0SM,3.0,Breast Cancer,Breast Invasive Ductal Carcinoma,0.1807,0.259,0.12,19,IDC,Primary,Matched,60,No,Yes,UCSF,A1,0.633333333,Breast,Infiltrating Ductal Carcinoma,Anemia,10002034,1.591253730589292,1.8967923579295416,SD,0.8960099999000002,Low Risk
TCGA-A1-A0SN,595.1422646886836,0,TCGA-A1-A0SN,18.0,Breast Cancer,Breast Invasive Ductal Carcinoma,0.5518,0.3423,0.57,51,IDC,Primary,Matched,224,No,Yes,UCSF,A1,1.7,Breast,Infiltrating Ductal Carcinoma,Pain,10033371,3.0541182714432917,2.925628444646264,SD,4.344,High Risk
TCGA-A1-A0SO,452.4296534242693,0,TCGA-A1-A0SO,0.0,Breast Cancer,Breast Invasive Ductal Carcinoma,0.77,0.3308,2.84,271,IDC,Primary,Matched,492,No,Yes,UCSF,A1,9.066666667,Breast,Infiltrating Ductal Carcinoma,Anemia,10002034,3.2194327148022217,2.3389874908719444,SD,3.0171600000999996,High Risk
TCGA-A1-A0SP,275.3783940431532,0,TCGA-A1-A0SP,13.0,Breast Cancer,Breast Invasive Ductal Carcinoma,0.3918,0.2779,0.26,51,IDC,Primary,Matched,170,No,Yes,UCSF,A1,1.7,Breast,Infiltrating Ductal Carcinoma,Anemia,10002034,5.356693627391814,5.967197640996081,SD,3.2831200000000003,High Risk
TCGA-A1-A0SQ,757.096699119839,0,TCGA-A1-A0SQ,3.0,Breast Cancer,Breast Invasive Ductal Carcinoma,0.1094,0.2921,0.18,23,IDC,Primary,Matched,108,No,Yes,UCSF,A1,0.766666667,Breast,Infiltrating Ductal Carcinoma,Pain,10033371,7.726999659370246,5.817334423272733,SD,0.9212400001000001,Low Risk
TCGA-A2-A04N,120.18762298187093,1,TCGA-A2-A04N,3.0,Breast Cancer,Breast Invasive Ductal Carcinoma,0.0862,0.2911,0,41,IDC,Primary,Matched,13,No,Yes,Walter Reed,A2,1.366666667,Breast,Infiltrating Ductal Carcinoma,Fatigue,10016256,5.26428845558152,5.672964403763404,SD,1.0940800001,Low Risk
TCGA-A2-A04P,276.4124096019218,1,TCGA-A2-A04P,9.0,Breast Cancer,Breast Invasive Ductal Carcinoma,0.6407,0.3046,1.12,128,IDC,Primary,Matched,298,No,Yes,Walter Reed,A2,4.266666667,Breast,Infiltrating Ductal Carcinoma,Nausea,10028813,1.5206000450244455,1.3065128593472763,SD,3.3331300001,High Risk
TCGA-A2-A04Q,365.0217745766776,0,TCGA-A2-A04Q,11.0,Breast Cancer,Breast Invasive Ductal Carcinoma,0.0853,0.2846,0.03,46,IDC,Primary,Matched,48,No,Yes,Walter Reed,A2,1.566666667,Breast,Infiltrating Ductal Carcinoma,Anemia,10002034,9.620108208893836,12.732715640128074,PD,2.7525100001,Low Risk
TCGA-A2-A04R,487.14775028782003,1,TCGA-A2-A04R,5.0,Breast Cancer,Breast Invasive Ductal Carcinoma,0.2643,0.3005,0.77,74,IDC,Primary,Matched,57,No,Yes,Walter Reed,A2,2.533333333,Breast,Infiltrating Ductal Carcinoma,Fatigue,10016256,9.48451887184701,12.526167660768412,PD,1.8993899999,Low Risk
TCGA-A2-A04T,1230.3488088247295,1,TCGA-A2-A04T,14.0,Breast Cancer,Breast Invasive Ductal Carcinoma,0.6936,0.2887,1.39,89,IDC,Primary,Matched,206,No,Yes,Walter Reed,A2,2.933333333,Breast,Infiltrating Ductal Carcinoma,Anemia,10002034,8.066705888335676,7.883998211501192,SD,3.9458199999000003,High Risk
TCGA-A2-A04U,178.18868970295222,0,TCGA-A2-A04U,21.0,Breast Cancer,Breast Invasive Ductal Carcinoma,0.6677,0.294,1.39,49,IDC,Primary,Matched,1894,No,Yes,Walter Reed,A2,1.633333333,Breast,Infiltrating Ductal Carcinoma,Anemia,10002034,9.921951114077984,8.441785609745397,SD,4.9491099999,High Risk
TCGA-A2-A04V,577.6233240265021,1,TCGA-A2-A04V,6.0,Breast Cancer,Breast Invasive Ductal Carcinoma,0.1132,0.289,0.04,27,IDC,Primary,Matched,98,No,Yes,Walter Reed,A2,0.9,Breast,Infiltrating Ductal Carcinoma,Nausea,10028813,5.900340995202367,5.0893969284510385,SD,1.5617600000000003,Low Risk
TCGA-A2-A04W,718.0037770478084,1,TCGA-A2-A04W,17.0,Breast Cancer,Breast Invasive Carcinoma (NOS),0.1065,0.2769,0.04,125,BRCNOS,Primary,Matched,349,No,Yes,Walter Reed,A2,4.266666667,Breast,Other,Anemia,10002034,9.664915152278855,12.619620103681356,PD,4.7673300001,High Risk
TCGA-A2-A04X,38.05107980512684,1,TCGA-A2-A04X,8.0,Breast Cancer,Breast Invasive Ductal Carcinoma,0.2434,0.2774,0.05,27,IDC,Primary,Matched,142,No,Yes,Walter Reed,A2,0.933333333,Breast,Infiltrating Ductal Carcinoma,Nausea,10028813,1.680445365550757,1.39171037371147,SD,2.0084999999,Low Risk
TCGA-A2-A04Y,748.266416519688,1,TCGA-A2-A04Y,4.0,Breast Cancer,Breast Invasive Ductal Carcinoma,0.147,0.293,0.1,48,IDC,Primary,Matched,171,No,Yes,Walter Reed,A2,1.6,Breast,Infiltrating Ductal Carcinoma,Nausea,10028813,4.291126734352342,3.042663634756575,SD,1.3827,Low Risk
TCGA-A2-A0CK,149.56900158193315,1,TCGA-A2-A0CK,4.0,Breast Cancer,Breast Invasive Lobular Carcinoma,0.1005,0.3074,0,13,ILC,Primary,Matched,30,No,Yes,Walter Reed,A2,0.433333333,Breast,Infiltrating Lobular Carcinoma,Nausea,10028813,3.0284314120608924,1.7706885408009772,PR,1.0216299999,Low Risk
TCGA-A2-A0CL,53.81114470344339,1,TCGA-A2-A0CL,25.0,Breast Cancer,Breast Invasive Ductal Carcinoma,0.0591,0.2896,0.13,133,IDC,Primary,Matched,248,No,Yes,Walter Reed,A2,4.433333333,Breast,Infiltrating Ductal Carcinoma,Fatigue,10016256,2.7624977572084304,2.670487578351996,SD,6.4056499999,High Risk
TCGA-A2-A0CM,2378.950234805545,0,TCGA-A2-A0CM,24.0,Breast Cancer,Breast Invasive Ductal Carcinoma,0.3928,0.2921,0.39,52,IDC,Primary,Matched,160,No,Yes,Walter Reed,A2,1.733333333,Breast,Infiltrating Ductal Carcinoma,Pain,10033371,2.267226540034085,2.2267159604904467,SD,5.4962599999,High Risk
TCGA-A2-A0CO,2696.504273968938,1,TCGA-A2-A0CO,8.0,Breast Cancer,Breast Invasive Lobular Carcinoma,0.1329,0.2823,0.01,,ILC,Primary,Matched,8,No,Yes,Walter Reed,A2,0.0,Breast,Infiltrating Lobular Carcinoma,Fatigue,10016256,6.60172277409397,8.852307571447849,PD,1.6963300000000001,Low Risk
TCGA-A2-A0CP,1321.8652582503014,1,TCGA-A2-A0CP,5.0,Breast Cancer,Breast Invasive Ductal Carcinoma,0.087,0.273,0.04,35,IDC,Primary,Matched,3,No,Yes,Walter Reed,A2,1.233333333,Breast,Infiltrating Ductal Carcinoma,Pain,10033371,8.031896701725746,5.792914707142118,SD,1.4506999998999999,Low Risk
TCGA-A2-A0CQ,290.63028797500664,0,TCGA-A2-A0CQ,5.0,Breast Cancer,Breast Invasive Ductal Carcinoma,0.1198,0.2894,0.07,29,IDC,Primary,Matched,2,No,Yes,Walter Reed,A2,1.0,Breast,Infiltrating Ductal Carcinoma,Pain,10033371,6.204685594783246,5.4662738648600655,SD,1.39382,Low Risk
TCGA-A2-A0CR,82.221852002005,0,TCGA-A2-A0CR,6.0,Breast Cancer,Breast Invasive Lobular Carcinoma,0.0,0.2975,0,134,ILC,Primary,Matched,11,No,Yes,Walter Reed,A2,4.5,Breast,Infiltrating Lobular Carcinoma,Nausea,10028813,2.322664386293887,3.0389874125509144,PD,2.6095,Low Risk
TCGA-A2-A0CS,922.2006104789294,0,TCGA-A2-A0CS,17.0,Breast Cancer,Breast Invasive Ductal Carcinoma,0.1967,0.2726,0.27,31,IDC,Primary,Matched,3,No,Yes,Walter Reed,A2,1.033333333,Breast,Infiltrating Ductal Carcinoma,Anemia,10002034,8.300113929401238,10.986226768861918,PD,3.8235299999000003,High Risk
TCGA-A2-A0CT,464.0726740683187,0,TCGA-A2-A0CT,25.0,Breast Cancer,Breast Invasive Ductal Carcinoma,0.7056,0.2932,1.11,79,IDC,Primary,Matched,90,No,Yes,Walter Reed,A2,2.666666667,Breast,Infiltrating Ductal Carcinoma,Nausea,10028813,6.723592364473556,5.947764275979583,SD,6.0703200001,High Risk
TCGA-A2-A0CU,104.1217871635589,1,TCGA-A2-A0CU,20.0,Breast Cancer,Breast Invasive Ductal Carcinoma,0.4388,0.2981,0.06,43,IDC,Primary,Matched,99,No,Yes,Walter Reed,A2,1.433333333,Breast,Infiltrating Ductal Carcinoma,Anemia,10002034,4.493491355142959,4.309815507148635,SD,4.6212599999,High Risk
TCGA-A2-A0CV,546.8377825073201,1,TCGA-A2-A0CV,24.0,Breast Cancer,Breast Invasive Ductal Carcinoma,0.6142,0.2792,0,22,IDC,Primary,Matched,5,No,Yes,Walter Reed,A2,0.733333333,Breast,Infiltrating Ductal Carcinoma,Pain,10033371,7.067172659824567,5.6769600858328735,SD,5.2600999999,High Risk
TCGA-A2-A0CW,27.994977154783268,1,TCGA-A2-A0CW,15.0,Breast Cancer,Breast Invasive Ductal Carcinoma,0.3083,0.2846,0.32,64,IDC,Primary,Matched,343,No,Yes,Walter Reed,A2,2.166666667,Breast,Infiltrating Ductal Carcinoma,Nausea,10028813,3.3391448131854955,4.783508191877424,PD,3.7994100001,High Risk
TCGA-A2-A0CX,1920.338309914419,1,TCGA-A2-A0CX,19.0,Breast Cancer,Breast Invasive Ductal Carcinoma,0.3591,0.2663,0.41,250,IDC,Primary,Matched,163,No,Yes,Walter Reed,A2,8.333333333,Breast,Infiltrating Ductal Carcinoma,Anemia,10002034,4.106729876447894,2.5406028356491803,PR,6.460989999900001,High Risk
TCGA-A2-A0CZ,239.56622147254888,1,TCGA-A2-A0CZ,0.0,Breast Cancer,Breast Invasive Ductal Carcinoma,0.0,0.0,0.01,23,IDC,Primary,Matched,132,No,Yes,Walter Reed,A2,0.8,Breast,Infiltrating Ductal Carcinoma,Fatigue,10016256,9.257372588187913,13.272752606824046,PD,0.24,Low Risk
TCGA-A2-A0D0,869.0046388519843,1,TCGA-A2-A0D0,17.0,Breast Cancer,Breast Invasive Ductal Carcinoma,0.7061,0.3096,1.96,73,IDC,Primary,Matched,428,No,Yes,Walter Reed,A2,2.466666667,Breast,Infiltrating Ductal Carcinoma,Anemia,10002034,3.6145405510427837,4.279133297177987,SD,4.4137500001,High Risk
TCGA-A2-A0D1,298.83726532609893,0,TCGA-A2-A0D1,10.0,Breast Cancer,Breast Invasive Ductal Carcinoma,0.2609,0.2684,0.63,44,IDC,Primary,Matched,180,No,Yes,Walter Reed,A2,1.466666667,Breast,Infiltrating Ductal Carcinoma,Nausea,10028813,5.229894413421429,5.395013438377453,SD,2.5719500001,Low Risk
TCGA-A2-A0D2,587.2887167273828,1,TCGA-A2-A0D2,13.0,Breast Cancer,Breast Invasive Ductal Carcinoma,0.5025,0.2742,0.35,81,IDC,Primary,Matched,316,No,Yes,Walter Reed,A2,2.7,Breast,Infiltrating Ductal Carcinoma,Fatigue,10016256,9.011270236564132,4.799934740683533,PR,3.61559,High Risk
TCGA-A2-A0D3,632.979038385438,1,TCGA-A2-A0D3,5.0,Breast Cancer,Breast Invasive Ductal Carcinoma,0.1108,0.2747,0.01,25,IDC,Primary,Matched,17,No,Yes,Walter Reed,A2,0.833333333,Breast,Infiltrating Ductal Carcinoma,Anemia,10002034,7.369492152407747,7.189648479551173,SD,1.3381799999,Low Risk
TCGA-A2-A0D4,163.5108796063246,1,TCGA-A2-A0D4,19.0,Breast Cancer,Breast Invasive Ductal Carcinoma,0.3856,0.2711,0.86,36,IDC,Primary,Matched,113,No,Yes,Walter Reed,A2,1.2,Breast,Infiltrating Ductal Carcinoma,Anemia,10002034,1.5598290354823248,1.41593185108732,SD,4.3299,High Risk
TCGA-A2-A0EM,2794.2457061889813,1,TCGA-A2-A0EM,5.0,Breast Cancer,Breast Invasive Ductal Carcinoma,0.1025,0.2606,0.06,31,IDC,Primary,Matched,3,No,Yes,Walter Reed,A2,1.033333333,Breast,Infiltrating Ductal Carcinoma,Anemia,10002034,2.325727398510733,1.5378147074212594,PR,1.3928699999,Low Risk
TCGA-A2-A0EN,1193.7963017105126,1,TCGA-A2-A0EN,9.0,Breast Cancer,Breast Invasive Lobular Carcinoma,0.2206,0.2756,0,33,ILC,Primary,Matched,14,No,Yes,Walter Reed,A2,1.1,Breast,Infiltrating Lobular Carcinoma,Anemia,10002034,1.0705743169472512,1.2380224213789575,SD,2.2513,Low Risk
TCGA-A2-A0EO,2244.075535433266,0,TCGA-A2-A0EO,22.0,Breast Cancer,Breast Invasive Ductal Carcinoma,0.2512,0.2627,0.08,28,IDC,Primary,Matched,14,No,Yes,Walter Reed,A2,0.933333333,Breast,Infiltrating Ductal Carcinoma,Anemia,10002034,6.678296112062471,9.824781384934798,PD,4.8078999999,High Risk
TCGA-A2-A0EP,1801.7215980273572,1,TCGA-A2-A0EP,0.0,Breast Cancer,Breast Invasive Lobular Carcinoma,0.0,0.2896,0,9,ILC,Primary,Matched,2,No,Yes,Walter Reed,A2,0.3,Breast,Infiltrating Lobular Carcinoma,Fatigue,10016256,5.029060828693765,5.341812142401406,SD,0.14792,Low Risk
TCGA-A2-A0EQ,728.84352990662,1,TCGA-A2-A0EQ,21.0,Breast Cancer,Breast Invasive Ductal Carcinoma,0.2545,0.272,0.11,212,IDC,Primary,Matched,149,No,Yes,Walter Reed,A2,7.1,Breast,Infiltrating Ductal Carcinoma,Pain,10033371,2.2084736581204796,2.6827506121419993,PD,6.46075,High Risk
TCGA-A2-A0ER,2039.548303415524,1,TCGA-A2-A0ER,4.0,Breast Cancer,Breast Invasive Ductal Carcinoma,0.0756,0.2644,0.06,27,IDC,Primary,Matched,55,No,Yes,Walter Reed,A2,0.9,Breast,Infiltrating Ductal Carcinoma,Fatigue,10016256,9.621407089510933,5.469293214354372,PR,1.1455600000000001,Low Risk
TCGA-A2-A0ES,74.1243671624925,0,TCGA-A2-A0ES,0.0,Breast Cancer,Breast Invasive Lobular Carcinoma,0.0056,0.2529,0.04,13,ILC,Primary,Matched,34,No,Yes,Walter Reed,A2,0.433333333,Breast,Infiltrating Lobular Carcinoma,Fatigue,10016256,5.766937515510579,5.292128224922916,SD,0.1822599999,Low Risk
TCGA-A2-A0ET,174.50775570501395,1,TCGA-A2-A0ET,22.0,Breast Cancer,Breast Invasive Ductal Carcinoma,0.5078,0.2854,0.64,43,IDC,Primary,Matched,31,No,Yes,Walter Reed,A2,1.433333333,Breast,Infiltrating Ductal Carcinoma,Fatigue,10016256,3.1770396470160027,1.958195344142328,PR,5.039419999900001,High Risk
TCGA-A2-A0EU,37.025572549465565,1,TCGA-A2-A0EU,26.0,Breast Cancer,Breast Invasive Ductal Carcinoma,0.5175,0.2729,0.1,44,IDC,Primary,Matched,11,No,Yes,Walter Reed,A2,1.466666667,Breast,Infiltrating Ductal Carcinoma,Pain,10033371,5.505432140392368,6.126421958657484,SD,5.8498300001,High Risk
TCGA-A2-A0EV,314.82566944246946,1,TCGA-A2-A0EV,15.0,Breast Cancer,Breast Invasive Ductal Carcinoma,0.2086,0.3283,0.2,63,IDC,Primary,Matched,85,No,Yes,Walter Reed,A2,2.1,Breast,Infiltrating Ductal Carcinoma,Nausea,10028813,7.11658299461597,10.237077665205334,PD,3.75824,High Risk
TCGA-A2-A0EW,393.7042334353749,1,TCGA-A2-A0EW,2.0,Breast Cancer,Breast Invasive Lobular Carcinoma,0.0724,0.2504,0,15,ILC,Primary,Matched,55,No,Yes,Walter Reed,A2,0.5,Breast,Infiltrating Lobular Carcinoma,Pain,10033371,1.6861529617620803,1.958934964516287,SD,0.6218,Low Risk
TCGA-A2-A0EX,253.24835456706057,0,TCGA-A2-A0EX,5.0,Breast Cancer,Breast Invasive Lobular Carcinoma,0.1003,0.2822,0.01,27,ILC,Primary,Matched,90,No,Yes,Walter Reed,A2,0.9,Breast,Infiltrating Lobular Carcinoma,Fatigue,10016256,3.472334335431028,2.002853029443448,PR,1.35653,Low Risk
TCGA-A2-A0EY,1411.646292192747,0,TCGA-A2-A0EY,23.0,Breast Cancer,Breast Invasive Ductal Carcinoma,0.6388,0.3273,0.24,180,IDC,Primary,Matched,256,No,Yes,Walter Reed,A2,6.133333333,Breast,Infiltrating Ductal Carcinoma,Anemia,10002034,8.262689417955944,7.061841407814809,SD,6.697099999900001,High Risk
TCGA-A2-A0ST,352.9815996238961,1,TCGA-A2-A0ST,0.0,Breast Cancer,Breast Invasive Ductal Carcinoma,0.0109,0.261,0.01,15,IDC,Primary,Matched,32,No,Yes,Walter Reed,A2,0.5,Breast,Infiltrating Ductal Carcinoma,Anemia,10002034,5.136983833623951,5.397240794768361,SD,0.20546999999999999,Low Risk
TCGA-A2-A0SU,263.84227210739937,0,TCGA-A2-A0SU,4.0,Breast Cancer,Breast Invasive Ductal Carcinoma,0.1178,0.2844,0.04,32,IDC,Primary,Matched,38,No,Yes,Walter Reed,A2,1.066666667,Breast,Infiltrating Ductal Carcinoma,Fatigue,10016256,5.919194278290654,5.346262182211687,SD,1.2122200001,Low Risk
TCGA-A2-A0SV,625.9256665661968,0,TCGA-A2-A0SV,13.0,Breast Cancer,Breast Invasive Ductal Carcinoma,0.3799,0.3032,0.59,33,IDC,Primary,Matched,80,No,Yes,Walter Reed,A2,1.1,Breast,Infiltrating Ductal Carcinoma,Anemia,10002034,4.895344019885224,6.528646231335382,PD,3.10461,High Risk
TCGA-A2-A0SW,121.51851825650309,0,TCGA-A2-A0SW,13.0,Breast Cancer,Breast Invasive Ductal Carcinoma,0.4298,0.2874,1.59,50,IDC,Primary,Matched,102,No,Yes,Walter Reed,A2,1.733333333,Breast,Infiltrating Ductal Carcinoma,Fatigue,10016256,1.395099483787046,1.8340968400207032,PD,3.3064199999,High Risk
TCGA-A2-A0SX,1296.386876619785,0,TCGA-A2-A0SX,11.0,Breast Cancer,Breast Invasive Ductal Carcinoma,0.3822,0.2956,0.31,23,IDC,Primary,Matched,122,No,Yes,Walter Reed,A2,0.766666667,Breast,Infiltrating Ductal Carcinoma,Anemia,10002034,2.4917480183814034,2.770402741117176,SD,2.6037800001,Low Risk
TCGA-A2-A0SY,61.980695049047206,1,TCGA-A2-A0SY,2.0,Breast Cancer,Breast Invasive Lobular Carcinoma,0.1043,0.2804,0,115,ILC,Primary,Matched,42,No,Yes,Walter Reed,A2,3.866666667,Breast,Infiltrating Lobular Carcinoma,Pain,10033371,5.009874748677018,4.3759149033516564,SD,1.6473700001,Low Risk
TCGA-A2-A0T0,3467.3170716698555,1,TCGA-A2-A0T0,4.0,Breast Cancer,Breast Invasive Ductal Carcinoma,0.4533,0.2795,0.28,168,IDC,Primary,Matched,140,No,Yes,Walter Reed,A2,5.566666667,Breast,Infiltrating Ductal Carcinoma,Nausea,10028813,2.8826691886713505,2.177384891730051,SD,2.6618900001,Low Risk
TCGA-A2-A0T1,1183.587020993209,1,TCGA-A2-A0T1,17.0,Breast Cancer,Breast Invasive Ductal Carcinoma,0.1868,0.2768,0.02,24,IDC,Primary,Matched,339,No,Yes,Walter Reed,A2,0.8,Breast,Infiltrating Ductal Carcinoma,Nausea,10028813,1.4498112579371085,0.878403407440365,PR,3.7514000000000003,High Risk
TCGA-A2-A0T2,177.23155240470876,0,TCGA-A2-A0T2,34.0,Breast Cancer,Breast Invasive Ductal Carcinoma,0.9463,0.3164,1.48,27,IDC,Primary,Matched,66,No,Yes,Walter Reed,A2,0.933333333,Breast,Infiltrating Ductal Carcinoma,Pain,10033371,8.592846976466413,7.3460049747355765,SD,7.4271699999,High Risk
TCGA-A2-A0T3,4.42993630074838,1,TCGA-A2-A0T3,31.0,Breast Cancer,Breast Invasive Ductal Carcinoma,0.5528,0.2828,0.51,29,IDC,Primary,Matched,165,No,Yes,Walter Reed,A2,1.0,Breast,Infiltrating Ductal Carcinoma,Pain,10033371,9.830732762477043,8.977154982707559,SD,6.7224,High Risk
TCGA-A2-A0T4,1351.9174219889007,0,TCGA-A2-A0T4,7.0,Breast Cancer,Breast Invasive Lobular Carcinoma,0.2209,0.3097,0.01,31,ILC,Primary,Matched,65,No,Yes,Walter Reed,A2,1.033333333,Breast,Infiltrating Lobular Carcinoma,Fatigue,10016256,8.138285865970655,9.569183092258752,SD,1.8382099999000001,Low Risk
TCGA-A2-A0T5,981.6767259096357,0,TCGA-A2-A0T5,5.0,Breast Cancer,Breast Invasive Ductal Carcinoma,0.1153,0.2978,0.06,15,IDC,Primary,Matched,1,No,Yes,Walter Reed,A2,0.5,Breast,Infiltrating Ductal Carcinoma,Fatigue,10016256,8.684064295342004,10.057534378482128,SD,1.2441499999999999,Low Risk
TCGA-A2-A0T6,1044.5303270303991,1,TCGA-A2-A0T6,6.0,Breast Cancer,Breast Invasive Lobular Carcinoma,0.1161,0.2844,0.04,17,ILC,Primary,Matched,7,No,Yes,Walter Reed,A2,0.566666667,Breast,Infiltrating Lobular Carcinoma,Fatigue,10016256,3.1777941728534085,1.8116863240482837,PR,1.4617100001,Low Risk
TCGA-A2-A0T7,1180.1716208348107,0,TCGA-A2-A0T7,12.0,Breast Cancer,Breast Invasive Ductal Carcinoma,0.3425,0.3038,0.02,22,IDC,Primary,Matched,91,No,Yes,Walter Reed,A2,0.766666667,Breast,Infiltrating Ductal Carcinoma,Anemia,10002034,9.645642779618798,8.635351551775015,SD,2.7935100001000004,Low Risk
TCGA-A2-A0YC,61.54341241103708,1,TCGA-A2-A0YC,4.0,Breast Cancer,Breast Invasive Ductal Carcinoma,0.111,0.2793,0.02,24,IDC,Primary,Matched,37,No,Yes,Walter Reed,A2,0.766666667,Breast,Infiltrating Ductal Carcinoma,Fatigue,10016256,2.7723313400808554,1.8901169205915165,PR,1.1191600001,Low Risk
TCGA-A2-A0YD,355.114137932986,1,TCGA-A2-A0YD,6.0,Breast Cancer,Breast Invasive Lobular Carcinoma,0.0935,0.3031,0.14,55,ILC,Primary,Matched,4,No,Yes,Walter Reed,A2,1.866666667,Breast,Infiltrating Lobular Carcinoma,Pain,10033371,9.562868293256491,6.2810133942821,PR,1.8486700001000003,Low Risk
TCGA-A2-A0YE,98.52008368355972,0,TCGA-A2-A0YE,24.0,Breast Cancer,Breast Invasive Ductal Carcinoma,0.781,0.3072,1.48,28,IDC,Primary,Matched,165,No,Yes,Walter Reed,A2,0.933333333,Breast,Infiltrating Ductal Carcinoma,Nausea,10028813,9.95337364569356,13.21113423706711,PD,5.3757399999,High Risk
TCGA-A2-A0YF,1590.823657326578,1,TCGA-A2-A0YF,4.0,Breast Cancer,Breast Invasive Ductal Carcinoma,0.1229,0.2855,0.17,25,IDC,Primary,Matched,54,No,Yes,Walter Reed,A2,0.866666667,Breast,Infiltrating Ductal Carcinoma,Anemia,10002034,7.405505251714438,4.013155983376214,PR,1.1539700001,Low Risk
TCGA-A2-A0YG,781.0409533698993,0,TCGA-A2-A0YG,29.0,Breast Cancer,Breast Invasive Ductal Carcinoma,0.3672,0.2746,0.29,52,IDC,Primary,Matched,395,No,Yes,Walter Reed,A2,1.733333333,Breast,Infiltrating Ductal Carcinoma,Fatigue,10016256,9.830293586126396,9.035837529457838,SD,6.485079999900001,High Risk
TCGA-A2-A0YH,321.4550410010408,0,TCGA-A2-A0YH,17.0,Breast Cancer,Breast Invasive Ductal Carcinoma,0.3154,0.3021,0.26,68,IDC,Primary,Matched,109,No,Yes,Walter Reed,A2,2.266666667,Breast,Infiltrating Ductal Carcinoma,Anemia,10002034,6.125858016103933,4.093320721067279,PR,4.235040000100001,High Risk
TCGA-A2-A0YI,52.53445264382631,1,TCGA-A2-A0YI,4.0,Breast Cancer,Breast Invasive Ductal Carcinoma,0.1891,0.2845,0,11,IDC,Primary,Matched,46,No,Yes,Walter Reed,A2,0.4,Breast,Infiltrating Ductal Carcinoma,Anemia,10002034,3.335876048584813,4.601274629571146,PD,1.03363,Low Risk
TCGA-A2-A0YJ,297.99068032828296,1,TCGA-A2-A0YJ,25.0,Breast Cancer,Breast Invasive Ductal Carcinoma,0.5313,0.2988,0.47,74,IDC,Primary,Matched,211,No,Yes,Walter Reed,A2,2.5,Breast,Infiltrating Ductal Carcinoma,Fatigue,10016256,4.932962970990587,5.214341710822633,SD,5.96915,High Risk
TCGA-A2-A0YK,314.6513705473051,1,TCGA-A2-A0YK,6.0,Breast Cancer,Breast Invasive Lobular Carcinoma,0.1055,0.3819,0,317,ILC,Primary,Matched,33,No,Yes,Walter Reed,A2,10.6,Breast,Infiltrating Lobular Carcinoma,Anemia,10002034,6.342048418409074,4.638451408188811,SD,4.48803,High Risk
TCGA-A2-A0YL,1046.3006271661927,1,TCGA-A2-A0YL,4.0,Breast Cancer,Breast Invasive Lobular Carcinoma,0.1036,0.3028,0,27,ILC,Primary,Matched,32,No,Yes,Walter Reed,A2,0.933333333,Breast,Infiltrating Lobular Carcinoma,Nausea,10028813,1.6577340582431348,1.6617578548479734,SD,1.1716399999,Low Risk
TCGA-A2-A0YM,811.911487140816,0,TCGA-A2-A0YM,27.0,Breast Cancer,Breast Invasive Ductal Carcinoma,0.434,0.3077,1.2,75,IDC,Primary,Matched,272,No,Yes,Walter Reed,A2,2.566666667,Breast,Infiltrating Ductal Carcinoma,Pain,10033371,6.601089381555215,8.129151532566324,PD,6.3617400001,High Risk
TCGA-A2-A0YT,1745.8015299212118,1,TCGA-A2-A0YT,25.0,Breast Cancer,Breast Invasive Ductal Carcinoma,0.5755,0.3009,0.84,58,IDC,Primary,Matched,232,No,Yes,Walter Reed,A2,1.933333333,Breast,Infiltrating Ductal Carcinoma,Pain,10033371,9.83060053086065,14.33417567254086,PD,5.8128299999,High Risk
TCGA-A2-A1FV,511.25290670104783,1,TCGA-A2-A1FV,12.0,Breast Cancer,Breast Invasive Lobular Carcinoma,0.3999,0.3124,0.21,39,ILC,Primary,Matched,108,Yes,No,Walter Reed,A2,1.3,Breast,Infiltrating Lobular Carcinoma,Nausea,10028813,2.7109688480535485,1.9531066742139853,SD,2.9724500000000003,High Risk
TCGA-A2-A1FW,101.89791489240152,1,TCGA-A2-A1FW,21.0,Breast Cancer,Breast Invasive Ductal Carcinoma,0.6055,0.3305,0.89,60,IDC,Primary,Matched,441,Yes,No,Walter Reed,A2,2.033333333,Breast,Infiltrating Ductal Carcinoma,Anemia,10002034,8.13335604659545,11.274309898028605,PD,5.0577499999,High Risk
TCGA-A2-A1FX,999.3010754532795,1,TCGA-A2-A1FX,14.0,Breast Cancer,Breast Invasive Ductal Carcinoma,0.4239,0.3239,0.3,23,IDC,Primary,Matched,63,No,Yes,Walter Reed,A2,0.8,Breast,Infiltrating Ductal Carcinoma,Fatigue,10016256,9.171089144016575,13.15413089065978,PD,3.2319500000000003,High Risk
TCGA-A2-A1FZ,1144.3142024614913,0,TCGA-A2-A1FZ,2.0,Breast Cancer,Breast Invasive Ductal Carcinoma,0.1009,0.3362,0.06,26,IDC,Primary,Matched,10,Yes,No,Walter Reed,A2,0.866666667,Breast,Infiltrating Ductal Carcinoma,Anemia,10002034,9.493314335381987,13.446525460335824,PD,0.7575100001,Low Risk
TCGA-A2-A1G0,659.109995908663,1,TCGA-A2-A1G0,16.0,Breast Cancer,Breast Invasive Carcinoma (NOS),0.1485,0.3449,0.2,19,BRCNOS,Primary,Matched,46,Yes,No,Walter Reed,A2,0.666666667,Breast,Other,Nausea,10028813,9.641220439649025,10.946780104847997,SD,3.5135300001000003,High Risk
TCGA-A2-A1G1,1179.1119733770915,0,TCGA-A2-A1G1,20.0,Breast Cancer,Breast Invasive Ductal Carcinoma,0.1756,0.3368,1.11,28,IDC,Primary,Matched,149,Yes,No,Walter Reed,A2,0.966666667,Breast,Infiltrating Ductal Carcinoma,Anemia,10002034,5.693136748493248,6.432223486968926,SD,4.4100400001,High Risk
TCGA-A2-A1G4,544.6517852082223,1,TCGA-A2-A1G4,4.0,Breast Cancer,Breast Invasive Ductal Carcinoma,0.1531,0.2954,0.24,28,IDC,Primary,Matched,77,Yes,No,Walter Reed,A2,0.933333333,Breast,Infiltrating Ductal Carcinoma,Pain,10033371,9.795771171923533,8.847644682716892,SD,1.1850099999,Low Risk
TCGA-A2-A1G6,591.7430710218136,0,TCGA-A2-A1G6,0.0,Breast Cancer,Breast Invasive Ductal Carcinoma,0.0001,0.3082,0.07,8,IDC,Primary,Matched,0,Yes,No,Walter Reed,A2,0.266666667,Breast,Infiltrating Ductal Carcinoma,Anemia,10002034,7.81579186420995,9.788481179263716,PD,0.14167000010000003,Low Risk
TCGA-A2-A259,446.2513551267419,1,TCGA-A2-A259,4.0,Breast Cancer,Breast Invasive Ductal Carcinoma,0.1071,0.3052,0.1,22,IDC,Primary,Matched,22,No,Yes,Walter Reed,A2,0.733333333,Breast,Infiltrating Ductal Carcinoma,Nausea,10028813,2.455042926132657,2.5318710845153776,SD,1.1131699999000002,Low Risk
TCGA-A2-A25A,20.598219192090983,1,TCGA-A2-A25A,5.0,Breast Cancer,Breast Invasive Lobular Carcinoma,0.1189,0.3222,0.08,300,ILC,Primary,Matched,14,No,Yes,Walter Reed,A2,10.1,Breast,Infiltrating Lobular Carcinoma,Pain,10033371,5.29210095821173,6.231121144982228,SD,4.13011,High Risk
TCGA-A2-A25B,91.33394815349267,0,TCGA-A2-A25B,0.0,Breast Cancer,Breast Invasive Ductal Carcinoma,0.4302,0.314,0.61,98,IDC,Primary,Matched,395,Yes,No,Walter Reed,A2,3.266666667,Breast,Infiltrating Ductal Carcinoma,Anemia,10002034,7.464980578348036,6.930920220044986,SD,1.1718600001,Low Risk
TCGA-A2-A25C,25.54694503444306,1,TCGA-A2-A25C,10.0,Breast Cancer,Breast Invasive Ductal Carcinoma,0.3264,0.333,0.98,34,IDC,Primary,Matched,65,Yes,No,Walter Reed,A2,1.133333333,Breast,Infiltrating Ductal Carcinoma,Anemia,10002034,3.22606284237175,3.9728849831617685,PD,2.5045199999,Low Risk
TCGA-A2-A25D,809.3836407420396,0,TCGA-A2-A25D,7.0,Breast Cancer,Breast Invasive Lobular Carcinoma,0.2363,0.3005,0,49,ILC,Primary,Matched,134,Yes,No,Walter Reed,A2,1.7,Breast,Infiltrating Lobular Carcinoma,Pain,10033371,6.765536651939986,8.960760596804153,PD,2.0409900000000003,Low Risk
TCGA-A2-A25E,301.9173670360799,1,TCGA-A2-A25E,5.0,Breast Cancer,Breast Invasive Ductal Carcinoma,0.3373,0.3265,1.75,50,IDC,Primary,Matched,82,No,Yes,Walter Reed,A2,1.7,Breast,Infiltrating Ductal Carcinoma,Fatigue,10016256,6.999404311419573,4.524668721523681,PR,1.67649,Low Risk
TCGA-A2-A25F,568.3497417073521,1,TCGA-A2-A25F,0.0,Breast Cancer,Breast Invasive Ductal Carcinoma,0.0021,0.3314,0.55,6,IDC,Primary,Matched,11,Yes,No,Walter Reed,A2,0.166666667,Breast,Infiltrating Ductal Carcinoma,Pain,10033371,2.464297694277093,3.284735624722991,PD,0.1169100001,Low Risk
TCGA-A2-A3KC,1905.0124238767803,1,TCGA-A2-A3KC,6.0,Breast Cancer,Breast Invasive Lobular Carcinoma,0.1404,0.2846,0.01,,ILC,Primary,Matched,45,Yes,No,Walter Reed,A2,0.0,Breast,Infiltrating Lobular Carcinoma,Fatigue,10016256,6.085767812074806,6.331003148182507,SD,1.2990400000000002,Low Risk
TCGA-A2-A3KD,229.39105838663866,0,TCGA-A2-A3KD,5.0,Breast Cancer,Breast Invasive Mixed Mucinous Carcinoma,0.2021,0.2961,0,8,IMMC,Primary,Matched,23,Yes,No,Walter Reed,A2,0.233333333,Breast,Mucinous Carcinoma,Nausea,10028813,7.944642198807469,10.682889524656005,PD,1.1898499999,Low Risk
TCGA-A2-A3XS,422.62557990613806,1,TCGA-A2-A3XS,22.0,Breast Cancer,Breast Invasive Ductal Carcinoma,0.5445,0.3169,0.38,,IDC,Primary,Matched,120,No,Yes,Walter Reed,A2,0.0,Breast,Infiltrating Ductal Carcinoma,Nausea,10028813,5.490060980823477,5.112903159357129,SD,4.62673,High Risk
TCGA-A2-A3XT,1126.9993180308668,1,TCGA-A2-A3XT,14.0,Breast Cancer,Breast Invasive Ductal Carcinoma,0.4752,0.3073,0.16,69,IDC,Primary,Matched,101,No,Yes,Walter Reed,A2,2.266666667,Breast,Infiltrating Ductal Carcinoma,Pain,10033371,1.1089280509849668,0.9747926521926883,SD,3.6840200001000003,High Risk
TCGA-A2-A3XU,207.84412553391522,1,TCGA-A2-A3XU,10.0,Breast Cancer,Breast Invasive Ductal Carcinoma,0.3244,0.3179,0.6,21,IDC,Primary,Matched,51,No,Yes,Walter Reed,A2,0.7,Breast,Infiltrating Ductal Carcinoma,Pain,10033371,1.0813462217136296,1.5301705766028195,PD,2.3709,Low Risk
TCGA-A2-A3XV,64.0834228401411,1,TCGA-A2-A3XV,6.0,Breast Cancer,Breast Invasive Ductal Carcinoma,0.1244,0.2941,0.01,37,IDC,Primary,Matched,16,Yes,No,Walter Reed,A2,1.3,Breast,Infiltrating Ductal Carcinoma,Nausea,10028813,4.21326409573011,3.164874504777564,SD,1.6861400000000002,Low Risk
TCGA-A2-A3XW,273.71224310964567,1,TCGA-A2-A3XW,0.0,Breast Cancer,Breast Invasive Ductal Carcinoma,0.0011,0.2963,0,8,IDC,Primary,Matched,58,Yes,No,Walter Reed,A2,0.266666667,Breast,Infiltrating Ductal Carcinoma,Fatigue,10016256,9.335746615886038,12.549225666822412,PD,0.1395900001,Low Risk
TCGA-A2-A3XX,140.64668680005028,0,TCGA-A2-A3XX,23.0,Breast Cancer,Breast Invasive Ductal Carcinoma,0.555,0.3153,0.21,32,IDC,Primary,Matched,76,Yes,No,Walter Reed,A2,1.1,Breast,Infiltrating Ductal Carcinoma,Nausea,10028813,3.058091016432479,3.009224472775754,SD,5.159560000000001,High Risk
TCGA-A2-A3XY,2123.9600687045,0,TCGA-A2-A3XY,8.0,Breast Cancer,Breast Invasive Ductal Carcinoma,0.1367,0.2994,0.02,,IDC,Primary,Matched,182,Yes,No,Walter Reed,A2,0.0,Breast,Infiltrating Ductal Carcinoma,Pain,10033371,6.709273199845184,6.803843374794309,SD,1.70089,Low Risk
TCGA-A2-A3XZ,1320.7096643876555,0,TCGA-A2-A3XZ,9.0,Breast Cancer,Breast Invasive Ductal Carcinoma,0.1157,0.292,0.03,32,IDC,Primary,Matched,125,No,Yes,Walter Reed,A2,1.066666667,Breast,Infiltrating Ductal Carcinoma,Nausea,10028813,2.998682836239885,2.4243399593468715,SD,2.2131100001,Low Risk
TCGA-A2-A3Y0,802.7953524164249,0,TCGA-A2-A3Y0,6.0,Breast Cancer,Breast Invasive Ductal Carcinoma,0.4308,0.3062,0.07,148,IDC,Primary,Matched,184,No,Yes,Walter Reed,A2,4.966666667,Breast,Infiltrating Ductal Carcinoma,Pain,10033371,3.8950299069359375,4.179531462815418,SD,2.8804800001000004,High Risk
TCGA-A2-A4RW,1641.2157844166504,1,TCGA-A2-A4RW,5.0,Breast Cancer,Breast Invasive Lobular Carcinoma,0.3425,0.2918,0,,ILC,Primary,Matched,111,Yes,No,Walter Reed,A2,0.0,Breast,Infiltrating Lobular Carcinoma,Pain,10033371,8.632378806413357,7.123535641549779,SD,1.16111,Low Risk
TCGA-A2-A4RX,1302.3751525924451,0,TCGA-A2-A4RX,20.0,Breast Cancer,Metaplastic Breast Cancer,0.3733,0.3083,0.03,,MBC,Primary,Matched,8,Yes,No,Walter Reed,A2,0.0,Breast,Metaplastic Carcinoma,Nausea,10028813,7.559752980429522,4.076743561567814,PR,4.17365,High Risk
TCGA-A2-A4RY,165.19638108691126,1,TCGA-A2-A4RY,0.0,Breast Cancer,Breast Invasive Lobular Carcinoma,0.004,0.2929,0.01,,ILC,Primary,Matched,6,Yes,No,Walter Reed,A2,0.0,Breast,Infiltrating Lobular Carcinoma,Fatigue,10016256,1.8585934958188957,1.4348315866742787,SD,0.05978,Low Risk
TCGA-A2-A4S0,1784.6507241884487,1,TCGA-A2-A4S0,0.0,Breast Cancer,Breast Invasive Mixed Mucinous Carcinoma,0.0001,0.302,0,,IMMC,Primary,Matched,0,Yes,No,Walter Reed,A2,0.0,Breast,Mucinous Carcinoma,Anemia,10002034,4.858318188877902,2.4601505170488323,PR,0.060430000000000005,Low Risk
TCGA-A2-A4S1,620.0799215729376,1,TCGA-A2-A4S1,26.0,Breast Cancer,Metaplastic Breast Cancer,0.3185,0.2898,0.04,69,MBC,Primary,Matched,187,Yes,No,Walter Reed,A2,2.366666667,Breast,Metaplastic Carcinoma,Nausea,10028813,1.26252787280738,1.8664641245575004,PD,6.0635100001,High Risk
TCGA-A2-A4S2,1317.878633042853,1,TCGA-A2-A4S2,13.0,Breast Cancer,Breast Invasive Lobular Carcinoma,0.328,0.2957,0,27,ILC,Primary,Matched,23,Yes,No,Walter Reed,A2,0.9,Breast,Infiltrating Lobular Carcinoma,Anemia,10002034,5.328011319427081,7.809517725338276,PD,3.02754,High Risk
TCGA-A2-A4S3,1811.394119428985,0,TCGA-A2-A4S3,11.0,Breast Cancer,Breast Invasive Ductal Carcinoma,0.4494,0.3033,0.13,55,IDC,Primary,Matched,203,Yes,No,Walter Reed,A2,1.8,Breast,Infiltrating Ductal Carcinoma,Nausea,10028813,6.9619061053096125,6.231987130672683,SD,2.93548,High Risk
TCGA-A7-A0CD,306.1845731346548,1,TCGA-A7-A0CD,27.0,Breast Cancer,Breast Invasive Ductal Carcinoma,0.5843,0.2652,0.63,22,IDC,Primary,Matched,8,Yes,No,Christiana Healthcare,A7,0.733333333,Breast,Infiltrating Ductal Carcinoma,Anemia,10002034,2.066523612383364,2.538457375256405,PD,5.848329999900001,High Risk
TCGA-A7-A0CE,93.27372809908067,1,TCGA-A7-A0CE,10.0,Breast Cancer,Breast Invasive Ductal Carcinoma,0.4998,0.281,1.68,94,IDC,Primary,Matched,137,Yes,No,Christiana Healthcare,A7,6.0,Breast,Infiltrating Ductal Carcinoma,Fatigue,10016256,3.5999644501824912,3.0448718860250836,SD,4.00614,High Risk
TCGA-A7-A0CG,206.9493969115051,1,TCGA-A7-A0CG,7.0,Breast Cancer,Breast Invasive Carcinoma (NOS),0.1221,0.2301,0.16,47,BRCNOS,Primary,Matched,67,Yes,No,Christiana Healthcare,A7,1.566666667,Breast,Mixed Histology (NOS),Fatigue,10016256,4.580529629519413,5.364226904959746,SD,1.9526500001,Low Risk
TCGA-A7-A0CH,445.6461541988915,0,TCGA-A7-A0CH,3.0,Breast Cancer,Breast Invasive Ductal Carcinoma,0.0627,0.0,0.32,30,IDC,Primary,Matched,9,Yes,No,Christiana Healthcare,A7,1.833333333,Breast,Infiltrating Ductal Carcinoma,Nausea,10028813,9.275779221904447,12.10888086893572,PD,1.1688099999000001,Low Risk
TCGA-A7-A0CJ,1363.063781311156,1,TCGA-A7-A0CJ,22.0,Breast Cancer,Breast Invasive Ductal Carcinoma,0.5648,0.2683,1.26,55,IDC,Primary,Matched,293,Yes,No,Christiana Healthcare,A7,1.766666667,Breast,Infiltrating Ductal Carcinoma,Pain,10033371,9.939295138806676,14.37973730990779,PD,5.1531000001,High Risk
TCGA-A7-A0D9,1577.0759775038666,1,TCGA-A7-A0D9,7.0,Breast Cancer,Breast Invasive Ductal Carcinoma,0.1867,0.2619,0.34,20,IDC,Primary,Matched,132,Yes,No,Christiana Healthcare,A7,1.333333333,Breast,Infiltrating Ductal Carcinoma,Anemia,10002034,1.4042016909605426,1.264079599971548,SD,1.9083899999000002,Low Risk
TCGA-A7-A0DA,5.5811273453205175,1,TCGA-A7-A0DA,16.0,Breast Cancer,Breast Invasive Ductal Carcinoma,0.7563,0.2908,1.1,143,IDC,Primary,Matched,270,Yes,No,Christiana Healthcare,A7,5.033333333,Breast,Infiltrating Ductal Carcinoma,Pain,10033371,7.849071311458529,10.07269738207291,PD,4.9950499999,High Risk
TCGA-A7-A0DB,571.9009274708446,0,TCGA-A7-A0DB,17.0,Breast Cancer,Breast Invasive Ductal Carcinoma,0.3296,0.298,0.64,31,IDC,Primary,Matched,3,Yes,No,Christiana Healthcare,A7,1.033333333,Breast,Infiltrating Ductal Carcinoma,Pain,10033371,4.3455165976210886,3.3283547948120766,SD,3.8684799999000004,High Risk
TCGA-A7-A0DC,432.21865673493704,1,TCGA-A7-A0DC,0.0,Breast Cancer,Breast Invasive Ductal Carcinoma,0.3192,0.0,,,IDC,Primary,Matched,66,Yes,No,Christiana Healthcare,A7,0.0,Breast,Infiltrating Ductal Carcinoma,Pain,10033371,4.5321236760653205,6.754370319228168,PD,0.09576,Low Risk
TCGA-A7-A13D,200.9338706206596,1,TCGA-A7-A13D,28.0,Breast Cancer,Breast Invasive Ductal Carcinoma,0.7824,0.3088,2.07,89,IDC,Primary,Matched,576,Yes,No,Christiana Healthcare,A7,2.933333333,Breast,Infiltrating Ductal Carcinoma,Fatigue,10016256,7.788384760123204,4.094895930352364,PR,6.7764799999,High Risk
TCGA-A7-A13E,102.14431323651745,1,TCGA-A7-A13E,22.0,Breast Cancer,Breast Invasive Ductal Carcinoma,0.6513,0.321,4.87,52,IDC,Primary,Matched,88,Yes,No,Christiana Healthcare,A7,3.1,Breast,Infiltrating Ductal Carcinoma,Nausea,10028813,9.265837889308678,10.22511902722167,SD,5.58959,High Risk
TCGA-A7-A13F,329.52686388994596,1,TCGA-A7-A13F,25.0,Breast Cancer,Breast Invasive Ductal Carcinoma,0.2607,0.28,0.27,36,IDC,Primary,Matched,90,Yes,No,Christiana Healthcare,A7,2.433333333,Breast,Infiltrating Ductal Carcinoma,Nausea,10028813,9.558357350522936,11.082972522692275,SD,5.8642099999,High Risk
TCGA-A7-A13G,2290.4968981529196,1,TCGA-A7-A13G,4.0,Breast Cancer,Breast Invasive Ductal Carcinoma,0.115,0.2762,0.18,20,IDC,Primary,Matched,40,Yes,No,Christiana Healthcare,A7,0.666666667,Breast,Infiltrating Ductal Carcinoma,Fatigue,10016256,6.194103274344887,7.358876875143757,SD,1.0897400001,Low Risk
TCGA-A7-A13H,312.3070423051795,1,TCGA-A7-A13H,5.0,Breast Cancer,Breast Invasive Lobular Carcinoma,0.1215,0.2918,0,,ILC,Primary,Matched,58,Yes,No,Christiana Healthcare,A7,0.0,Breast,Infiltrating Lobular Carcinoma,Fatigue,10016256,4.214090433704525,2.6143693609642127,PR,1.09481,Low Risk
TCGA-A7-A26E,585.1622446081216,0,TCGA-A7-A26E,5.0,Breast Cancer,Breast Invasive Lobular Carcinoma,0.0,0.2833,3.15,38,ILC,Primary,Matched,3,Yes,No,Christiana Healthcare,A7,1.3,Breast,Infiltrating Lobular Carcinoma,Nausea,10028813,8.087941772729014,11.634745127067154,PD,1.44666,Low Risk
TCGA-A7-A26F,971.2695815046839,1,TCGA-A7-A26F,9.0,Breast Cancer,Breast Invasive Carcinoma (NOS),0.3177,0.3293,1.3,39,BRCNOS,Primary,Matched,54,Yes,No,Christiana Healthcare,A7,1.233333333,Breast,Other,Pain,10033371,3.2590124493607022,2.219984786720565,PR,2.3311699999,Low Risk
TCGA-A7-A26G,361.5795991735699,1,TCGA-A7-A26G,10.0,Breast Cancer,Breast Invasive Carcinoma (NOS),0.249,0.3251,0.77,45,BRCNOS,Primary,Matched,417,Yes,No,Christiana Healthcare,A7,1.5,Breast,Other,Anemia,10002034,6.07666625950166,6.822597723208203,SD,2.58972,Low Risk
TCGA-A7-A26H,2854.2385106333595,0,TCGA-A7-A26H,8.0,Breast Cancer,Breast Invasive Ductal Carcinoma,0.2219,0.301,0.18,109,IDC,Primary,Matched,66,Yes,No,Christiana Healthcare,A7,3.666666667,Breast,Infiltrating Ductal Carcinoma,Anemia,10002034,4.227206153723858,3.054900768818135,SD,2.8267700001,High Risk
TCGA-A7-A26I,2625.6078916331185,1,TCGA-A7-A26I,26.0,Breast Cancer,Breast Invasive Ductal Carcinoma,0.6589,0.3156,0.68,35,IDC,Primary,Matched,171,Yes,No,Christiana Healthcare,A7,1.166666667,Breast,Infiltrating Ductal Carcinoma,Anemia,10002034,6.909679663370885,5.577606860630987,SD,5.8107900001,High Risk
TCGA-A7-A26J,232.04903599376422,1,TCGA-A7-A26J,18.0,Breast Cancer,Breast Invasive Ductal Carcinoma,0.0,0.3412,0.35,21,IDC,Primary,Matched,47,Yes,No,Christiana Healthcare,A7,0.766666667,Breast,Infiltrating Ductal Carcinoma,Pain,10033371,3.163590216041562,3.3105660041042153,SD,3.8982400001,High Risk
TCGA-A7-A2KD,550.1274227710778,1,TCGA-A7-A2KD,17.0,Breast Cancer,Breast Invasive Ductal Carcinoma,0.376,0.3212,0.11,31,IDC,Primary,Matched,268,Yes,No,Christiana Healthcare,A7,1.033333333,Breast,Infiltrating Ductal Carcinoma,Nausea,10028813,2.7243365116134317,2.4987435184070166,SD,3.8870399999000003,High Risk
TCGA-A7-A3IY,286.3443680632374,1,TCGA-A7-A3IY,1.0,Breast Cancer,Breast Invasive Mixed Mucinous Carcinoma,0.0079,0.3096,0,,IMMC,Primary,Matched,15,Yes,No,Christiana Healthcare,A7,0.0,Breast,Mucinous Carcinoma,Fatigue,10016256,9.264151780078933,6.1164301765401845,PR,0.26429,Low Risk
TCGA-A7-A3IZ,268.1997411048654,0,TCGA-A7-A3IZ,5.0,Breast Cancer,Breast Invasive Lobular Carcinoma,0.1728,0.2964,0.02,,ILC,Primary,Matched,78,Yes,No,Christiana Healthcare,A7,0.0,Breast,Infiltrating Lobular Carcinoma,Nausea,10028813,1.916233146545832,1.2856705735430427,PR,1.11112,Low Risk
TCGA-A7-A3J0,30.067582212418024,1,TCGA-A7-A3J0,11.0,Breast Cancer,Breast Invasive Mixed Mucinous Carcinoma,0.224,0.2958,0,,IMMC,Primary,Matched,4,Yes,No,Christiana Healthcare,A7,0.0,Breast,Mucinous Carcinoma,Pain,10033371,5.5536211696143845,5.099028332312039,SD,2.32636,Low Risk
TCGA-A7-A3J1,752.3936567860745,0,TCGA-A7-A3J1,6.0,Breast Cancer,Breast Invasive Lobular Carcinoma,0.2148,0.2891,0.01,,ILC,Primary,Matched,26,Yes,No,Christiana Healthcare,A7,0.0,Breast,Infiltrating Lobular Carcinoma,Fatigue,10016256,2.9876750466670803,3.756352980792982,PD,1.3222600000000002,Low Risk
TCGA-A7-A3RF,558.8157062637108,1,TCGA-A7-A3RF,0.0,Breast Cancer,Breast Invasive Mixed Mucinous Carcinoma,0.0023,0.3081,0.01,32,IMMC,Primary,Matched,12,Yes,No,Christiana Healthcare,A7,1.066666667,Breast,Mucinous Carcinoma,Pain,10033371,1.350369669931007,1.8877690587390652,PD,0.38231000010000005,Low Risk
TCGA-A7-A425,42.28086990431398,1,TCGA-A7-A425,25.0,Breast Cancer,Breast Invasive Lobular Carcinoma,0.1447,0.3052,0,26,ILC,Primary,Matched,36,Yes,No,Christiana Healthcare,A7,0.933333333,Breast,Infiltrating Lobular Carcinoma,Anemia,10002034,1.3241693646228376,0.7734839553926305,PR,5.3844499999,High Risk
TCGA-A7-A426,261.3007368082955,1,TCGA-A7-A426,7.0,Breast Cancer,Breast Invasive Lobular Carcinoma,0.1708,0.3006,0,,ILC,Primary,Matched,21,Yes,No,Christiana Healthcare,A7,0.0,Breast,Infiltrating Lobular Carcinoma,Anemia,10002034,2.576995948952446,2.3015251517741766,SD,1.51136,Low Risk
TCGA-A7-A4SA,1911.0887608714722,1,TCGA-A7-A4SA,10.0,Breast Cancer,Breast Invasive Lobular Carcinoma,0.3754,0.2899,0.03,,ILC,Primary,Matched,110,Yes,No,Christiana Healthcare,A7,0.0,Breast,Infiltrating Lobular Carcinoma,Pain,10033371,8.800933190554002,5.282721104251462,PR,2.1706,Low Risk
TCGA-A7-A4SB,219.08844171366164,1,TCGA-A7-A4SB,18.0,Breast Cancer,Breast Invasive Lobular Carcinoma,0.5065,0.3188,0.27,,ILC,Primary,Matched,75,Yes,No,Christiana Healthcare,A7,0.0,Breast,Infiltrating Lobular Carcinoma,Fatigue,10016256,3.54230869579324,1.8299300363262525,PR,3.81571,High Risk
TCGA-A7-A4SC,125.2246887883758,0,TCGA-A7-A4SC,0.0,Breast Cancer,Breast Invasive Lobular Carcinoma,0.0,0.3073,0.01,27,ILC,Primary,Matched,35,Yes,No,Christiana Healthcare,A7,1.8,Breast,Infiltrating Lobular Carcinoma,Fatigue,10016256,9.554132535177661,11.099214262572357,SD,0.60146,Low Risk
TCGA-A7-A4SD,537.817687578909,1,TCGA-A7-A4SD,20.0,Breast Cancer,Breast Invasive Ductal Carcinoma,0.3712,0.3243,0.21,44,IDC,Primary,Matched,241,Yes,No,Christiana Healthcare,A7,2.966666667,Breast,Infiltrating Ductal Carcinoma,Nausea,10028813,6.234600636902742,6.873331993037961,SD,5.0662200000999995,High Risk
TCGA-A7-A4SE,3395.2295860922077,0,TCGA-A7-A4SE,15.0,Breast Cancer,Breast Invasive Ductal Carcinoma,0.7743,0.3212,0.28,93,IDC,Primary,Matched,181,Yes,No,Christiana Healthcare,A7,6.133333333,Breast,Infiltrating Ductal Carcinoma,Anemia,10002034,4.929527707918895,3.2683710924303133,PR,5.1365299999000005,High Risk
TCGA-A7-A4SF,221.71585084778096,1,TCGA-A7-A4SF,22.0,Breast Cancer,Breast Invasive Ductal Carcinoma,0.596,0.313,0.57,,IDC,Primary,Matched,150,Yes,No,Christiana Healthcare,A7,0.0,Breast,Infiltrating Ductal Carcinoma,Nausea,10028813,6.220799512025091,4.564902514023083,SD,4.6414,High Risk
TCGA-A7-A56D,892.1240082378347,0,TCGA-A7-A56D,14.0,Breast Cancer,Breast Invasive Ductal Carcinoma,0.4656,0.2912,0.06,125,IDC,Primary,Matched,220,Yes,No,Christiana Healthcare,A7,8.266666667,Breast,Infiltrating Ductal Carcinoma,Nausea,10028813,5.65028546703641,2.9590983093919068,PR,5.4779200001,High Risk
TCGA-A7-A5ZV,1147.1101009915703,0,TCGA-A7-A5ZV,19.0,Breast Cancer,Breast Invasive Carcinoma (NOS),0.5955,0.0,0.91,161,BRCNOS,Primary,Matched,378,Yes,No,Christiana Healthcare,A7,5.4,Breast,Infiltrating Carcinoma (NOS),Pain,10033371,7.828986283815927,10.451283362999886,PD,5.59865,High Risk
TCGA-A7-A5ZW,217.06653786864462,0,TCGA-A7-A5ZW,2.0,Breast Cancer,Breast Invasive Ductal Carcinoma,0.0489,0.2967,0,28,IDC,Primary,Matched,1,Yes,No,Christiana Healthcare,A7,0.966666667,Breast,Infiltrating Ductal Carcinoma,Pain,10033371,3.5424645937556702,5.224039223246439,PD,0.7640100001000001,Low Risk
TCGA-A7-A5ZX,1042.1991427938528,0,TCGA-A7-A5ZX,3.0,Breast Cancer,Breast Invasive Lobular Carcinoma,0.0684,0.2904,0,31,ILC,Primary,Matched,28,Yes,No,Christiana Healthcare,A7,2.066666667,Breast,Infiltrating Lobular Carcinoma,Nausea,10028813,4.177453524402722,2.6546026815983024,PR,1.2986000001,Low Risk
TCGA-A7-A6VV,366.8182394114432,0,TCGA-A7-A6VV,23.0,Breast Cancer,Breast Invasive Ductal Carcinoma,0.6645,0.3488,0.17,42,IDC,Primary,Matched,346,Yes,No,Christiana Healthcare,A7,1.433333333,Breast,Infiltrating Ductal Carcinoma,Anemia,10002034,9.046848722799256,6.6175456034119,SD,5.299109999900001,High Risk
TCGA-A7-A6VW,800.402998185417,1,TCGA-A7-A6VW,13.0,Breast Cancer,Breast Invasive Ductal Carcinoma,0.5937,0.3487,0.47,56,IDC,Primary,Matched,137,Yes,No,Christiana Healthcare,A7,1.866666667,Breast,Infiltrating Ductal Carcinoma,Pain,10033371,9.518108618353649,13.024670483316527,PD,3.4078500001,High Risk
TCGA-A7-A6VX,803.0702617101106,1,TCGA-A7-A6VX,17.0,Breast Cancer,Breast Invasive Ductal Carcinoma,0.6347,0.355,1.31,119,IDC,Primary,Matched,264,Yes,No,Christiana Healthcare,A7,3.966666667,Breast,Infiltrating Ductal Carcinoma,Nausea,10028813,9.033024047378271,12.885281789652757,PD,4.8514100001000005,High Risk
TCGA-A7-A6VY,613.9081999618791,1,TCGA-A7-A6VY,7.0,Breast Cancer,Breast Invasive Ductal Carcinoma,0.4614,0.3463,0.26,92,IDC,Primary,Matched,218,Yes,No,Christiana Healthcare,A7,3.166666667,Breast,Infiltrating Ductal Carcinoma,Nausea,10028813,4.775031945615822,4.39125013096559,SD,2.5576800001000004,Low Risk
TCGA-A8-A06N,75.70332704929676,0,TCGA-A8-A06N,21.0,Breast Cancer,Breast Invasive Ductal Carcinoma,0.5584,0.0,0.72,34,IDC,Primary,Matched,49,No,Yes,Indivumed,A8,1.133333333,Breast,Infiltrating Ductal Carcinoma,Nausea,10028813,8.023289527061936,4.417803515121413,PR,4.707519999900001,High Risk
TCGA-A8-A06O,1442.9158353970377,1,TCGA-A8-A06O,22.0,Breast Cancer,Breast Invasive Ductal Carcinoma,0.3914,0.2642,0.85,69,IDC,Primary,Matched,114,No,Yes,Indivumed,A8,2.3,Breast,Infiltrating Ductal Carcinoma,Nausea,10028813,5.287021599709889,2.8517762754410603,PR,5.260260000000001,High Risk
TCGA-A8-A06P,309.44823493391726,0,TCGA-A8-A06P,5.0,Breast Cancer,Breast Invasive Ductal Carcinoma,0.0945,0.2424,0.04,32,IDC,Primary,Matched,33,No,Yes,Indivumed,A8,1.066666667,Breast,Infiltrating Ductal Carcinoma,Nausea,10028813,5.477858669314919,5.882945584255726,SD,1.3968300001,Low Risk
TCGA-A8-A06Q,165.14568528604522,1,TCGA-A8-A06Q,20.0,Breast Cancer,Breast Invasive Ductal Carcinoma,0.6549,0.3039,0.37,212,IDC,Primary,Matched,446,No,Yes,Indivumed,A8,7.2,Breast,Infiltrating Ductal Carcinoma,Nausea,10028813,2.8421209815155555,2.5377159232779207,SD,6.41725,High Risk
TCGA-A8-A06R,33.303807835476164,1,TCGA-A8-A06R,20.0,Breast Cancer,Breast Invasive Ductal Carcinoma,0.5927,0.3035,1.23,58,IDC,Primary,Matched,1101,No,Yes,Indivumed,A8,1.933333333,Breast,Infiltrating Ductal Carcinoma,Pain,10033371,6.320172729326648,3.341174656068623,PR,4.8185099999,High Risk
TCGA-A8-A06T,715.0227236756667,1,TCGA-A8-A06T,27.0,Breast Cancer,Breast Invasive Ductal Carcinoma,0.7708,0.2516,0.2,26,IDC,Primary,Matched,77,No,Yes,Indivumed,A8,0.866666667,Breast,Infiltrating Ductal Carcinoma,Anemia,10002034,2.6752230797801313,2.897941801141593,SD,5.9415600001,High Risk
TCGA-A8-A06U,905.4813874138791,1,TCGA-A8-A06U,19.0,Breast Cancer,Breast Invasive Ductal Carcinoma,0.6192,0.2916,1.75,63,IDC,Primary,Matched,779,No,Yes,Indivumed,A8,2.1,Breast,Infiltrating Ductal Carcinoma,Nausea,10028813,3.984082291604744,2.037071381676911,PR,4.67408,High Risk
TCGA-A8-A06X,13.381558046776496,1,TCGA-A8-A06X,11.0,Breast Cancer,Breast Invasive Ductal Carcinoma,0.6033,0.2615,0.54,186,IDC,Primary,Matched,274,No,Yes,Indivumed,A8,6.166666667,Breast,Infiltrating Ductal Carcinoma,Fatigue,10016256,8.695271814579417,11.194049102575287,PD,4.2832900001,High Risk
TCGA-A8-A06Y,574.1044676395907,1,TCGA-A8-A06Y,12.0,Breast Cancer,Breast Invasive Ductal Carcinoma,0.3042,0.2632,0.87,28,IDC,Primary,Matched,20,No,Yes,Indivumed,A8,0.966666667,Breast,Infiltrating Ductal Carcinoma,Pain,10033371,2.863682282897697,2.309367386722825,SD,2.8339000001000003,High Risk
TCGA-A8-A06Z,205.45931764396613,1,TCGA-A8-A06Z,24.0,Breast Cancer,Breast Invasive Ductal Carcinoma,0.7074,0.2674,1.69,70,IDC,Primary,Matched,214,No,Yes,Indivumed,A8,2.333333333,Breast,Infiltrating Ductal Carcinoma,Pain,10033371,1.6404245665608954,0.8862525004174745,PR,5.765699999900001,High Risk
TCGA-A8-A075,828.8994732381535,1,TCGA-A8-A075,19.0,Breast Cancer,Breast Invasive Ductal Carcinoma,0.5033,0.2806,0.47,77,IDC,Primary,Matched,137,No,Yes,Indivumed,A8,2.5,Breast,Infiltrating Ductal Carcinoma,Nausea,10028813,1.6210683335153466,1.7642933211468865,SD,4.75711,High Risk
TCGA-A8-A076,153.283378031307,1,TCGA-A8-A076,20.0,Breast Cancer,Breast Invasive Ductal Carcinoma,0.5527,0.2648,0.25,70,IDC,Primary,Matched,136,No,Yes,Indivumed,A8,2.366666667,Breast,Infiltrating Ductal Carcinoma,Pain,10033371,9.46706068452797,8.498432826992685,SD,4.9287700001,High Risk
TCGA-A8-A079,939.3700220541753,1,TCGA-A8-A079,14.0,Breast Cancer,Breast Invasive Ductal Carcinoma,0.3639,0.267,0.95,64,IDC,Primary,Matched,283,No,Yes,Indivumed,A8,2.133333333,Breast,Infiltrating Ductal Carcinoma,Nausea,10028813,5.562283941656512,8.197696372423202,PD,3.6025699999,High Risk
TCGA-A8-A07B,391.16696078488144,0,TCGA-A8-A07B,16.0,Breast Cancer,Breast Invasive Ductal Carcinoma,0.3844,0.2543,0.68,64,IDC,Primary,Matched,207,No,Yes,Indivumed,A8,2.133333333,Breast,Infiltrating Ductal Carcinoma,Anemia,10002034,4.684708646353165,4.891766502741505,SD,4.0061799999000005,High Risk
TCGA-A8-A07C,2208.2750542434455,1,TCGA-A8-A07C,0.0,Breast Cancer,Breast Invasive Ductal Carcinoma,0.0,0.0,1.74,136,IDC,Primary,Matched,312,No,Yes,Indivumed,A8,4.566666667,Breast,Infiltrating Ductal Carcinoma,Anemia,10002034,8.297907229071265,6.432862804586279,SD,1.3700000001,Low Risk
TCGA-A8-A07E,118.35553075142316,1,TCGA-A8-A07E,6.0,Breast Cancer,Breast Invasive Ductal Carcinoma,0.2136,0.0,0.03,57,IDC,Primary,Matched,93,No,Yes,Indivumed,A8,1.9,Breast,Infiltrating Ductal Carcinoma,Pain,10033371,8.522433351194644,10.307362116187571,PD,1.8340800000000002,Low Risk
TCGA-A8-A07F,333.7059471961374,1,TCGA-A8-A07F,22.0,Breast Cancer,Breast Invasive Ductal Carcinoma,0.6103,0.2604,0.11,27,IDC,Primary,Matched,9,No,Yes,Indivumed,A8,0.933333333,Breast,Infiltrating Ductal Carcinoma,Pain,10033371,3.9897192980404412,3.0780365308285207,SD,4.9151699999,High Risk
TCGA-A8-A07G,96.35542802959714,1,TCGA-A8-A07G,5.0,Breast Cancer,Breast Invasive Ductal Carcinoma,0.2875,0.2784,0.03,59,IDC,Primary,Matched,119,No,Yes,Indivumed,A8,1.966666667,Breast,Infiltrating Ductal Carcinoma,Fatigue,10016256,7.242562517264157,10.17031982746808,PD,1.7319300001,Low Risk
TCGA-A8-A07I,2068.952317720579,1,TCGA-A8-A07I,5.0,Breast Cancer,Breast Invasive Ductal Carcinoma,0.2446,0.2736,0.43,38,IDC,Primary,Matched,273,No,Yes,Indivumed,A8,1.333333333,Breast,Infiltrating Ductal Carcinoma,Pain,10033371,7.940105342666979,6.9453845913738075,SD,1.5280999999,Low Risk
TCGA-A8-A07J,1678.6669657287953,1,TCGA-A8-A07J,6.0,Breast Cancer,Breast Invasive Ductal Carcinoma,0.1612,0.2569,0.08,37,IDC,Primary,Matched,20,No,Yes,Indivumed,A8,1.233333333,Breast,Infiltrating Ductal Carcinoma,Fatigue,10016256,6.891856181793591,7.2355431444399425,SD,1.6697399999000002,Low Risk
TCGA-A8-A07L,238.6618960491911,1,TCGA-A8-A07L,5.0,Breast Cancer,Breast Invasive Ductal Carcinoma,0.4588,0.2776,1.33,81,IDC,Primary,Matched,274,No,Yes,Indivumed,A8,2.666666667,Breast,Infiltrating Ductal Carcinoma,Anemia,10002034,2.3643556732008943,1.3017506415386406,PR,1.9931600001,Low Risk
TCGA-A8-A07O,863.0101912351316,1,TCGA-A8-A07O,11.0,Breast Cancer,Breast Invasive Ductal Carcinoma,0.3136,0.2673,0.07,38,IDC,Primary,Matched,239,No,Yes,Indivumed,A8,1.266666667,Breast,Infiltrating Ductal Carcinoma,Anemia,10002034,8.882947751653514,8.226686568426338,SD,2.7275400001000003,Low Risk
TCGA-A8-A07P,1359.587258111377,1,TCGA-A8-A07P,5.0,Breast Cancer,Breast Invasive Ductal Carcinoma,0.283,0.2679,0.54,46,IDC,Primary,Matched,62,No,Yes,Indivumed,A8,1.533333333,Breast,Infiltrating Ductal Carcinoma,Nausea,10028813,5.851850974624078,7.79679287811878,PD,1.5984799999,Low Risk
TCGA-A8-A07R,648.1058885492065,0,TCGA-A8-A07R,13.0,Breast Cancer,Breast Invasive Ductal Carcinoma,0.7041,0.2971,3.2,,IDC,Primary,Matched,267,No,Yes,Indivumed,A8,0.0,Breast,Infiltrating Ductal Carcinoma,Anemia,10002034,3.542251837330033,4.624936879706061,PD,2.87065,High Risk
TCGA-A8-A07S,603.4235281551569,0,TCGA-A8-A07S,5.0,Breast Cancer,Breast Invasive Carcinoma (NOS),0.1065,0.0,,,BRCNOS,Primary,Matched,13,No,Yes,Indivumed,A8,0.0,Breast,Mixed Histology (NOS),Fatigue,10016256,4.827053668939245,3.4963245569947,SD,1.03195,Low Risk
TCGA-A8-A07U,221.5016363503225,1,TCGA-A8-A07U,26.0,Breast Cancer,Breast Invasive Ductal Carcinoma,0.0901,0.2869,0.01,62,IDC,Primary,Matched,75,No,Yes,Indivumed,A8,2.066666667,Breast,Infiltrating Ductal Carcinoma,Pain,10033371,1.3381398135901663,0.9715953127337955,SD,5.9044100001,High Risk
TCGA-A8-A07W,78.18091237995259,1,TCGA-A8-A07W,26.0,Breast Cancer,Breast Invasive Ductal Carcinoma,0.4787,0.2628,0.97,128,IDC,Primary,Matched,227,No,Yes,Indivumed,A8,4.3,Breast,Infiltrating Ductal Carcinoma,Nausea,10028813,2.150801211001758,2.833261860767278,PD,6.68617,High Risk
TCGA-A8-A07Z,1820.0985801556183,1,TCGA-A8-A07Z,11.0,Breast Cancer,Breast Invasive Ductal Carcinoma,0.8203,0.2957,2.61,14,IDC,Primary,Matched,8,No,Yes,Indivumed,A8,0.5,Breast,Infiltrating Ductal Carcinoma,Fatigue,10016256,7.8899207546427474,11.285730182702158,PD,2.6552300000000004,Low Risk
TCGA-A8-A081,1845.4195421187414,1,TCGA-A8-A081,22.0,Breast Cancer,Breast Invasive Ductal Carcinoma,0.645,0.2701,0.84,108,IDC,Primary,Matched,181,No,Yes,Indivumed,A8,3.666666667,Breast,Infiltrating Ductal Carcinoma,Pain,10033371,1.0001047127982954,0.5954232631810658,PR,5.7475200001,High Risk
TCGA-A8-A082,802.1359355863078,0,TCGA-A8-A082,5.0,Breast Cancer,Breast Invasive Ductal Carcinoma,0.1231,0.2483,0.1,20,IDC,Primary,Matched,38,No,Yes,Indivumed,A8,0.666666667,Breast,Infiltrating Ductal Carcinoma,Nausea,10028813,4.749092456340629,4.5119163175803285,SD,1.2865900001,Low Risk
TCGA-A8-A083,331.23720784905913,1,TCGA-A8-A083,8.0,Breast Cancer,Breast Invasive Ductal Carcinoma,0.1819,0.2715,0.2,29,IDC,Primary,Matched,12,No,Yes,Indivumed,A8,0.966666667,Breast,Infiltrating Ductal Carcinoma,Anemia,10002034,5.702591629770296,4.775659761536731,SD,1.9988700001000002,Low Risk
TCGA-A8-A085,343.65409264931515,1,TCGA-A8-A085,4.0,Breast Cancer,Breast Invasive Ductal Carcinoma,0.2398,0.2599,0.45,61,IDC,Primary,Matched,87,No,Yes,Indivumed,A8,2.0,Breast,Infiltrating Ductal Carcinoma,Fatigue,10016256,1.4917097800087507,2.044669374350951,PD,1.52392,Low Risk
TCGA-A8-A086,1035.5723437816944,1,TCGA-A8-A086,13.0,Breast Cancer,Breast Invasive Ductal Carcinoma,0.2758,0.0,0.31,18,IDC,Primary,Matched,53,No,Yes,Indivumed,A8,0.6,Breast,Infiltrating Ductal Carcinoma,Pain,10033371,9.757703466750996,5.693863082908798,PR,2.86274,High Risk
TCGA-A8-A08A,1819.2778792858019,0,TCGA-A8-A08A,3.0,Breast Cancer,Breast Invasive Ductal Carcinoma,0.0864,0.0,0.06,24,IDC,Primary,Matched,12,No,Yes,Indivumed,A8,0.8,Breast,Infiltrating Ductal Carcinoma,Nausea,10028813,3.0351279812470473,2.15835824644858,SD,0.86592,Low Risk
TCGA-A8-A08B,1744.9060555172905,1,TCGA-A8-A08B,19.0,Breast Cancer,Breast Invasive Ductal Carcinoma,0.3997,0.2653,0.63,47,IDC,Primary,Matched,229,No,Yes,Indivumed,A8,1.566666667,Breast,Infiltrating Ductal Carcinoma,Nausea,10028813,3.7377884767265277,4.681461719695629,PD,4.4429700001,High Risk
TCGA-A8-A08C,1210.8497535447225,1,TCGA-A8-A08C,15.0,Breast Cancer,Breast Invasive Ductal Carcinoma,0.6502,0.2634,0.16,,IDC,Primary,Matched,1,No,Yes,Indivumed,A8,0.0,Breast,Infiltrating Ductal Carcinoma,Anemia,10002034,3.735482610295246,2.059348586032064,PR,3.24774,High Risk
TCGA-A8-A08G,821.848554854164,1,TCGA-A8-A08G,24.0,Breast Cancer,Breast Invasive Ductal Carcinoma,0.5338,0.2544,0.35,44,IDC,Primary,Matched,257,No,Yes,Indivumed,A8,1.466666667,Breast,Infiltrating Ductal Carcinoma,Pain,10033371,3.073749959056149,3.0508055858323258,SD,5.451020000100001,High Risk
TCGA-A8-A08H,70.31338095686725,1,TCGA-A8-A08H,0.0,Breast Cancer,Breast Invasive Ductal Carcinoma,0.0,0.2613,0.02,107,IDC,Primary,Matched,4,No,Yes,Indivumed,A8,3.566666667,Breast,Infiltrating Ductal Carcinoma,Anemia,10002034,1.0132643987768026,0.9546035180781428,SD,1.1222600000999998,Low Risk
TCGA-A8-A08I,141.0353717467292,1,TCGA-A8-A08I,19.0,Breast Cancer,Breast Invasive Ductal Carcinoma,0.6372,0.0,1.21,33,IDC,Primary,Matched,266,No,Yes,Indivumed,A8,1.133333333,Breast,Infiltrating Ductal Carcinoma,Anemia,10002034,7.564103146791967,6.311496583675721,SD,4.331159999900001,High Risk
TCGA-A8-A08J,1830.5844001420046,1,TCGA-A8-A08J,16.0,Breast Cancer,Breast Invasive Ductal Carcinoma,0.4491,0.271,0.49,35,IDC,Primary,Matched,383,No,Yes,Indivumed,A8,1.2,Breast,Infiltrating Ductal Carcinoma,Pain,10033371,9.701609498193568,8.678791271119081,SD,3.74893,High Risk
TCGA-A8-A08L,745.9951575724716,1,TCGA-A8-A08L,9.0,Breast Cancer,Breast Invasive Ductal Carcinoma,0.5383,0.2911,1,195,IDC,Primary,Matched,149,No,Yes,Indivumed,A8,6.533333333,Breast,Infiltrating Ductal Carcinoma,Pain,10033371,3.0186413495654056,3.1090212433032645,SD,3.9797099999,High Risk
TCGA-A8-A08O,7.391684488795527,1,TCGA-A8-A08O,7.0,Breast Cancer,Breast Invasive Ductal Carcinoma,0.6432,0.2784,0.08,21,IDC,Primary,Matched,317,No,Yes,Indivumed,A8,0.7,Breast,Infiltrating Ductal Carcinoma,Pain,10033371,6.967424726230802,4.608027285957169,PR,1.85864,Low Risk
TCGA-A8-A08P,85.59752114875945,1,TCGA-A8-A08P,0.0,Breast Cancer,Breast Invasive Ductal Carcinoma,0.5434,0.26,0.19,66,IDC,Primary,Matched,517,No,Yes,Indivumed,A8,2.2,Breast,Infiltrating Ductal Carcinoma,Fatigue,10016256,7.677066942628436,8.229784119804906,SD,0.8750200000000001,Low Risk
TCGA-A8-A08R,871.3299098321928,1,TCGA-A8-A08R,17.0,Breast Cancer,Breast Invasive Ductal Carcinoma,0.5152,0.2989,0.41,227,IDC,Primary,Matched,179,No,Yes,Indivumed,A8,7.566666667,Breast,Infiltrating Ductal Carcinoma,Pain,10033371,8.635828411814723,11.273489599070295,PD,5.8843400001,High Risk
TCGA-A8-A08T,4.059549641437602,1,TCGA-A8-A08T,8.0,Breast Cancer,Breast Invasive Ductal Carcinoma,0.2105,0.2501,0.24,39,IDC,Primary,Matched,83,No,Yes,Indivumed,A8,1.3,Breast,Infiltrating Ductal Carcinoma,Nausea,10028813,4.803662773122483,6.053388146576402,PD,2.10317,Low Risk
TCGA-A8-A08X,140.25265288335925,1,TCGA-A8-A08X,23.0,Breast Cancer,Breast Invasive Ductal Carcinoma,0.3454,0.266,0,33,IDC,Primary,Matched,190,No,Yes,Indivumed,A8,1.1,Breast,Infiltrating Ductal Carcinoma,Anemia,10002034,3.726378150763863,2.4366783176374507,PR,5.08682,High Risk
TCGA-A8-A08Z,636.5582769111453,0,TCGA-A8-A08Z,6.0,Breast Cancer,Breast Invasive Ductal Carcinoma,0.1054,0.251,0.16,29,IDC,Primary,Matched,31,No,Yes,Indivumed,A8,0.966666667,Breast,Infiltrating Ductal Carcinoma,Fatigue,10016256,3.92765620620728,2.5500287092068854,PR,1.5718200001000002,Low Risk
TCGA-A8-A090,941.8522293238501,1,TCGA-A8-A090,17.0,Breast Cancer,Breast Invasive Ductal Carcinoma,0.2863,0.2517,0.5,34,IDC,Primary,Matched,141,No,Yes,Indivumed,A8,1.133333333,Breast,Infiltrating Ductal Carcinoma,Pain,10033371,7.413591997886615,5.6949313456952995,SD,3.8762299999000005,High Risk
TCGA-A8-A091,844.3531857081989,1,TCGA-A8-A091,17.0,Breast Cancer,Breast Invasive Ductal Carcinoma,0.3068,0.277,0.28,19,IDC,Primary,Matched,90,No,Yes,Indivumed,A8,0.633333333,Breast,Infiltrating Ductal Carcinoma,Fatigue,10016256,8.351015198550725,7.1908481267619075,SD,3.7374399999000003,High Risk
TCGA-A8-A092,203.1598938464196,1,TCGA-A8-A092,24.0,Breast Cancer,Breast Invasive Ductal Carcinoma,0.5728,0.2734,1.22,70,IDC,Primary,Matched,40,No,Yes,Indivumed,A8,2.366666667,Breast,Infiltrating Ductal Carcinoma,Pain,10033371,2.6345257098094237,2.3933495854405153,SD,5.7365200001000005,High Risk
TCGA-A8-A093,996.3338311188311,1,TCGA-A8-A093,22.0,Breast Cancer,Breast Invasive Ductal Carcinoma,0.4219,0.2626,0.42,91,IDC,Primary,Matched,29,No,Yes,Indivumed,A8,3.033333333,Breast,Infiltrating Ductal Carcinoma,Fatigue,10016256,4.338469073419887,5.118079891230983,SD,5.4890899999,High Risk
TCGA-A8-A094,216.65900724224474,0,TCGA-A8-A094,11.0,Breast Cancer,Breast Invasive Ductal Carcinoma,0.4871,0.2589,0.36,173,IDC,Primary,Matched,216,No,Yes,Indivumed,A8,5.766666667,Breast,Infiltrating Ductal Carcinoma,Anemia,10002034,9.11746177074235,5.075512558792335,PR,4.1279100001,High Risk
TCGA-A8-A095,314.90792713446757,1,TCGA-A8-A095,9.0,Breast Cancer,Breast Invasive Ductal Carcinoma,0.0741,0.2437,0.2,128,IDC,Primary,Matched,9,No,Yes,Indivumed,A8,4.266666667,Breast,Infiltrating Ductal Carcinoma,Anemia,10002034,8.260241677252653,4.416525755137534,PR,3.1509700001,High Risk
TCGA-A8-A096,1097.8860413326324,0,TCGA-A8-A096,2.0,Breast Cancer,Breast Invasive Ductal Carcinoma,0.0683,0.2556,0.1,29,IDC,Primary,Matched,4,No,Yes,Indivumed,A8,0.966666667,Breast,Infiltrating Ductal Carcinoma,Nausea,10028813,9.863725624862283,8.79756107479518,SD,0.7616100001,Low Risk
TCGA-A8-A097,839.0190514422145,1,TCGA-A8-A097,17.0,Breast Cancer,Breast Invasive Ductal Carcinoma,0.3867,0.277,0.29,89,IDC,Primary,Matched,232,No,Yes,Indivumed,A8,3.033333333,Breast,Infiltrating Ductal Carcinoma,Nausea,10028813,7.788234337138727,9.323791374284795,SD,4.4814099999,High Risk
TCGA-A8-A099,1513.5648619707208,1,TCGA-A8-A099,5.0,Breast Cancer,Breast Invasive Ductal Carcinoma,0.1923,0.2753,0.62,27,IDC,Primary,Matched,27,No,Yes,Indivumed,A8,0.9,Breast,Infiltrating Ductal Carcinoma,Pain,10033371,4.5387568092513,3.1473343846192456,PR,1.3827500000000001,Low Risk
TCGA-A8-A09A,857.45063053581,0,TCGA-A8-A09A,13.0,Breast Cancer,Breast Invasive Ductal Carcinoma,0.426,0.256,0.03,206,IDC,Primary,Matched,196,No,Yes,Indivumed,A8,6.966666667,Breast,Infiltrating Ductal Carcinoma,Anemia,10002034,6.31574050595174,7.209446089995537,SD,4.8690000001,High Risk
TCGA-A8-A09B,672.035444469806,0,TCGA-A8-A09B,26.0,Breast Cancer,Breast Invasive Ductal Carcinoma,0.5104,0.2659,0.27,40,IDC,Primary,Matched,49,No,Yes,Indivumed,A8,1.333333333,Breast,Infiltrating Ductal Carcinoma,Fatigue,10016256,6.949128288225882,5.280143207550933,SD,5.8062999999,High Risk
TCGA-A8-A09C,78.68564915872838,0,TCGA-A8-A09C,19.0,Breast Cancer,Breast Invasive Ductal Carcinoma,0.4981,0.2644,1.23,25,IDC,Primary,Matched,214,No,Yes,Indivumed,A8,0.8,Breast,Infiltrating Ductal Carcinoma,Fatigue,10016256,1.7061023468541157,2.3648047631886295,PD,4.24231,High Risk
TCGA-A8-A09D,366.73304576561605,0,TCGA-A8-A09D,4.0,Breast Cancer,Breast Invasive Ductal Carcinoma,0.2338,0.2589,0.16,35,IDC,Primary,Matched,351,No,Yes,Indivumed,A8,1.3,Breast,Infiltrating Ductal Carcinoma,Fatigue,10016256,5.900472631934786,8.235230318811757,PD,1.3119200000000002,Low Risk
TCGA-A8-A09G,246.52811828706493,1,TCGA-A8-A09G,9.0,Breast Cancer,Breast Invasive Ductal Carcinoma,0.2213,0.2422,0.11,238,IDC,Primary,Matched,70,No,Yes,Indivumed,A8,8.033333333,Breast,Infiltrating Ductal Carcinoma,Nausea,10028813,7.383887456253486,5.887078986724298,SD,4.3248299998999995,High Risk
TCGA-A8-A09I,223.76016292993702,0,TCGA-A8-A09I,16.0,Breast Cancer,Breast Invasive Ductal Carcinoma,0.3571,0.275,0.21,128,IDC,Primary,Matched,231,No,Yes,Indivumed,A8,4.3,Breast,Infiltrating Ductal Carcinoma,Fatigue,10016256,2.505891736009543,1.8292853153950681,SD,4.65213,High Risk
TCGA-A8-A09M,2889.8475249303406,1,TCGA-A8-A09M,2.0,Breast Cancer,Breast Invasive Ductal Carcinoma,0.4565,0.2519,0.31,131,IDC,Primary,Matched,148,No,Yes,Indivumed,A8,4.366666667,Breast,Infiltrating Ductal Carcinoma,Nausea,10028813,8.025685456830015,7.313839035363379,SD,1.8973300000999997,Low Risk
TCGA-A8-A09N,399.509997632019,0,TCGA-A8-A09N,14.0,Breast Cancer,Breast Invasive Ductal Carcinoma,0.6977,0.2927,0.97,58,IDC,Primary,Matched,327,No,Yes,Indivumed,A8,1.966666667,Breast,Infiltrating Ductal Carcinoma,Nausea,10028813,6.253955024627005,4.631251228032392,SD,3.6578500001000003,High Risk
TCGA-A8-A09Q,1780.8441689988183,1,TCGA-A8-A09Q,24.0,Breast Cancer,Breast Invasive Ductal Carcinoma,0.5959,0.2681,0.94,129,IDC,Primary,Matched,598,No,Yes,Indivumed,A8,4.3,Breast,Infiltrating Ductal Carcinoma,Pain,10033371,9.569996071278352,11.219708774331817,SD,6.32239,High Risk
TCGA-A8-A09R,797.8675085891865,0,TCGA-A8-A09R,20.0,Breast Cancer,Breast Invasive Ductal Carcinoma,0.4749,0.0,0.41,66,IDC,Primary,Matched,105,No,Yes,Indivumed,A8,2.166666667,Breast,Infiltrating Ductal Carcinoma,Fatigue,10016256,1.3818006838620254,1.8323570879541018,PD,4.7924700001,High Risk
TCGA-A8-A09T,1267.0602021507198,1,TCGA-A8-A09T,13.0,Breast Cancer,Breast Invasive Lobular Carcinoma,0.093,0.282,0.26,22,ILC,Primary,Matched,27,No,Yes,Indivumed,A8,0.733333333,Breast,Infiltrating Lobular Carcinoma,Fatigue,10016256,3.3879352379992027,3.974360167733686,SD,2.9042999999,High Risk
TCGA-A8-A09V,558.7482595110164,1,TCGA-A8-A09V,3.0,Breast Cancer,Breast Invasive Lobular Carcinoma,0.0703,0.2656,0.18,30,ILC,Primary,Matched,25,No,Yes,Indivumed,A8,1.033333333,Breast,Infiltrating Lobular Carcinoma,Anemia,10002034,6.413984913698417,8.494363789107078,PD,0.9842099999,Low Risk
TCGA-A8-A09W,688.124722113268,1,TCGA-A8-A09W,7.0,Breast Cancer,Breast Invasive Lobular Carcinoma,0.3816,0.2509,0.52,80,ILC,Primary,Matched,111,No,Yes,Indivumed,A8,2.7,Breast,Infiltrating Lobular Carcinoma,Pain,10033371,3.669039209853376,3.2910994140703824,SD,2.3746600000000004,Low Risk
TCGA-A8-A09X,542.6347466733548,0,TCGA-A8-A09X,21.0,Breast Cancer,Breast Invasive Lobular Carcinoma,0.1791,0.2478,0.01,47,ILC,Primary,Matched,92,No,Yes,Indivumed,A8,1.533333333,Breast,Infiltrating Lobular Carcinoma,Anemia,10002034,7.42981747664118,4.876315299188891,PR,4.7632899999000005,High Risk
TCGA-A8-A09Z,173.7719162601908,1,TCGA-A8-A09Z,4.0,Breast Cancer,Breast Invasive Lobular Carcinoma,0.1205,0.7713,26.38,1095,ILC,Primary,Matched,15,No,Yes,Indivumed,A8,36.93333333,Breast,Infiltrating Lobular Carcinoma,Pain,10033371,7.831047542697379,9.694452724597806,PD,12.070409999,High Risk
TCGA-A8-A0A1,1025.4094424526431,1,TCGA-A8-A0A1,3.0,Breast Cancer,Breast Invasive Lobular Carcinoma,0.117,0.2575,0.03,45,ILC,Primary,Matched,19,No,Yes,Indivumed,A8,1.5,Breast,Infiltrating Lobular Carcinoma,Fatigue,10016256,1.9226436765982702,1.6543858661844344,SD,1.1366,Low Risk
TCGA-A8-A0A2,263.66189469301037,1,TCGA-A8-A0A2,17.0,Breast Cancer,Breast Invasive Lobular Carcinoma,0.3321,0.2664,0.12,28,ILC,Primary,Matched,28,No,Yes,Indivumed,A8,0.933333333,Breast,Infiltrating Lobular Carcinoma,Nausea,10028813,5.624690177860909,6.588035506281343,SD,3.8329099999000005,High Risk
TCGA-A8-A0A4,19.69318486455089,1,TCGA-A8-A0A4,7.0,Breast Cancer,Breast Invasive Lobular Carcinoma,0.2609,0.2617,0.25,23,ILC,Primary,Matched,82,No,Yes,Indivumed,A8,0.8,Breast,Infiltrating Lobular Carcinoma,Nausea,10028813,5.580015000319503,4.300204756163605,SD,1.77061,Low Risk
TCGA-A8-A0A6,829.5750290362191,0,TCGA-A8-A0A6,17.0,Breast Cancer,Breast Invasive Lobular Carcinoma,0.1429,0.2919,0.12,25,ILC,Primary,Matched,56,No,Yes,Indivumed,A8,0.866666667,Breast,Infiltrating Lobular Carcinoma,Nausea,10028813,4.3235269319398695,2.512961979728224,PR,3.7612500001000004,High Risk
TCGA-A8-A0A7,155.94685617985814,1,TCGA-A8-A0A7,15.0,Breast Cancer,Breast Invasive Lobular Carcinoma,0.0491,0.217,0,194,ILC,Primary,Matched,58,No,Yes,Indivumed,A8,6.5,Breast,Infiltrating Lobular Carcinoma,Nausea,10028813,9.396323763127048,14.024781793352508,PD,5.0081299999999995,High Risk
TCGA-A8-A0A9,2256.8665178186425,0,TCGA-A8-A0A9,33.0,Breast Cancer,Breast Invasive Ductal Carcinoma,0.4832,0.2626,0.3,51,IDC,Primary,Matched,55,No,Yes,Indivumed,A8,1.733333333,Breast,Infiltrating Ductal Carcinoma,Nausea,10028813,8.44755687885899,5.543299562236776,PR,7.317479999900001,High Risk
TCGA-A8-A0AB,2462.049930230419,1,TCGA-A8-A0AB,17.0,Breast Cancer,Breast Invasive Lobular Carcinoma,0.2947,0.2865,0.22,30,ILC,Primary,Matched,40,No,Yes,Indivumed,A8,1.0,Breast,Infiltrating Lobular Carcinoma,Anemia,10002034,7.274884437186731,10.828090724966934,PD,3.8457100000000004,High Risk
TCGA-A8-A0AD,1970.8079077070731,1,TCGA-A8-A0AD,8.0,Breast Cancer,Breast Invasive Carcinoma (NOS),0.1633,0.2601,0.09,24,BRCNOS,Primary,Matched,248,No,Yes,Indivumed,A8,0.8,Breast,Mixed Histology (NOS),Pain,10033371,7.428939721614978,10.974623570987578,PD,1.9410100000000001,Low Risk
TCGA-AC-A23C,369.8299171978934,0,TCGA-AC-A23C,4.0,Breast Cancer,Breast Invasive Ductal Carcinoma,0.1676,0.3232,0.77,111,IDC,Primary,Matched,196,No,Yes,International Genomics Consortium,AC,3.733333333,Breast,Infiltrating Ductal Carcinoma,Fatigue,10016256,5.1554452943180715,6.670208455496232,PD,2.0349199999,Low Risk
TCGA-AC-A23E,12.461852297555506,1,TCGA-AC-A23E,19.0,Breast Cancer,Breast Invasive Ductal Carcinoma,0.1121,0.3013,0.05,19,IDC,Primary,Matched,11,,,International Genomics Consortium,AC,0.633333333,Breast,Infiltrating Ductal Carcinoma,Anemia,10002034,9.288950689869182,10.769822723481742,SD,4.0838899999,High Risk
TCGA-AC-A23G,2108.418765865512,1,TCGA-AC-A23G,18.0,Breast Cancer,Breast Invasive Lobular Carcinoma,0.0984,0.3164,0.01,,ILC,Primary,Matched,23,No,Yes,International Genomics Consortium,AC,0.0,Breast,Infiltrating Lobular Carcinoma,Pain,10033371,7.251358845279569,7.8155656873428825,SD,3.6928,High Risk
TCGA-AC-A23H,447.15062164244904,1,TCGA-AC-A23H,16.0,Breast Cancer,Breast Invasive Ductal Carcinoma,0.2724,0.3208,0.54,4259,IDC,Primary,Matched,215,No,Yes,International Genomics Consortium,AC,142.6666667,Breast,Infiltrating Ductal Carcinoma,Nausea,10028813,7.560829554902348,10.328860939290504,PD,46.14588001,High Risk
TCGA-AC-A2B8,2720.673612897645,0,TCGA-AC-A2B8,3.0,Breast Cancer,Breast Invasive Lobular Carcinoma,0.1088,0.3158,0.54,83,ILC,Primary,Matched,28,Yes,No,International Genomics Consortium,AC,2.766666667,Breast,Infiltrating Lobular Carcinoma,Pain,10033371,8.755218134086107,6.911715215447202,SD,1.5258000001,Low Risk
TCGA-AC-A2BK,2650.9883809041644,1,TCGA-AC-A2BK,14.0,Breast Cancer,Breast Invasive Ductal Carcinoma,0.5065,0.3604,2.61,79,IDC,Primary,Matched,199,No,Yes,International Genomics Consortium,AC,2.633333333,Breast,Infiltrating Ductal Carcinoma,Pain,10033371,3.4666443040797192,3.3546065634256554,SD,3.8140299999,High Risk
TCGA-AC-A2BM,1533.9096137435351,0,TCGA-AC-A2BM,18.0,Breast Cancer,Breast Invasive Ductal Carcinoma,0.3919,0.3186,0.26,20,IDC,Primary,Matched,267,No,Yes,International Genomics Consortium,AC,0.7,Breast,Infiltrating Ductal Carcinoma,Nausea,10028813,8.263638134800328,9.250233638569997,SD,3.9912900000000002,High Risk
TCGA-AC-A2FB,279.0208545377282,0,TCGA-AC-A2FB,4.0,Breast Cancer,Breast Invasive Lobular Carcinoma,0.0024,0.3286,0.01,10,ILC,Primary,Matched,44,No,Yes,International Genomics Consortium,AC,0.333333333,Breast,Infiltrating Lobular Carcinoma,Nausea,10028813,2.7571654266084282,2.512302877122242,SD,0.9664399999000001,Low Risk
TCGA-AC-A2FE,389.03354567895485,1,TCGA-AC-A2FE,5.0,Breast Cancer,Breast Invasive Lobular Carcinoma,0.1862,0.259,0,,ILC,Primary,Matched,60,No,Yes,International Genomics Consortium,AC,0.0,Breast,Infiltrating Lobular Carcinoma,Nausea,10028813,4.1080775702039904,3.810186298716263,SD,1.10766,Low Risk
TCGA-AC-A2FF,1523.7813219824639,1,TCGA-AC-A2FF,0.0,Breast Cancer,Breast Invasive Lobular Carcinoma,0.0011,0.322,0.21,16,ILC,Primary,Matched,38,No,Yes,International Genomics Consortium,AC,0.533333333,Breast,Infiltrating Lobular Carcinoma,Fatigue,10016256,4.020494088428585,3.3381545974050235,SD,0.22472999989999998,Low Risk
TCGA-AC-A2FG,304.9169851445737,1,TCGA-AC-A2FG,3.0,Breast Cancer,Breast Invasive Lobular Carcinoma,0.0788,0.3255,0.66,27,ILC,Primary,Matched,14,No,Yes,International Genomics Consortium,AC,0.9,Breast,Infiltrating Lobular Carcinoma,Nausea,10028813,9.806729215502266,10.43663324874729,SD,0.9587400000000001,Low Risk
TCGA-AC-A2FK,148.57489303660384,1,TCGA-AC-A2FK,0.0,Breast Cancer,Breast Invasive Lobular Carcinoma,0.0,0.2964,0,1,ILC,Primary,Matched,0,No,Yes,International Genomics Consortium,AC,0.033333333,Breast,Infiltrating Lobular Carcinoma,Fatigue,10016256,8.708835013731342,11.761930738231724,PD,0.0692799999,Low Risk
TCGA-AC-A2FM,650.9895936481822,1,TCGA-AC-A2FM,11.0,Breast Cancer,Breast Invasive Lobular Carcinoma,0.4843,0.3114,0.07,,ILC,Primary,Matched,124,No,Yes,International Genomics Consortium,AC,0.0,Breast,Infiltrating Lobular Carcinoma,Nausea,10028813,7.310528754312338,5.128543379381245,SD,2.40757,Low Risk
TCGA-AC-A2FO,2201.0347766456334,1,TCGA-AC-A2FO,2.0,Breast Cancer,Breast Invasive Lobular Carcinoma,0.1185,0.3027,0,24,ILC,Primary,Matched,49,No,Yes,International Genomics Consortium,AC,0.8,Breast,Infiltrating Lobular Carcinoma,Fatigue,10016256,7.5435108545385114,10.820661197945247,PD,0.73609,Low Risk
TCGA-AC-A2QH,952.6604782063497,1,TCGA-AC-A2QH,18.0,Breast Cancer,Metaplastic Breast Cancer,0.4092,0.3517,1.54,27,MBC,Primary,Matched,163,Yes,No,International Genomics Consortium,AC,0.9,Breast,Metaplastic Carcinoma,Pain,10033371,6.05865514962314,7.2042720367350075,SD,4.0631,High Risk
TCGA-AC-A2QI,675.2898691485244,0,TCGA-AC-A2QI,5.0,Breast Cancer,Breast Invasive Lobular Carcinoma,0.0938,0.3177,0,,ILC,Primary,Matched,12,Yes,No,International Genomics Consortium,AC,0.0,Breast,Infiltrating Lobular Carcinoma,Anemia,10002034,9.523816003976671,12.602610600555698,PD,1.09168,Low Risk
TCGA-AC-A2QJ,81.78255787945831,0,TCGA-AC-A2QJ,23.0,Breast Cancer,Metaplastic Breast Cancer,0.1854,0.3069,0,,MBC,Primary,Matched,25,Yes,No,International Genomics Consortium,AC,0.0,Breast,Metaplastic Carcinoma,Pain,10033371,5.466328775941254,5.773485576004757,SD,4.7170000000000005,High Risk
TCGA-AC-A3BB,763.6245724141742,0,TCGA-AC-A3BB,13.0,Breast Cancer,Breast Invasive Lobular Carcinoma,0.1171,0.3178,0,,ILC,Primary,Matched,8,Yes,No,International Genomics Consortium,AC,0.0,Breast,Infiltrating Lobular Carcinoma,Pain,10033371,4.424659388829051,5.6614255861195595,PD,2.69869,Low Risk
TCGA-AC-A3EH,3688.455798277054,1,TCGA-AC-A3EH,13.0,Breast Cancer,Breast Invasive Lobular Carcinoma,0.3579,0.3295,0.18,,ILC,Primary,Matched,57,Yes,No,International Genomics Consortium,AC,0.0,Breast,Infiltrating Lobular Carcinoma,Nausea,10028813,2.467318032384319,1.2736305486796178,PR,2.77327,Low Risk
TCGA-AC-A3HN,120.73646931381133,1,TCGA-AC-A3HN,5.0,Breast Cancer,Breast Invasive Lobular Carcinoma,0.1499,0.2907,0.02,13,ILC,Primary,Matched,19,Yes,No,International Genomics Consortium,AC,0.433333333,Breast,Infiltrating Lobular Carcinoma,Fatigue,10016256,8.075850870349523,10.647043700907583,PD,1.2331099999,Low Risk
TCGA-AC-A3OD,584.396259985203,1,TCGA-AC-A3OD,6.0,Breast Cancer,Breast Invasive Lobular Carcinoma,0.267,0.2962,0.05,28,ILC,Primary,Matched,111.5,Yes,No,International Genomics Consortium,AC,0.933333333,Breast,Infiltrating Lobular Carcinoma,Anemia,10002034,7.609995388680323,4.11045422688669,PR,1.6193399999000002,Low Risk
TCGA-AC-A3QP,1678.8869103206355,0,TCGA-AC-A3QP,2.0,Breast Cancer,Breast Invasive Lobular Carcinoma,0.0716,0.2972,0,22,ILC,Primary,Matched,15,Yes,No,International Genomics Consortium,AC,0.733333333,Breast,Infiltrating Lobular Carcinoma,Nausea,10028813,4.459195346717214,6.197895260217289,PD,0.7009199999,Low Risk
TCGA-AC-A3QQ,1080.027398682936,1,TCGA-AC-A3QQ,6.0,Breast Cancer,Breast Invasive Lobular Carcinoma,0.1273,0.3129,0.45,26,ILC,Primary,Matched,53,Yes,No,International Genomics Consortium,AC,0.866666667,Breast,Infiltrating Lobular Carcinoma,Nausea,10028813,1.2267407256330642,1.8302514631650335,PD,1.5607700001000002,Low Risk
TCGA-AC-A3TM,955.2595402413384,0,TCGA-AC-A3TM,5.0,Breast Cancer,Breast Invasive Lobular Carcinoma,0.1223,0.3054,0,,ILC,Primary,Matched,54,Yes,No,International Genomics Consortium,AC,0.0,Breast,Infiltrating Lobular Carcinoma,Nausea,10028813,8.550975949462096,6.79005177132403,SD,1.09777,Low Risk
TCGA-AC-A3TN,969.8300449795919,1,TCGA-AC-A3TN,4.0,Breast Cancer,Breast Invasive Lobular Carcinoma,0.071,0.3194,0,,ILC,Primary,Matched,3,Yes,No,International Genomics Consortium,AC,0.0,Breast,Infiltrating Lobular Carcinoma,Pain,10033371,1.1027618510866626,0.7833122059909275,SD,0.8851800000000001,Low Risk
TCGA-AC-A3W5,356.3938738519593,1,TCGA-AC-A3W5,23.0,Breast Cancer,Breast Invasive Lobular Carcinoma,0.3754,0.3228,0.05,118,ILC,Primary,Matched,154,Yes,No,International Genomics Consortium,AC,4.033333333,Breast,Infiltrating Lobular Carcinoma,Fatigue,10016256,7.333298016661459,9.279286646536242,PD,5.9871799999,High Risk
TCGA-AC-A3W6,278.04966741367616,0,TCGA-AC-A3W6,6.0,Breast Cancer,Breast Invasive Lobular Carcinoma,0.1051,0.3196,0,,ILC,Primary,Matched,5,Yes,No,International Genomics Consortium,AC,0.0,Breast,Infiltrating Lobular Carcinoma,Fatigue,10016256,9.732313987534514,7.328688790720114,SD,1.2954500000000002,Low Risk
TCGA-AC-A3W7,1325.8996058077698,1,TCGA-AC-A3W7,8.0,Breast Cancer,Breast Invasive Lobular Carcinoma,0.1454,0.3095,0.01,,ILC,Primary,Matched,9,Yes,No,International Genomics Consortium,AC,0.0,Breast,Infiltrating Lobular Carcinoma,Anemia,10002034,4.938951953333831,6.744446999767556,PD,1.7055200000000001,Low Risk
TCGA-AC-A3YI,1329.062559269623,0,TCGA-AC-A3YI,0.0,Breast Cancer,Breast Invasive Lobular Carcinoma,0.0325,0.281,0,14,ILC,Primary,Matched,48,Yes,No,International Genomics Consortium,AC,0.466666667,Breast,Infiltrating Lobular Carcinoma,Fatigue,10016256,3.114760644963575,1.8777103811599356,PR,0.2059500001,Low Risk
TCGA-AC-A3YJ,1614.360037894332,0,TCGA-AC-A3YJ,1.0,Breast Cancer,Breast Invasive Carcinoma (NOS),0.0443,0.2942,0,17,BRCNOS,Primary,Matched,11,Yes,No,International Genomics Consortium,AC,0.566666667,Breast,Other,Fatigue,10016256,7.343839090390436,4.596914240003753,PR,0.44213000010000003,Low Risk
TCGA-AC-A4ZE,1955.692769469309,1,TCGA-AC-A4ZE,7.0,Breast Cancer,Breast Invasive Lobular Carcinoma,0.182,0.3411,0.43,45,ILC,Primary,Matched,49,Yes,No,International Genomics Consortium,AC,1.5,Breast,Infiltrating Lobular Carcinoma,Nausea,10028813,8.354153278140267,12.357058812910081,PD,1.97282,Low Risk
TCGA-AC-A5EH,572.874589546323,1,TCGA-AC-A5EH,25.0,Breast Cancer,Breast Invasive Ductal Carcinoma,0.2183,0.3111,0.08,130,IDC,Primary,Matched,138,Yes,No,International Genomics Consortium,AC,4.3,Breast,Infiltrating Ductal Carcinoma,Nausea,10028813,5.917872844700626,6.9466293401253605,SD,6.41771,High Risk
TCGA-AC-A5EI,556.9475020409594,1,TCGA-AC-A5EI,8.0,Breast Cancer,Breast Invasive Carcinoma (NOS),0.1868,0.3203,0.16,29,BRCNOS,Primary,Matched,48,Yes,No,International Genomics Consortium,AC,0.966666667,Breast,Other,Pain,10033371,9.703317477305315,13.069274344760705,PD,2.0101000001,Low Risk
TCGA-AC-A5XS,1280.75994584679,0,TCGA-AC-A5XS,9.0,Breast Cancer,Breast Invasive Lobular Carcinoma,0.2478,0.3059,0,400,ILC,Primary,Matched,42,Yes,No,International Genomics Consortium,AC,27.13333333,Breast,Infiltrating Lobular Carcinoma,Nausea,10028813,1.46501849492165,1.2076577837272218,SD,10.075519998999999,High Risk
TCGA-AC-A5XU,839.7752599102402,1,TCGA-AC-A5XU,4.0,Breast Cancer,Breast Invasive Ductal Carcinoma,0.5906,0.3039,0.25,57,IDC,Primary,Matched,435,Yes,No,International Genomics Consortium,AC,1.866666667,Breast,Infiltrating Ductal Carcinoma,Nausea,10028813,5.543160384740753,6.521438113633877,SD,1.5979600001,Low Risk
TCGA-AC-A62V,968.4405188092136,1,TCGA-AC-A62V,18.0,Breast Cancer,Breast Invasive Ductal Carcinoma,0.4895,0.3584,0.07,68,IDC,Primary,Matched,313,Yes,No,International Genomics Consortium,AC,2.266666667,Breast,Infiltrating Ductal Carcinoma,Nausea,10028813,7.466085525902951,8.169703068706314,SD,4.4985300001,High Risk
TCGA-AC-A62X,1270.8955799633638,1,TCGA-AC-A62X,29.0,Breast Cancer,Breast Invasive Ductal Carcinoma,0.5697,0.3234,0.68,53,IDC,Primary,Matched,58,Yes,No,International Genomics Consortium,AC,1.766666667,Breast,Infiltrating Ductal Carcinoma,Nausea,10028813,8.76376424034261,9.667747574463137,SD,6.5655900001,High Risk
TCGA-AC-A62Y,1765.8587810774136,0,TCGA-AC-A62Y,22.0,Breast Cancer,Breast Invasive Lobular Carcinoma,0.4145,0.2991,0.02,56,ILC,Primary,Matched,51,Yes,No,International Genomics Consortium,AC,1.9,Breast,Infiltrating Lobular Carcinoma,Pain,10033371,2.6133005071701105,3.090312676255046,SD,5.154170000000001,High Risk
TCGA-AC-A6IV,329.98592571012335,1,TCGA-AC-A6IV,6.0,Breast Cancer,Breast Invasive Lobular Carcinoma,0.0215,0.3393,0,18,ILC,Primary,Matched,24,Yes,No,International Genomics Consortium,AC,0.6,Breast,Infiltrating Lobular Carcinoma,Nausea,10028813,8.200031335873133,8.81797891697723,SD,1.4543100000000002,Low Risk
TCGA-AC-A6IW,376.74943098204506,0,TCGA-AC-A6IW,13.0,Breast Cancer,Breast Invasive Ductal Carcinoma,0.1742,0.3474,0.32,130,IDC,Primary,Matched,224,Yes,No,International Genomics Consortium,AC,4.366666667,Breast,Infiltrating Ductal Carcinoma,Anemia,10002034,5.974363681466907,5.550556476979443,SD,4.0317400001,High Risk
TCGA-AC-A6IX,78.95683134988845,0,TCGA-AC-A6IX,5.0,Breast Cancer,Breast Invasive Lobular Carcinoma,0.1912,0.3363,0,48,ILC,Primary,Matched,116,Yes,No,International Genomics Consortium,AC,1.633333333,Breast,Infiltrating Lobular Carcinoma,Anemia,10002034,4.568983137909669,3.5451777069461556,SD,1.6146199999,Low Risk
TCGA-AC-A6NO,690.7312212875478,1,TCGA-AC-A6NO,8.0,Breast Cancer,Breast Invasive Ductal Carcinoma,0.1481,0.331,0.01,26,IDC,Primary,Matched,4,Yes,No,International Genomics Consortium,AC,0.866666667,Breast,Infiltrating Ductal Carcinoma,Anemia,10002034,2.185435257211842,2.7724023672184344,PD,1.9706300001000001,Low Risk
TCGA-AC-A7VB,29.2832833686856,1,TCGA-AC-A7VB,8.0,Breast Cancer,Breast Invasive Ductal Carcinoma,0.2511,0.3405,0.19,21,IDC,Primary,Matched,257,Yes,No,International Genomics Consortium,AC,0.733333333,Breast,Infiltrating Ductal Carcinoma,Anemia,10002034,8.787661830180213,6.38223651145123,SD,1.9634299999,Low Risk
TCGA-AC-A7VC,501.2855585456877,0,TCGA-AC-A7VC,1.0,Breast Cancer,Metaplastic Breast Cancer,0.2899,0.3371,0.02,16,MBC,Primary,Matched,33,Yes,No,International Genomics Consortium,AC,0.5,Breast,Metaplastic Carcinoma,Nausea,10028813,2.415458873617438,2.880082789296643,SD,0.50439,Low Risk
TCGA-AC-A8OP,625.8356685497008,1,TCGA-AC-A8OP,20.0,Breast Cancer,Breast Invasive Ductal Carcinoma,0.2658,0.3014,0.05,137,IDC,Primary,Matched,186,Yes,No,International Genomics Consortium,AC,4.633333333,Breast,Infiltrating Ductal Carcinoma,Anemia,10002034,3.7880907328818934,2.7779312695960354,SD,5.5300199999,High Risk
TCGA-AC-A8OQ,270.104528251618,0,TCGA-AC-A8OQ,23.0,Breast Cancer,Breast Invasive Ductal Carcinoma,0.2666,0.3364,0.32,77,IDC,Primary,Matched,457,Yes,No,International Genomics Consortium,AC,2.6,Breast,Infiltrating Ductal Carcinoma,Nausea,10028813,3.610409787661932,4.062903059954826,SD,5.52726,High Risk
TCGA-AC-A8OR,714.9060241169402,1,TCGA-AC-A8OR,1.0,Breast Cancer,Breast Invasive Mixed Mucinous Carcinoma,0.0328,0.3115,0.06,58,IMMC,Primary,Matched,13,Yes,No,International Genomics Consortium,AC,1.933333333,Breast,Mucinous Carcinoma,Pain,10033371,8.842726307717689,11.02757180052485,PD,0.8521399998999999,Low Risk
TCGA-AC-A8OS,24.780049681179637,1,TCGA-AC-A8OS,8.0,Breast Cancer,Breast Invasive Lobular Carcinoma,0.1344,0.3361,0.01,41,ILC,Primary,Matched,5,Yes,No,International Genomics Consortium,AC,1.366666667,Breast,Infiltrating Lobular Carcinoma,Anemia,10002034,7.054326947880082,5.070042754329091,SD,2.1175400001,Low Risk
TCGA-AN-A03X,30.450799426231505,0,TCGA-AN-A03X,14.0,Breast Cancer,Breast Invasive Ductal Carcinoma,0.3072,0.271,0.22,35,IDC,Primary,Matched,56,No,Yes,Cureline,AN,1.166666667,Breast,Infiltrating Ductal Carcinoma,Fatigue,10016256,8.170132574722352,4.574811002364533,PR,3.2963600001000004,High Risk
TCGA-AN-A03Y,1383.4810956305087,1,TCGA-AN-A03Y,24.0,Breast Cancer,Breast Invasive Ductal Carcinoma,0.3773,0.2659,0.92,26,IDC,Primary,Matched,41,No,Yes,Cureline,AN,0.933333333,Breast,Infiltrating Ductal Carcinoma,Anemia,10002034,3.254211089132491,2.0533217514030757,PR,5.246369999900001,High Risk
TCGA-AN-A041,357.26801936619574,1,TCGA-AN-A041,14.0,Breast Cancer,Breast Invasive Ductal Carcinoma,0.3265,0.2731,0.32,28,IDC,Primary,Matched,117,No,Yes,Cureline,AN,0.933333333,Breast,Infiltrating Ductal Carcinoma,Anemia,10002034,6.6238668964629905,7.3259766990950075,SD,3.2325699999000004,High Risk
TCGA-AN-A046,108.71123303794239,1,TCGA-AN-A046,7.0,Breast Cancer,Breast Invasive Ductal Carcinoma,0.0264,0.2695,0.04,5400,IDC,Primary,Matched,23,No,Yes,Cureline,AN,180.8333333,Breast,Infiltrating Ductal Carcinoma,Nausea,10028813,6.145713848293738,8.293311466271721,PD,55.711819989999995,High Risk
TCGA-AN-A049,590.9228706232125,1,TCGA-AN-A049,10.0,Breast Cancer,Breast Invasive Ductal Carcinoma,0.3796,0.2375,0.37,28,IDC,Primary,Matched,127,No,Yes,Cureline,AN,0.966666667,Breast,Infiltrating Ductal Carcinoma,Anemia,10002034,8.495473391094439,4.6300059930366,PR,2.4513800001,Low Risk
TCGA-AN-A04A,1175.7183523565882,1,TCGA-AN-A04A,14.0,Breast Cancer,Breast Invasive Ductal Carcinoma,0.5374,0.2812,0.34,40,IDC,Primary,Matched,163,No,Yes,Cureline,AN,1.366666667,Breast,Infiltrating Ductal Carcinoma,Fatigue,10016256,9.154783544331345,11.298387637490272,PD,3.4274600001,High Risk
TCGA-AN-A04C,194.49440274392268,1,TCGA-AN-A04C,19.0,Breast Cancer,Breast Invasive Ductal Carcinoma,0.339,0.2757,0.75,67,IDC,Primary,Matched,260,No,Yes,Cureline,AN,2.233333333,Breast,Infiltrating Ductal Carcinoma,Nausea,10028813,1.1094109432964814,0.9333681126163658,SD,4.6268399999000005,High Risk
TCGA-AN-A04D,780.1756949251943,0,TCGA-AN-A04D,4.0,Breast Cancer,Breast Invasive Ductal Carcinoma,0.3686,0.2756,0.66,83,IDC,Primary,Matched,93,No,Yes,Cureline,AN,2.8,Breast,Infiltrating Ductal Carcinoma,Nausea,10028813,7.066179271529134,6.914456884128523,SD,1.8057,Low Risk
TCGA-AN-A0AJ,71.36882319191783,1,TCGA-AN-A0AJ,16.0,Breast Cancer,Breast Invasive Ductal Carcinoma,0.6855,0.252,1.25,77,IDC,Primary,Matched,438,No,Yes,Cureline,AN,2.566666667,Breast,Infiltrating Ductal Carcinoma,Pain,10033371,1.4665221920775613,2.0954542392104765,PD,4.2260500001,High Risk
TCGA-AN-A0AK,42.452076728247526,1,TCGA-AN-A0AK,12.0,Breast Cancer,Breast Invasive Ductal Carcinoma,0.2818,0.8283,32.92,1118,IDC,Primary,Matched,32,No,Yes,Cureline,AN,37.36666667,Breast,Infiltrating Ductal Carcinoma,Pain,10033371,5.939727985696203,4.941684429981283,SD,13.860200001,High Risk
TCGA-AN-A0AL,606.3271525004168,1,TCGA-AN-A0AL,6.0,Breast Cancer,Breast Invasive Ductal Carcinoma,0.4407,0.3054,0.87,80,IDC,Primary,Matched,196,No,Yes,Cureline,AN,2.666666667,Breast,Infiltrating Ductal Carcinoma,Anemia,10002034,3.588694561393104,3.4642994047405273,SD,2.1932900001,Low Risk
TCGA-AN-A0AM,622.3283541557937,0,TCGA-AN-A0AM,21.0,Breast Cancer,Breast Invasive Ductal Carcinoma,0.2787,0.2894,0.09,88,IDC,Primary,Matched,700,No,Yes,Cureline,AN,2.933333333,Breast,Infiltrating Ductal Carcinoma,Pain,10033371,3.760989395699271,1.9319541146721164,PR,5.2214899999,High Risk
TCGA-AN-A0AR,811.6299585636928,1,TCGA-AN-A0AR,10.0,Breast Cancer,Breast Invasive Ductal Carcinoma,0.5378,0.2932,2.5,111,IDC,Primary,Matched,394,No,Yes,Cureline,AN,3.666666667,Breast,Infiltrating Ductal Carcinoma,Pain,10033371,4.176626531071209,2.4291206444092635,PR,3.3199800001,High Risk
TCGA-AN-A0AS,1035.9684503333474,0,TCGA-AN-A0AS,24.0,Breast Cancer,Breast Invasive Ductal Carcinoma,0.2493,0.2944,0.25,42,IDC,Primary,Matched,391,No,Yes,Cureline,AN,1.4,Breast,Infiltrating Ductal Carcinoma,Pain,10033371,6.591632041446491,5.000356638495918,SD,5.353670000000001,High Risk
TCGA-AN-A0AT,2978.8456069599943,1,TCGA-AN-A0AT,8.0,Breast Cancer,Breast Invasive Ductal Carcinoma,0.4552,0.2819,1.3,117,IDC,Primary,Matched,270,No,Yes,Cureline,AN,3.933333333,Breast,Infiltrating Ductal Carcinoma,Nausea,10028813,4.006449691018923,2.1148134471412394,PR,2.9729399999000004,High Risk
TCGA-AN-A0FD,581.032895384285,1,TCGA-AN-A0FD,6.0,Breast Cancer,Breast Invasive Ductal Carcinoma,0.171,0.3047,0.25,31,IDC,Primary,Matched,255,No,Yes,Cureline,AN,1.066666667,Breast,Infiltrating Ductal Carcinoma,Nausea,10028813,7.594291455312524,8.591993971359653,SD,1.6322400001000001,Low Risk
TCGA-AN-A0FF,312.01577128478306,1,TCGA-AN-A0FF,4.0,Breast Cancer,Breast Invasive Ductal Carcinoma,0.1509,0.2735,0.05,20,IDC,Primary,Matched,25,No,Yes,Cureline,AN,0.666666667,Breast,Infiltrating Ductal Carcinoma,Nausea,10028813,4.640746470164827,4.299179904293625,SD,1.0999700001000001,Low Risk
TCGA-AN-A0FJ,1268.523183786149,1,TCGA-AN-A0FJ,12.0,Breast Cancer,Breast Invasive Ductal Carcinoma,0.6191,0.2694,1.15,78,IDC,Primary,Matched,557,No,Yes,Cureline,AN,2.633333333,Breast,Infiltrating Ductal Carcinoma,Pain,10033371,1.6151788027896274,1.692941913691938,SD,3.4296099999000003,High Risk
TCGA-AN-A0FK,252.68117234890983,1,TCGA-AN-A0FK,23.0,Breast Cancer,Breast Invasive Ductal Carcinoma,0.5521,0.2848,0.07,34,IDC,Primary,Matched,27,No,Yes,Cureline,AN,1.166666667,Breast,Infiltrating Ductal Carcinoma,Nausea,10028813,8.053838582356965,5.4334995352504105,PR,5.1725900001000005,High Risk
TCGA-AN-A0FL,462.3867450186411,1,TCGA-AN-A0FL,7.0,Breast Cancer,Breast Invasive Ductal Carcinoma,0.5381,0.2919,0.62,151,IDC,Primary,Matched,293,No,Yes,Cureline,AN,5.066666667,Breast,Infiltrating Ductal Carcinoma,Pain,10033371,3.571824921334354,2.842929858429934,SD,3.1398100000999998,High Risk
TCGA-AN-A0FN,65.36413486693591,0,TCGA-AN-A0FN,3.0,Breast Cancer,Breast Invasive Lobular Carcinoma,0.0004,0.3094,0.05,38,ILC,Primary,Matched,10,No,Yes,Cureline,AN,1.333333333,Breast,Infiltrating Lobular Carcinoma,Nausea,10028813,4.894901916393364,5.696806652302104,SD,1.0619999999,Low Risk
TCGA-AN-A0FS,20.542087633179502,1,TCGA-AN-A0FS,3.0,Breast Cancer,Breast Invasive Lobular Carcinoma,0.1049,0.3024,0.1,61,ILC,Primary,Matched,49,No,Yes,Cureline,AN,2.033333333,Breast,Infiltrating Lobular Carcinoma,Nausea,10028813,7.168994948997113,10.50474782445805,PD,1.3019499999000002,Low Risk
TCGA-AN-A0FT,2629.9039386148816,1,TCGA-AN-A0FT,19.0,Breast Cancer,Breast Invasive Ductal Carcinoma,0.5805,0.2927,0.5,83,IDC,Primary,Matched,400,No,Yes,Cureline,AN,2.8,Breast,Infiltrating Ductal Carcinoma,Fatigue,10016256,3.992105414338408,2.1973217820400572,PR,4.87269,High Risk
TCGA-AN-A0FV,1446.21411369205,1,TCGA-AN-A0FV,19.0,Breast Cancer,Breast Invasive Ductal Carcinoma,0.5399,0.2554,0.67,81,IDC,Primary,Matched,199,No,Yes,Cureline,AN,2.7,Breast,Infiltrating Ductal Carcinoma,Anemia,10002034,1.5092709053204407,2.0984666026805736,PD,4.82305,High Risk
TCGA-AN-A0FW,952.5141862394732,0,TCGA-AN-A0FW,20.0,Breast Cancer,Breast Invasive Ductal Carcinoma,0.1949,0.3358,0.56,108,IDC,Primary,Matched,290,No,Yes,Cureline,AN,3.566666667,Breast,Infiltrating Ductal Carcinoma,Pain,10033371,4.365289423115322,4.70089811803554,SD,5.1956300000999995,High Risk
TCGA-AN-A0FX,420.6877155721135,1,TCGA-AN-A0FX,14.0,Breast Cancer,Breast Invasive Ductal Carcinoma,0.5402,0.3678,0.53,117,IDC,Primary,Matched,193,No,Yes,Cureline,AN,4.0,Breast,Infiltrating Ductal Carcinoma,Fatigue,10016256,9.50003724424873,10.107275509063397,SD,4.235620000000001,High Risk
TCGA-AN-A0FY,152.245228913687,1,TCGA-AN-A0FY,19.0,Breast Cancer,Breast Invasive Ductal Carcinoma,0.35,0.2826,1.39,49,IDC,Primary,Matched,195,No,Yes,Cureline,AN,1.6,Breast,Infiltrating Ductal Carcinoma,Nausea,10028813,6.775609575687024,6.77749682150789,SD,4.441520000000001,High Risk
TCGA-AN-A0FZ,136.09659325828332,1,TCGA-AN-A0FZ,16.0,Breast Cancer,Breast Invasive Ductal Carcinoma,0.4504,0.2641,0.5,67,IDC,Primary,Matched,446,No,Yes,Cureline,AN,2.233333333,Breast,Infiltrating Ductal Carcinoma,Pain,10033371,7.043312338004863,4.010420390435936,PR,4.0579399999,High Risk
TCGA-AN-A0G0,230.40479130126687,0,TCGA-AN-A0G0,0.0,Breast Cancer,Breast Invasive Ductal Carcinoma,0.0,0.3083,0.73,32,IDC,Primary,Matched,3662,No,Yes,Cureline,AN,1.066666667,Breast,Infiltrating Ductal Carcinoma,Nausea,10028813,6.690539382738758,3.9465943075067345,PR,0.3816600001,Low Risk
TCGA-AN-A0XL,637.4325186506517,1,TCGA-AN-A0XL,13.0,Breast Cancer,Breast Invasive Ductal Carcinoma,0.3332,0.0,0.09,33,IDC,Primary,Matched,37,No,Yes,Cureline,AN,1.1,Breast,Infiltrating Ductal Carcinoma,Anemia,10002034,2.7909292506349312,3.072567518969113,SD,3.02996,High Risk
TCGA-AN-A0XN,1003.0794302214206,1,TCGA-AN-A0XN,12.0,Breast Cancer,Breast Invasive Ductal Carcinoma,0.5133,0.3135,0.45,146,IDC,Primary,Matched,443,No,Yes,Cureline,AN,4.866666667,Breast,Infiltrating Ductal Carcinoma,Fatigue,10016256,4.765004776920521,4.007171610082692,SD,4.0766900001,High Risk
TCGA-AN-A0XO,863.5122797574388,0,TCGA-AN-A0XO,4.0,Breast Cancer,Breast Invasive Ductal Carcinoma,0.2092,0.3185,0.1,34,IDC,Primary,Matched,44,No,Yes,Cureline,AN,1.1,Breast,Infiltrating Ductal Carcinoma,Anemia,10002034,7.758458185269864,10.995815031861202,PD,1.2564600000000001,Low Risk
TCGA-AN-A0XP,262.72980911119674,0,TCGA-AN-A0XP,14.0,Breast Cancer,Breast Invasive Ductal Carcinoma,0.1617,0.2804,0.03,25,IDC,Primary,Matched,9,No,Yes,Cureline,AN,0.866666667,Breast,Infiltrating Ductal Carcinoma,Fatigue,10016256,1.9123560779784323,1.7337239243571199,SD,3.1645900001000005,High Risk
TCGA-AN-A0XR,2478.482798845045,1,TCGA-AN-A0XR,6.0,Breast Cancer,Breast Invasive Ductal Carcinoma,0.1201,0.2961,0.36,30,IDC,Primary,Matched,53,No,Yes,Cureline,AN,1.0,Breast,Infiltrating Ductal Carcinoma,Nausea,10028813,3.5006749848074104,2.2519193106707567,PR,1.59525,Low Risk
TCGA-AN-A0XS,1071.213923900181,0,TCGA-AN-A0XS,19.0,Breast Cancer,Breast Invasive Ductal Carcinoma,0.0804,0.2944,0.04,26,IDC,Primary,Matched,6,No,Yes,Cureline,AN,0.866666667,Breast,Infiltrating Ductal Carcinoma,Anemia,10002034,3.4868719761926825,4.235569059491715,PD,4.1430000001,High Risk
TCGA-AN-A0XT,646.5843855450651,1,TCGA-AN-A0XT,9.0,Breast Cancer,Breast Invasive Ductal Carcinoma,0.3076,0.2982,0.31,11,IDC,Primary,Matched,125,No,Yes,Cureline,AN,0.366666667,Breast,Infiltrating Ductal Carcinoma,Anemia,10002034,4.888170348350554,3.8780466704504053,SD,2.0619200001,Low Risk
TCGA-AN-A0XU,756.824377629948,1,TCGA-AN-A0XU,10.0,Breast Cancer,Breast Invasive Ductal Carcinoma,0.4834,0.3016,1.04,114,IDC,Primary,Matched,341,No,Yes,Cureline,AN,3.833333333,Breast,Infiltrating Ductal Carcinoma,Nausea,10028813,9.823318668479665,10.073521614220724,SD,3.3553399999,High Risk
TCGA-AN-A0XV,435.2302924256411,1,TCGA-AN-A0XV,2.0,Breast Cancer,Breast Invasive Ductal Carcinoma,0.0851,0.2715,0.08,32,IDC,Primary,Matched,132,No,Yes,Cureline,AN,1.066666667,Breast,Infiltrating Ductal Carcinoma,Anemia,10002034,1.6075229201543975,1.9255436572119469,SD,0.7998300001,Low Risk
TCGA-AN-A0XW,227.72903381925082,1,TCGA-AN-A0XW,6.0,Breast Cancer,Breast Invasive Ductal Carcinoma,0.2488,0.2638,0.21,288,IDC,Primary,Matched,158,No,Yes,Cureline,AN,9.6,Breast,Infiltrating Ductal Carcinoma,Pain,10033371,5.668308949425355,7.937129593085836,PD,4.2074,High Risk
TCGA-AO-A03L,352.0113034584899,1,TCGA-AO-A03L,23.0,Breast Cancer,Breast Invasive Ductal Carcinoma,0.6527,0.2649,0.1,27,IDC,Primary,Matched,201,No,Yes,MSKCC,AO,0.933333333,Breast,Infiltrating Ductal Carcinoma,Fatigue,10016256,2.614282138109894,3.378152359592904,PD,5.1287899999,High Risk
TCGA-AO-A03M,1134.5454782053705,0,TCGA-AO-A03M,14.0,Breast Cancer,Breast Invasive Ductal Carcinoma,0.163,0.0,0.07,754,IDC,Primary,Matched,131,No,Yes,MSKCC,AO,25.26666667,Breast,Infiltrating Ductal Carcinoma,Fatigue,10016256,9.736088908687698,11.453155945527646,SD,10.428900000999999,High Risk
TCGA-AO-A03N,11.59846377664342,1,TCGA-AO-A03N,23.0,Breast Cancer,Breast Invasive Ductal Carcinoma,0.4975,0.0,0.23,91,IDC,Primary,Matched,138,No,Yes,MSKCC,AO,3.0,Breast,Infiltrating Ductal Carcinoma,Fatigue,10016256,2.019731542547178,2.38254234711878,SD,5.64925,High Risk
TCGA-AO-A03O,98.70431379198084,1,TCGA-AO-A03O,24.0,Breast Cancer,Breast Invasive Ductal Carcinoma,0.3537,0.2729,0.88,72,IDC,Primary,Matched,499,No,Yes,MSKCC,AO,2.466666667,Breast,Infiltrating Ductal Carcinoma,Pain,10033371,4.632409021254321,6.6981143650681805,PD,5.700690000100001,High Risk
TCGA-AO-A03P,37.67550156201642,1,TCGA-AO-A03P,11.0,Breast Cancer,Breast Invasive Ductal Carcinoma,0.4219,0.239,1.02,41,IDC,Primary,Matched,392,No,Yes,MSKCC,AO,1.333333333,Breast,Infiltrating Ductal Carcinoma,Fatigue,10016256,7.6409648635114555,6.0808639665067465,SD,2.7743699999,Low Risk
TCGA-AO-A03R,33.26516153383394,0,TCGA-AO-A03R,8.0,Breast Cancer,Breast Invasive Ductal Carcinoma,0.2442,0.2568,0.09,36,IDC,Primary,Matched,37,No,Yes,MSKCC,AO,1.233333333,Breast,Infiltrating Ductal Carcinoma,Nausea,10028813,7.340989852247008,3.6786587983324583,PR,2.0946199999,Low Risk
TCGA-AO-A03T,1547.3624268925269,1,TCGA-AO-A03T,6.0,Breast Cancer,Breast Invasive Ductal Carcinoma,0.2679,0.2639,0.02,89,IDC,Primary,Matched,50,No,Yes,MSKCC,AO,2.966666667,Breast,Infiltrating Ductal Carcinoma,Anemia,10002034,4.8045577320453905,3.708900247144308,SD,2.2231500001000004,Low Risk
TCGA-AO-A03U,972.9924893605506,1,TCGA-AO-A03U,1.0,Breast Cancer,Breast Invasive Carcinoma (NOS),0.001,0.0,0.01,5,BRCNOS,Primary,Matched,6,No,Yes,MSKCC,AO,0.166666667,Breast,Other,Pain,10033371,4.118717511574464,2.9567917966770216,SD,0.25030000010000003,Low Risk
TCGA-AO-A03V,514.227675530314,1,TCGA-AO-A03V,7.0,Breast Cancer,Breast Invasive Ductal Carcinoma,0.3132,0.2742,0.23,51,IDC,Primary,Matched,302,No,Yes,MSKCC,AO,1.7,Breast,Infiltrating Ductal Carcinoma,Fatigue,10016256,4.578511406975835,5.319472900963477,SD,2.0588,Low Risk
TCGA-AO-A0J2,82.3655347582506,1,TCGA-AO-A0J2,9.0,Breast Cancer,Breast Invasive Ductal Carcinoma,0.7158,0.2894,1.15,53,IDC,Primary,Matched,298,No,Yes,MSKCC,AO,1.766666667,Breast,Infiltrating Ductal Carcinoma,Nausea,10028813,3.3784863684277537,3.8302291855362616,SD,2.6026200001,Low Risk
TCGA-AO-A0J3,541.2143726377866,0,TCGA-AO-A0J3,12.0,Breast Cancer,Breast Invasive Carcinoma (NOS),0.5363,0.288,0.77,76,BRCNOS,Primary,Matched,220,No,Yes,MSKCC,AO,2.533333333,Breast,Other,Anemia,10002034,2.847996448361198,3.1141741343631786,SD,3.3784899999,High Risk
TCGA-AO-A0J4,513.1602656754969,0,TCGA-AO-A0J4,19.0,Breast Cancer,Breast Invasive Ductal Carcinoma,0.4434,0.2752,0.14,101,IDC,Primary,Matched,159,No,Yes,MSKCC,AO,3.466666667,Breast,Infiltrating Ductal Carcinoma,Anemia,10002034,5.34735727803001,2.7605381332813446,PR,5.0280600001,High Risk
TCGA-AO-A0J5,152.15577024017998,1,TCGA-AO-A0J5,3.0,Breast Cancer,Breast Invasive Carcinoma (NOS),0.1273,0.277,0.12,54,BRCNOS,Primary,Matched,111,No,Yes,MSKCC,AO,1.766666667,Breast,Other,Pain,10033371,3.416803804608466,4.198493531466361,PD,1.2235900001,Low Risk
TCGA-AO-A0J6,455.1193050418591,0,TCGA-AO-A0J6,5.0,Breast Cancer,Breast Invasive Ductal Carcinoma,0.4668,0.2929,0.67,100,IDC,Primary,Matched,164,No,Yes,MSKCC,AO,3.333333333,Breast,Infiltrating Ductal Carcinoma,Pain,10033371,3.587154984075251,2.9541312236848785,SD,2.1986199999,Low Risk
TCGA-AO-A0J7,406.6692916665655,1,TCGA-AO-A0J7,15.0,Breast Cancer,Breast Invasive Carcinoma (NOS),0.7671,0.2727,1.24,18,BRCNOS,Primary,Matched,5,No,Yes,MSKCC,AO,0.6,Breast,Other,Pain,10033371,6.910804571271013,8.051474254613696,SD,3.46467,High Risk
TCGA-AO-A0J8,765.3779463305076,0,TCGA-AO-A0J8,6.0,Breast Cancer,Breast Invasive Lobular Carcinoma,0.1308,0.2595,0.15,22,ILC,Primary,Matched,3,No,Yes,MSKCC,AO,0.733333333,Breast,Infiltrating Lobular Carcinoma,Nausea,10028813,9.71683598529903,10.266599295360422,SD,1.5111399999000001,Low Risk
TCGA-AO-A0J9,806.4916288327297,1,TCGA-AO-A0J9,17.0,Breast Cancer,Breast Invasive Lobular Carcinoma,0.3623,0.2677,0.05,106,ILC,Primary,Matched,16,No,Yes,MSKCC,AO,3.566666667,Breast,Infiltrating Lobular Carcinoma,Nausea,10028813,6.432734805034376,5.421064555278928,SD,4.6322300001,High Risk
TCGA-AO-A0JA,37.08985921642778,1,TCGA-AO-A0JA,10.0,Breast Cancer,Breast Invasive Ductal Carcinoma,0.3029,0.2673,0.11,19,IDC,Primary,Matched,60,No,Yes,MSKCC,AO,0.7,Breast,Infiltrating Ductal Carcinoma,Pain,10033371,1.6928152035846966,1.0742203527878569,PR,2.35433,Low Risk
TCGA-AO-A0JB,375.50720372404925,1,TCGA-AO-A0JB,7.0,Breast Cancer,Breast Invasive Ductal Carcinoma,0.4249,0.2855,0.96,93,IDC,Primary,Matched,161,No,Yes,MSKCC,AO,3.133333333,Breast,Infiltrating Ductal Carcinoma,Fatigue,10016256,1.680252524686603,0.9987738535154506,PR,2.5245699998999998,Low Risk
TCGA-AO-A0JC,786.4999958261828,1,TCGA-AO-A0JC,0.0,Breast Cancer,Breast Invasive Ductal Carcinoma,0.0001,0.2592,0.01,136,IDC,Primary,Matched,0,No,Yes,MSKCC,AO,4.566666667,Breast,Infiltrating Ductal Carcinoma,Anemia,10002034,9.562808987610094,12.733055483053182,PD,1.4218700000999998,Low Risk
TCGA-AO-A0JD,559.5515620862318,1,TCGA-AO-A0JD,7.0,Breast Cancer,Breast Invasive Ductal Carcinoma,0.3929,0.2721,0.18,100,IDC,Primary,Matched,286,No,Yes,MSKCC,AO,3.366666667,Breast,Infiltrating Ductal Carcinoma,Anemia,10002034,3.6756171127660027,5.213486278380211,PD,2.5822900001,Low Risk
TCGA-AO-A0JE,1553.079562540351,1,TCGA-AO-A0JE,12.0,Breast Cancer,Breast Invasive Ductal Carcinoma,0.3619,0.2746,0.15,45,IDC,Primary,Matched,259,No,Yes,MSKCC,AO,1.5,Breast,Infiltrating Ductal Carcinoma,Nausea,10028813,1.828602874742279,2.102505727657508,SD,3.0134900000000004,High Risk
TCGA-AO-A0JF,859.9798112439983,1,TCGA-AO-A0JF,2.0,Breast Cancer,Breast Invasive Ductal Carcinoma,0.0531,0.2755,0,26,IDC,Primary,Matched,3,No,Yes,MSKCC,AO,0.866666667,Breast,Infiltrating Ductal Carcinoma,Anemia,10002034,6.391401284353434,3.856789576741971,PR,0.7310300001,Low Risk
TCGA-AO-A0JG,142.28229501384587,0,TCGA-AO-A0JG,6.0,Breast Cancer,Breast Invasive Carcinoma (NOS),0.2284,0.2799,0.02,16,BRCNOS,Primary,Matched,109,No,Yes,MSKCC,AO,0.533333333,Breast,Other,Fatigue,10016256,6.612839004612395,5.964960763060523,SD,1.4844999999000001,Low Risk
TCGA-AO-A0JI,58.54594900499267,1,TCGA-AO-A0JI,7.0,Breast Cancer,Breast Invasive Ductal Carcinoma,0.2489,0.2769,0.28,15,IDC,Primary,Matched,48,No,Yes,MSKCC,AO,0.466666667,Breast,Infiltrating Ductal Carcinoma,Anemia,10002034,6.836543381068194,8.401696154214154,PD,1.6700500001,Low Risk
TCGA-AO-A0JJ,822.7153176871129,1,TCGA-AO-A0JJ,4.0,Breast Cancer,Breast Invasive Lobular Carcinoma,0.1567,0.2537,0.03,16,ILC,Primary,Matched,13,No,Yes,MSKCC,AO,0.5,Breast,Infiltrating Lobular Carcinoma,Nausea,10028813,3.4066182507178717,4.359861181118579,PD,1.04775,Low Risk
TCGA-AO-A0JL,21.49525813391554,0,TCGA-AO-A0JL,25.0,Breast Cancer,Breast Invasive Ductal Carcinoma,0.631,0.0,1.34,,IDC,Primary,Matched,243,No,Yes,MSKCC,AO,0.0,Breast,Infiltrating Ductal Carcinoma,Nausea,10028813,1.1359961579302753,0.7022939796836247,PR,5.1893,High Risk
TCGA-AO-A0JM,705.0779022458325,1,TCGA-AO-A0JM,15.0,Breast Cancer,Breast Invasive Ductal Carcinoma,0.3307,0.2626,0.38,35,IDC,Primary,Matched,245,No,Yes,MSKCC,AO,1.166666667,Breast,Infiltrating Ductal Carcinoma,Fatigue,10016256,9.685138325090247,4.842866678811839,PR,3.5017300001000002,High Risk
TCGA-AO-A124,2253.8043643097217,1,TCGA-AO-A124,15.0,Breast Cancer,Breast Invasive Carcinoma (NOS),0.7327,0.3181,2.42,135,BRCNOS,Primary,Matched,412,No,Yes,MSKCC,AO,4.533333333,Breast,Other,Fatigue,10016256,3.2580374112199224,3.9491878430046103,PD,4.6434299999,High Risk
TCGA-AO-A125,685.4259564620355,1,TCGA-AO-A125,5.0,Breast Cancer,Breast Invasive Carcinoma (NOS),0.1154,0.0,0.2,31,BRCNOS,Primary,Matched,2,No,Yes,MSKCC,AO,1.033333333,Breast,Other,Anemia,10002034,7.084236592472927,6.0683299748938575,SD,1.3446199999,Low Risk
TCGA-AO-A126,393.0405537791258,0,TCGA-AO-A126,4.0,Breast Cancer,Breast Invasive Ductal Carcinoma,0.1535,0.0,0.16,20,IDC,Primary,Matched,83,No,Yes,MSKCC,AO,0.633333333,Breast,Infiltrating Ductal Carcinoma,Anemia,10002034,7.3596688289083865,5.5527327383042016,SD,1.0360499999000001,Low Risk
TCGA-AO-A128,824.6617262759855,1,TCGA-AO-A128,25.0,Breast Cancer,Breast Invasive Ductal Carcinoma,0.1548,0.3857,1.03,826,IDC,Primary,Matched,65,No,Yes,MSKCC,AO,27.96666667,Breast,Infiltrating Ductal Carcinoma,Nausea,10028813,6.490066753715372,3.3287388167457332,PR,13.513580001,High Risk
TCGA-AO-A129,490.364779240873,1,TCGA-AO-A129,9.0,Breast Cancer,Breast Invasive Ductal Carcinoma,0.3991,0.0,0.07,109,IDC,Primary,Matched,278,No,Yes,MSKCC,AO,3.666666667,Breast,Infiltrating Ductal Carcinoma,Fatigue,10016256,3.816166547922834,3.9699557959072047,SD,3.0197300001,High Risk
TCGA-AO-A12A,631.0514884610561,0,TCGA-AO-A12A,25.0,Breast Cancer,Breast Invasive Ductal Carcinoma,0.1372,0.2771,0.02,14,IDC,Primary,Matched,3,No,Yes,MSKCC,AO,0.466666667,Breast,Infiltrating Ductal Carcinoma,Fatigue,10016256,3.439866283876592,4.647777859226896,PD,5.2365800001,High Risk
TCGA-AO-A12B,2270.5017169863995,0,TCGA-AO-A12B,19.0,Breast Cancer,Breast Invasive Ductal Carcinoma,0.1121,0.0,0.15,18,IDC,Primary,Matched,3,No,Yes,MSKCC,AO,0.6,Breast,Infiltrating Ductal Carcinoma,Fatigue,10016256,6.379014544324328,9.298253471840253,PD,4.01363,High Risk
TCGA-AO-A12D,390.34202188014973,1,TCGA-AO-A12D,16.0,Breast Cancer,Breast Invasive Ductal Carcinoma,0.325,0.2829,0.07,53,IDC,Primary,Matched,306,No,Yes,MSKCC,AO,1.766666667,Breast,Infiltrating Ductal Carcinoma,Anemia,10002034,8.794860702505224,9.373078385042188,SD,3.8840800001,High Risk
TCGA-AO-A12E,2599.273489205403,1,TCGA-AO-A12E,18.0,Breast Cancer,Breast Invasive Lobular Carcinoma,0.4013,0.0,0,27,ILC,Primary,Matched,47,No,Yes,MSKCC,AO,0.9,Breast,Infiltrating Lobular Carcinoma,Fatigue,10016256,9.52060356031056,9.658284128677815,SD,3.99039,High Risk
TCGA-AO-A12F,1886.0609470159354,1,TCGA-AO-A12F,21.0,Breast Cancer,Breast Invasive Ductal Carcinoma,0.6214,0.3132,1.59,35,IDC,Primary,Matched,290,No,Yes,MSKCC,AO,1.166666667,Breast,Infiltrating Ductal Carcinoma,Nausea,10028813,1.9531522396338188,1.142704189630378,PR,4.7990600001,High Risk
TCGA-AO-A12G,174.31700875236,0,TCGA-AO-A12G,6.0,Breast Cancer,Breast Invasive Carcinoma (NOS),0.2741,0.0,0.16,34,BRCNOS,Primary,Matched,83,No,Yes,MSKCC,AO,1.133333333,Breast,Other,Nausea,10028813,2.3934575133794787,2.510432487431518,SD,1.6222299999,Low Risk
TCGA-AO-A12H,57.50732424252561,1,TCGA-AO-A12H,0.0,Breast Cancer,Breast Invasive Carcinoma (NOS),0.0,0.2725,0.02,21,BRCNOS,Primary,Matched,4,No,Yes,MSKCC,AO,0.7,Breast,Other,Anemia,10002034,9.502626329047716,8.362112364787718,SD,0.2645,Low Risk
TCGA-AO-A1KO,84.98026838530417,1,TCGA-AO-A1KO,0.0,Breast Cancer,Breast Invasive Lobular Carcinoma,0.0,0.3223,0.53,5,ILC,Primary,Matched,2,No,Yes,MSKCC,AO,0.166666667,Breast,Infiltrating Lobular Carcinoma,Pain,10033371,7.628817055013133,8.446132513011387,SD,0.1144600001,Low Risk
TCGA-AO-A1KP,14.711910277786963,0,TCGA-AO-A1KP,7.0,Breast Cancer,Breast Invasive Ductal Carcinoma,0.1817,0.2922,0.23,16,IDC,Primary,Matched,29,No,Yes,MSKCC,AO,0.533333333,Breast,Infiltrating Ductal Carcinoma,Anemia,10002034,8.946944423467958,7.951385242123114,SD,1.6729499999000002,Low Risk
TCGA-AO-A1KQ,79.36400932460332,1,TCGA-AO-A1KQ,0.0,Breast Cancer,Breast Invasive Ductal Carcinoma,0.5026,0.0,,,IDC,Primary,Matched,145,No,Yes,MSKCC,AO,0.0,Breast,Infiltrating Ductal Carcinoma,Pain,10033371,2.8236937072180885,2.0903779763458674,SD,0.15078,Low Risk
TCGA-AO-A1KR,919.0998980617337,1,TCGA-AO-A1KR,13.0,Breast Cancer,Breast Invasive Ductal Carcinoma,0.4509,0.313,0.18,63,IDC,Primary,Matched,326,No,Yes,MSKCC,AO,2.133333333,Breast,Infiltrating Ductal Carcinoma,Fatigue,10016256,6.288272839984617,3.7413039809525723,PR,3.4378699999,High Risk
TCGA-AO-A1KS,59.07970155714162,1,TCGA-AO-A1KS,24.0,Breast Cancer,Breast Invasive Lobular Carcinoma,0.4859,0.3351,0.26,33,ILC,Primary,Matched,119,No,Yes,MSKCC,AO,1.1,Breast,Infiltrating Lobular Carcinoma,Anemia,10002034,7.310256349757263,5.957262734090287,SD,5.342790000000001,High Risk
TCGA-AO-A1KT,307.3257506358948,1,TCGA-AO-A1KT,11.0,Breast Cancer,Breast Invasive Ductal Carcinoma,0.3513,0.3339,0.96,35,IDC,Primary,Matched,69,No,Yes,MSKCC,AO,1.166666667,Breast,Infiltrating Ductal Carcinoma,Nausea,10028813,7.121006969022754,4.248712022994511,PR,2.7221700001,Low Risk
TCGA-AQ-A04H,1490.8208320778217,1,TCGA-AQ-A04H,15.0,Breast Cancer,Breast Invasive Ductal Carcinoma,0.4203,0.2685,0.73,60,IDC,Primary,Matched,240,No,Yes,UNC,AQ,2.0,Breast,Infiltrating Ductal Carcinoma,Fatigue,10016256,4.673365217800283,3.1633866660158754,PR,3.77979,High Risk
TCGA-AQ-A04J,18.837602544569208,1,TCGA-AQ-A04J,5.0,Breast Cancer,Breast Invasive Ductal Carcinoma,0.3431,0.2782,0.01,69,IDC,Primary,Matched,118,No,Yes,UNC,AQ,2.3,Breast,Infiltrating Ductal Carcinoma,Nausea,10028813,1.1385540252217763,1.6934125702086362,PD,1.84857,Low Risk
TCGA-AQ-A04L,1347.6244049487668,1,TCGA-AQ-A04L,19.0,Breast Cancer,Breast Invasive Ductal Carcinoma,0.5876,0.0,1.8,,IDC,Primary,Matched,488,No,Yes,UNC,AQ,0.0,Breast,Infiltrating Ductal Carcinoma,Fatigue,10016256,6.246334511238368,5.897186629688709,SD,3.97628,High Risk
TCGA-AQ-A0Y5,264.8667734717036,1,TCGA-AQ-A0Y5,20.0,Breast Cancer,Breast Invasive Ductal Carcinoma,0.4961,0.3277,0.27,56,IDC,Primary,Matched,213,Yes,No,UNC,AQ,1.833333333,Breast,Infiltrating Ductal Carcinoma,Anemia,10002034,3.2779138526164786,3.38238675755063,SD,4.7643699998999995,High Risk
TCGA-AQ-A1H2,100.60009586328611,0,TCGA-AQ-A1H2,10.0,Breast Cancer,Breast Invasive Ductal Carcinoma,0.3295,0.306,0.19,24,IDC,Primary,Matched,89,Yes,No,UNC,AQ,0.8,Breast,Infiltrating Ductal Carcinoma,Pain,10033371,5.052288215286013,6.939916705037545,PD,2.4000500000000002,Low Risk
TCGA-AQ-A1H3,954.5243267519307,1,TCGA-AQ-A1H3,9.0,Breast Cancer,Breast Invasive Ductal Carcinoma,0.2038,0.3378,0.28,19,IDC,Primary,Matched,6,Yes,No,UNC,AQ,0.666666667,Breast,Infiltrating Ductal Carcinoma,Fatigue,10016256,9.618229135754357,14.384724373227641,PD,2.1287000001000003,Low Risk
TCGA-AQ-A54N,793.1193411465762,0,TCGA-AQ-A54N,23.0,Breast Cancer,Breast Invasive Ductal Carcinoma,0.6816,0.331,1.1,,IDC,Primary,Matched,494,Yes,No,UNC,AQ,0.0,Breast,Infiltrating Ductal Carcinoma,Pain,10033371,4.591317858781912,4.971086187237461,SD,4.87068,High Risk
TCGA-AQ-A54O,1679.5326512695574,1,TCGA-AQ-A54O,20.0,Breast Cancer,Breast Invasive Ductal Carcinoma,0.4149,0.2926,0.08,18,IDC,Primary,Matched,129,Yes,No,UNC,AQ,0.6,Breast,Infiltrating Ductal Carcinoma,Fatigue,10016256,8.55821445997984,11.232432433605222,PD,4.36299,High Risk
TCGA-AQ-A7U7,1062.6348630115203,0,TCGA-AQ-A7U7,10.0,Breast Cancer,Breast Invasive Lobular Carcinoma,0.2481,0.3192,0,58,ILC,Primary,Matched,51,Yes,No,UNC,AQ,1.933333333,Breast,Infiltrating Lobular Carcinoma,Nausea,10028813,2.6968654517432604,2.2301486791627623,SD,2.7182699999,Low Risk
TCGA-AR-A0TP,1301.5966447951826,0,TCGA-AR-A0TP,5.0,Breast Cancer,Breast Invasive Ductal Carcinoma,0.5144,0.3145,1.38,54,IDC,Primary,Matched,145,No,Yes,Mayo,AR,1.8,Breast,Infiltrating Ductal Carcinoma,Nausea,10028813,7.052144482225259,5.682222803598258,SD,1.75722,Low Risk
TCGA-AR-A0TQ,265.06708984539085,1,TCGA-AR-A0TQ,11.0,Breast Cancer,Breast Invasive Ductal Carcinoma,0.1275,0.2818,0.13,31,IDC,Primary,Matched,91,No,Yes,Mayo,AR,1.066666667,Breast,Infiltrating Ductal Carcinoma,Fatigue,10016256,9.793062589950491,8.840234039880933,SD,2.6146100001000003,Low Risk
TCGA-AR-A0TR,156.26663683235756,0,TCGA-AR-A0TR,19.0,Breast Cancer,Breast Invasive Ductal Carcinoma,0.6024,0.2857,0.26,31,IDC,Primary,Matched,23,No,Yes,Mayo,AR,1.033333333,Breast,Infiltrating Ductal Carcinoma,Pain,10033371,1.917037907856431,2.247740869782363,SD,4.347859999900001,High Risk
TCGA-AR-A0TS,1111.0051168043399,0,TCGA-AR-A0TS,14.0,Breast Cancer,Breast Invasive Ductal Carcinoma,0.0895,0.2793,0,69,IDC,Primary,Matched,103,No,Yes,Mayo,AR,2.3,Breast,Infiltrating Ductal Carcinoma,Anemia,10002034,1.074879480044728,1.2707135882597194,SD,3.5727100000000003,High Risk
TCGA-AR-A0TT,1315.3673465947356,1,TCGA-AR-A0TT,12.0,Breast Cancer,Breast Invasive Ductal Carcinoma,0.3875,0.2872,0.22,55,IDC,Primary,Matched,485,No,Yes,Mayo,AR,1.833333333,Breast,Infiltrating Ductal Carcinoma,Anemia,10002034,4.902245133693529,3.996503551305334,SD,3.1236899999000003,High Risk
TCGA-AR-A0TU,3725.6039121121844,1,TCGA-AR-A0TU,0.0,Breast Cancer,Breast Invasive Ductal Carcinoma,0.0,0.3095,1.08,64,IDC,Primary,Matched,211,No,Yes,Mayo,AR,2.066666667,Breast,Infiltrating Ductal Carcinoma,Nausea,10028813,1.8336293474623049,1.1610723000013021,PR,0.6819000000999998,Low Risk
TCGA-AR-A0TV,425.663483322084,1,TCGA-AR-A0TV,15.0,Breast Cancer,Breast Invasive Ductal Carcinoma,0.3859,0.2892,0.3,57,IDC,Primary,Matched,278,No,Yes,Mayo,AR,1.9,Breast,Infiltrating Ductal Carcinoma,Anemia,10002034,7.7354591470860825,8.759604980202155,SD,3.74361,High Risk
TCGA-AR-A0TW,372.19512956938615,0,TCGA-AR-A0TW,16.0,Breast Cancer,Breast Invasive Ductal Carcinoma,0.4849,0.2729,0.2,48,IDC,Primary,Matched,436,No,Yes,Mayo,AR,1.6,Breast,Infiltrating Ductal Carcinoma,Nausea,10028813,9.23093797463703,5.80003706172482,PR,3.88005,High Risk
TCGA-AR-A0TX,1198.3636026748695,0,TCGA-AR-A0TX,7.0,Breast Cancer,Breast Invasive Ductal Carcinoma,0.2237,0.2842,0.08,276,IDC,Primary,Matched,193,No,Yes,Mayo,AR,9.3,Breast,Infiltrating Ductal Carcinoma,Anemia,10002034,4.90618875437883,5.291287815556556,SD,4.31395,High Risk
TCGA-AR-A0TY,333.3869367446025,0,TCGA-AR-A0TY,8.0,Breast Cancer,Breast Invasive Ductal Carcinoma,0.3607,0.2519,0.75,78,IDC,Primary,Matched,263,No,Yes,Mayo,AR,2.7,Breast,Infiltrating Ductal Carcinoma,Fatigue,10016256,3.3284047793989684,3.972191914863107,SD,2.5685900000000004,Low Risk
TCGA-AR-A0TZ,2136.110339519461,1,TCGA-AR-A0TZ,9.0,Breast Cancer,Breast Invasive Ductal Carcinoma,0.8185,0.3295,0.45,55,IDC,Primary,Matched,83,No,Yes,Mayo,AR,1.866666667,Breast,Infiltrating Ductal Carcinoma,Nausea,10028813,4.909629871059488,5.894558066235631,PD,2.6714500001,Low Risk
TCGA-AR-A0U0,1563.8713257329994,0,TCGA-AR-A0U0,20.0,Breast Cancer,Breast Invasive Ductal Carcinoma,0.4875,0.2984,0.78,37,IDC,Primary,Matched,73,No,Yes,Mayo,AR,1.233333333,Breast,Infiltrating Ductal Carcinoma,Nausea,10028813,7.511030360650009,9.414867079392279,PD,4.5759299999,High Risk
TCGA-AR-A0U1,448.28448755372773,1,TCGA-AR-A0U1,6.0,Breast Cancer,Breast Invasive Ductal Carcinoma,0.4237,0.2682,0.15,78,IDC,Primary,Matched,193,No,Yes,Mayo,AR,2.566666667,Breast,Infiltrating Ductal Carcinoma,Fatigue,10016256,1.0814874542233388,1.484730240835576,PD,2.1507500001,Low Risk
TCGA-AR-A0U2,1111.827773196369,1,TCGA-AR-A0U2,22.0,Breast Cancer,Breast Invasive Ductal Carcinoma,0.6621,0.3097,1.19,43,IDC,Primary,Matched,167,No,Yes,Mayo,AR,1.433333333,Breast,Infiltrating Ductal Carcinoma,Nausea,10028813,6.305085905362275,6.304827346177456,SD,5.0905699999000005,High Risk
TCGA-AR-A0U3,1123.7063894840137,1,TCGA-AR-A0U3,14.0,Breast Cancer,Breast Invasive Ductal Carcinoma,0.5081,0.2992,0.58,31,IDC,Primary,Matched,226,No,Yes,Mayo,AR,1.033333333,Breast,Infiltrating Ductal Carcinoma,Anemia,10002034,6.519625163986412,8.020763574030882,PD,3.3222699999000005,High Risk
TCGA-AR-A0U4,87.07001504537442,1,TCGA-AR-A0U4,11.0,Breast Cancer,Breast Invasive Ductal Carcinoma,0.4452,0.0,0.17,145,IDC,Primary,Matched,330,No,Yes,Mayo,AR,4.833333333,Breast,Infiltrating Ductal Carcinoma,Anemia,10002034,6.73919422206342,7.542322431668359,SD,3.7835599999,High Risk
TCGA-AR-A1AH,1862.7565446941055,1,TCGA-AR-A1AH,12.0,Breast Cancer,Breast Invasive Ductal Carcinoma,0.9025,0.2878,1.35,79,IDC,Primary,Matched,229,No,Yes,Mayo,AR,2.666666667,Breast,Infiltrating Ductal Carcinoma,Nausea,10028813,3.178198719827895,2.1822781776476976,PR,3.5283100001000003,High Risk
TCGA-AR-A1AI,562.9659918054035,1,TCGA-AR-A1AI,22.0,Breast Cancer,Breast Invasive Ductal Carcinoma,0.4681,0.2776,0.79,70,IDC,Primary,Matched,258,No,Yes,Mayo,AR,2.333333333,Breast,Medullary Carcinoma,Anemia,10002034,7.426474510403141,3.904020748005539,PR,5.2959499999,High Risk
TCGA-AR-A1AJ,1401.066046018664,1,TCGA-AR-A1AJ,33.0,Breast Cancer,Breast Invasive Ductal Carcinoma,0.0657,0.2632,0,42,IDC,Primary,Matched,42,No,Yes,Mayo,AR,1.4,Breast,Infiltrating Ductal Carcinoma,Pain,10033371,1.8225233769859877,1.4298450156091915,SD,7.092350000000001,High Risk
TCGA-AR-A1AK,308.58834093160664,1,TCGA-AR-A1AK,14.0,Breast Cancer,Breast Invasive Lobular Carcinoma,0.2941,0.2496,0.07,57,ILC,Primary,Matched,34,No,Yes,Mayo,AR,1.933333333,Breast,Infiltrating Lobular Carcinoma,Nausea,10028813,2.7934330282012074,2.6343015019905045,SD,3.5181499999000003,High Risk
TCGA-AR-A1AL,1807.032411636741,1,TCGA-AR-A1AL,3.0,Breast Cancer,Breast Invasive Lobular Carcinoma,0.0817,0.251,0.01,24,ILC,Primary,Matched,10,No,Yes,Mayo,AR,0.8,Breast,Infiltrating Lobular Carcinoma,Fatigue,10016256,8.897230419890338,9.939148991010965,SD,0.9147100000000001,Low Risk
TCGA-AR-A1AM,394.390763248137,1,TCGA-AR-A1AM,3.0,Breast Cancer,Breast Invasive Lobular Carcinoma,0.1216,0.306,0,,ILC,Primary,Matched,14,No,Yes,Mayo,AR,0.0,Breast,Infiltrating Lobular Carcinoma,Pain,10033371,7.648508356539097,10.325175220341691,PD,0.6976800000000001,Low Risk
TCGA-AR-A1AN,8.717445292140383,1,TCGA-AR-A1AN,9.0,Breast Cancer,Breast Invasive Ductal Carcinoma,0.3367,0.2497,0.23,26,IDC,Primary,Matched,229,No,Yes,Mayo,AR,0.833333333,Breast,Infiltrating Ductal Carcinoma,Nausea,10028813,1.1237099861021074,0.7823782646435372,PR,2.2009499999,Low Risk
TCGA-AR-A1AO,1886.325837569963,1,TCGA-AR-A1AO,0.0,Breast Cancer,Breast Invasive Ductal Carcinoma,0.0002,0.261,0,89,IDC,Primary,Matched,7,No,Yes,Mayo,AR,3.0,Breast,Infiltrating Ductal Carcinoma,Fatigue,10016256,3.235386343328202,2.0238952473093588,PR,0.9522599999999999,Low Risk
TCGA-AR-A1AP,76.58048843878021,1,TCGA-AR-A1AP,12.0,Breast Cancer,Breast Invasive Ductal Carcinoma,0.2882,0.288,0.69,32,IDC,Primary,Matched,169,No,Yes,Mayo,AR,1.066666667,Breast,Infiltrating Ductal Carcinoma,Anemia,10002034,2.929658346938481,4.287496243695253,PD,2.8640600001000003,High Risk
TCGA-AR-A1AQ,307.72290670803113,1,TCGA-AR-A1AQ,18.0,Breast Cancer,Breast Invasive Ductal Carcinoma,0.4982,0.283,0.39,39,IDC,Primary,Matched,90,No,Yes,Mayo,AR,1.266666667,Breast,Infiltrating Ductal Carcinoma,Fatigue,10016256,3.437256952332753,2.090005389044661,PR,4.1860600001,High Risk
TCGA-AR-A1AR,2397.5779065506285,1,TCGA-AR-A1AR,17.0,Breast Cancer,Breast Invasive Ductal Carcinoma,0.4696,0.2662,0.03,47,IDC,Primary,Matched,179,No,Yes,Mayo,AR,1.566666667,Breast,Infiltrating Ductal Carcinoma,Pain,10033371,3.2280379325189776,3.158606290937093,SD,4.0641200001,High Risk
TCGA-AR-A1AS,2406.3596320831916,1,TCGA-AR-A1AS,6.0,Breast Cancer,Breast Invasive Ductal Carcinoma,0.1378,0.2916,0.17,29,IDC,Primary,Matched,23,No,Yes,Mayo,AR,0.966666667,Breast,Infiltrating Ductal Carcinoma,Anemia,10002034,1.5627366616856118,1.6964502375814292,SD,1.5896600001000003,Low Risk
TCGA-AR-A1AT,681.597832844211,1,TCGA-AR-A1AT,0.0,Breast Cancer,Breast Invasive Lobular Carcinoma,0.0,0.2816,0.07,27,ILC,Primary,Matched,,No,Yes,Mayo,AR,0.9,Breast,Infiltrating Lobular Carcinoma,Nausea,10028813,5.130464649371383,5.342734653225207,SD,0.32632000000000005,Low Risk
TCGA-AR-A1AU,799.3840643124197,1,TCGA-AR-A1AU,6.0,Breast Cancer,Breast Invasive Ductal Carcinoma,0.2156,0.2861,0.16,19,IDC,Primary,Matched,180,No,Yes,Mayo,AR,0.6,Breast,Infiltrating Ductal Carcinoma,Anemia,10002034,7.594601273075487,4.4506805658655635,PR,1.5019000000000002,Low Risk
TCGA-AR-A1AV,476.0117308982861,0,TCGA-AR-A1AV,23.0,Breast Cancer,Breast Invasive Ductal Carcinoma,0.189,0.2618,0.47,41,IDC,Primary,Matched,44,No,Yes,Mayo,AR,1.4,Breast,Infiltrating Ductal Carcinoma,Nausea,10028813,6.4605855224569275,3.598720016230643,PR,5.129060000000001,High Risk
TCGA-AR-A1AW,277.6182229969576,1,TCGA-AR-A1AW,12.0,Breast Cancer,Breast Invasive Ductal Carcinoma,0.1214,0.2572,0.02,29,IDC,Primary,Matched,78,No,Yes,Mayo,AR,1.0,Breast,Infiltrating Ductal Carcinoma,Nausea,10028813,7.055845017382718,4.272197224758759,PR,2.7878600000000002,Low Risk
TCGA-AR-A1AX,318.78906764031177,1,TCGA-AR-A1AX,7.0,Breast Cancer,Breast Invasive Ductal Carcinoma,0.0366,0.2683,0,26,IDC,Primary,Matched,20,No,Yes,Mayo,AR,0.866666667,Breast,Infiltrating Ductal Carcinoma,Fatigue,10016256,1.7303426068261523,1.8784386228505014,SD,1.7246400001,Low Risk
TCGA-AR-A1AY,893.058863942805,1,TCGA-AR-A1AY,13.0,Breast Cancer,Breast Invasive Ductal Carcinoma,0.5101,0.2776,1.18,57,IDC,Primary,Matched,115,No,Yes,Mayo,AR,1.9,Breast,Infiltrating Ductal Carcinoma,Fatigue,10016256,9.563416391591085,9.987505016876415,SD,3.37855,High Risk
TCGA-AR-A24H,1116.6702989304617,1,TCGA-AR-A24H,15.0,Breast Cancer,Breast Invasive Lobular Carcinoma,0.4579,0.2995,0.61,125,ILC,Primary,Matched,164,No,Yes,Mayo,AR,4.166666667,Breast,Infiltrating Lobular Carcinoma,Fatigue,10016256,8.546426504587224,6.270861752559654,SD,4.4472700001,High Risk
TCGA-AR-A24K,1254.5563329769188,1,TCGA-AR-A24K,18.0,Breast Cancer,Breast Invasive Ductal Carcinoma,0.2005,0.3624,1.28,29,IDC,Primary,Matched,103,No,Yes,Mayo,AR,0.966666667,Breast,Infiltrating Ductal Carcinoma,Pain,10033371,8.245812866460964,9.381872657956961,SD,4.0226300001,High Risk
TCGA-AR-A24L,1247.0648254789933,1,TCGA-AR-A24L,8.0,Breast Cancer,Breast Invasive Ductal Carcinoma,0.3426,0.3085,0.09,40,IDC,Primary,Matched,84,No,Yes,Mayo,AR,1.333333333,Breast,Infiltrating Ductal Carcinoma,Pain,10033371,8.406854245375907,11.097615083839305,PD,2.1644799999,Low Risk
TCGA-AR-A24M,76.50955723225556,1,TCGA-AR-A24M,4.0,Breast Cancer,Breast Invasive Carcinoma (NOS),0.1579,0.3199,0.28,14,BRCNOS,Primary,Matched,26,No,Yes,Mayo,AR,0.466666667,Breast,Mixed Histology (NOS),Fatigue,10016256,9.394394573194852,5.087806441339353,PR,1.0513500001,Low Risk
TCGA-AR-A24N,545.6396772586847,1,TCGA-AR-A24N,3.0,Breast Cancer,Breast Invasive Ductal Carcinoma,0.1106,0.3066,0.05,32,IDC,Primary,Matched,5,No,Yes,Mayo,AR,1.066666667,Breast,Infiltrating Ductal Carcinoma,Pain,10033371,5.898285695023279,5.887255567803812,SD,1.0145000001,Low Risk
TCGA-AR-A24O,47.42536515899023,1,TCGA-AR-A24O,5.0,Breast Cancer,Breast Invasive Carcinoma (NOS),0.0332,0.3187,0.08,20,BRCNOS,Primary,Matched,21,No,Yes,Mayo,AR,0.666666667,Breast,Mixed Histology (NOS),Anemia,10002034,2.8025381608086333,3.3330878149648315,SD,1.2737000001,Low Risk
TCGA-AR-A24P,637.9690525563143,0,TCGA-AR-A24P,8.0,Breast Cancer,Breast Invasive Ductal Carcinoma,0.1587,0.3262,0.21,21,IDC,Primary,Matched,1,No,Yes,Mayo,AR,0.7,Breast,Infiltrating Ductal Carcinoma,Anemia,10002034,6.551052470672871,4.928434908546542,SD,1.9228500000000002,Low Risk
TCGA-AR-A24Q,466.04421998982684,0,TCGA-AR-A24Q,16.0,Breast Cancer,Breast Invasive Ductal Carcinoma,0.664,0.3299,0.42,162,IDC,Primary,Matched,196,No,Yes,Mayo,AR,5.433333333,Breast,Infiltrating Ductal Carcinoma,Pain,10033371,7.685933443011451,6.20847341528425,SD,5.0951799999,High Risk
TCGA-AR-A24R,1749.294931376641,0,TCGA-AR-A24R,17.0,Breast Cancer,Breast Invasive Ductal Carcinoma,0.3412,0.3522,0.72,22,IDC,Primary,Matched,145,No,Yes,Mayo,AR,0.733333333,Breast,Infiltrating Ductal Carcinoma,Pain,10033371,7.6412565401862285,8.509592909616906,SD,3.7927999999,High Risk
TCGA-AR-A24S,345.7532955743081,0,TCGA-AR-A24S,16.0,Breast Cancer,Breast Invasive Ductal Carcinoma,0.3411,0.3249,0.04,44,IDC,Primary,Matched,144,No,Yes,Mayo,AR,1.466666667,Breast,Infiltrating Ductal Carcinoma,Anemia,10002034,5.693041217501921,7.958503244975837,PD,3.8073100001,High Risk
TCGA-AR-A24T,99.60478204196069,1,TCGA-AR-A24T,0.0,Breast Cancer,Breast Invasive Lobular Carcinoma,0.2168,0.3378,0.17,23,ILC,Primary,Matched,33,No,Yes,Mayo,AR,0.766666667,Breast,Infiltrating Lobular Carcinoma,Nausea,10028813,1.6161284740022026,2.1170061544423446,PD,0.3626000001,Low Risk
TCGA-AR-A24U,123.44612363369549,1,TCGA-AR-A24U,8.0,Breast Cancer,Breast Invasive Ductal Carcinoma,0.1646,0.3456,0.49,34,IDC,Primary,Matched,178,No,Yes,Mayo,AR,1.133333333,Breast,Infiltrating Ductal Carcinoma,Anemia,10002034,4.34001644587115,4.700802963912214,SD,2.0584999999,Low Risk
TCGA-AR-A24V,1146.744437663275,1,TCGA-AR-A24V,23.0,Breast Cancer,Breast Invasive Ductal Carcinoma,0.2671,0.3138,0.59,20,IDC,Primary,Matched,91,No,Yes,Mayo,AR,0.666666667,Breast,Infiltrating Ductal Carcinoma,Anemia,10002034,9.286899476170216,11.424945426213021,PD,4.9428900001,High Risk
TCGA-AR-A24W,770.324543798428,1,TCGA-AR-A24W,28.0,Breast Cancer,Breast Invasive Ductal Carcinoma,0.1024,0.3248,0.03,15,IDC,Primary,Matched,60,No,Yes,Mayo,AR,0.466666667,Breast,Infiltrating Ductal Carcinoma,Pain,10033371,6.260040187816834,5.413823418827847,SD,5.835680000100001,High Risk
TCGA-AR-A24X,85.28696979630836,0,TCGA-AR-A24X,4.0,Breast Cancer,Breast Invasive Carcinoma (NOS),0.0713,0.3918,1.71,27,BRCNOS,Primary,Matched,2,No,Yes,Mayo,AR,0.9,Breast,Mixed Histology (NOS),Anemia,10002034,5.84498748930142,6.668929237461427,SD,1.16975,Low Risk
TCGA-AR-A24Z,70.28441733488407,1,TCGA-AR-A24Z,18.0,Breast Cancer,Breast Invasive Ductal Carcinoma,0.5036,0.3301,1.07,42,IDC,Primary,Matched,480,No,Yes,Mayo,AR,1.433333333,Breast,Infiltrating Ductal Carcinoma,Pain,10033371,3.419681629439742,3.3040334378817664,SD,4.2470999999,High Risk
TCGA-AR-A250,965.7667773224798,0,TCGA-AR-A250,19.0,Breast Cancer,Breast Invasive Ductal Carcinoma,0.3845,0.3337,1.63,116,IDC,Primary,Matched,165,No,Yes,Mayo,AR,3.933333333,Breast,Infiltrating Ductal Carcinoma,Pain,10033371,4.31604027924921,2.977792155060412,PR,5.1620899999,High Risk
TCGA-AR-A251,60.43687162063771,1,TCGA-AR-A251,13.0,Breast Cancer,Breast Invasive Ductal Carcinoma,0.6718,0.3554,1.79,159,IDC,Primary,Matched,393,No,Yes,Mayo,AR,5.3,Breast,Infiltrating Ductal Carcinoma,Fatigue,10016256,9.058114802378523,10.885483247192397,PD,4.46262,High Risk
TCGA-AR-A252,1380.148683046865,0,TCGA-AR-A252,16.0,Breast Cancer,Breast Invasive Ductal Carcinoma,0.0162,0.3281,0.21,14,IDC,Primary,Matched,99,No,Yes,Mayo,AR,0.466666667,Breast,Infiltrating Ductal Carcinoma,Anemia,10002034,6.998167427741522,7.393316413655286,SD,3.4104800001,High Risk
TCGA-AR-A254,979.999802504004,1,TCGA-AR-A254,11.0,Breast Cancer,Breast Invasive Ductal Carcinoma,0.2369,0.3291,0.52,33,IDC,Primary,Matched,269,No,Yes,Mayo,AR,1.1,Breast,Infiltrating Ductal Carcinoma,Nausea,10028813,8.086483240770995,6.943229032631996,SD,2.6668900000000004,Low Risk
TCGA-AR-A255,67.87900046424966,1,TCGA-AR-A255,25.0,Breast Cancer,Breast Invasive Ductal Carcinoma,0.6568,0.3501,1.78,67,IDC,Primary,Matched,135,No,Yes,Mayo,AR,2.233333333,Breast,Infiltrating Ductal Carcinoma,Fatigue,10016256,5.089108807608897,7.182458702752767,PD,5.9370599999,High Risk
TCGA-AR-A256,70.92309422224535,1,TCGA-AR-A256,17.0,Breast Cancer,Breast Invasive Ductal Carcinoma,0.6832,0.3504,4.53,171,IDC,Primary,Matched,570,No,Yes,Mayo,AR,5.666666667,Breast,Infiltrating Ductal Carcinoma,Pain,10033371,6.672224975105421,3.47578963134804,PR,5.3750400001,High Risk
TCGA-AR-A2LE,3452.366849646474,1,TCGA-AR-A2LE,4.0,Breast Cancer,Breast Invasive Lobular Carcinoma,0.0725,0.3011,0.03,256,ILC,Primary,Matched,8,No,Yes,Mayo,AR,8.633333333,Breast,Infiltrating Lobular Carcinoma,Pain,10033371,3.2354524786888677,2.6393952642580105,SD,3.4719699998999998,High Risk
TCGA-AR-A2LH,375.07006604183164,1,TCGA-AR-A2LH,3.0,Breast Cancer,Breast Invasive Lobular Carcinoma,0.0,0.3086,0.01,59,ILC,Primary,Matched,3,No,Yes,Mayo,AR,2.0,Breast,Infiltrating Lobular Carcinoma,Nausea,10028813,7.349147472551376,4.0926035169884685,PR,1.26172,Low Risk
TCGA-AR-A2LJ,370.44420838024996,1,TCGA-AR-A2LJ,3.0,Breast Cancer,Breast Invasive Lobular Carcinoma,0.0874,0.2971,0.01,,ILC,Primary,Matched,45,No,Yes,Mayo,AR,0.0,Breast,Infiltrating Lobular Carcinoma,Pain,10033371,4.8484120033300355,6.140646242514312,PD,0.68564,Low Risk
TCGA-AR-A2LK,1340.4603226261418,0,TCGA-AR-A2LK,26.0,Breast Cancer,Breast Invasive Lobular Carcinoma,0.6563,0.3271,1.05,33,ILC,Primary,Matched,32,No,Yes,Mayo,AR,1.066666667,Breast,Infiltrating Lobular Carcinoma,Anemia,10002034,4.98290963333271,5.989992813404676,PD,5.7823100001,High Risk
TCGA-AR-A2LM,2353.7316303705948,1,TCGA-AR-A2LM,4.0,Breast Cancer,Breast Invasive Lobular Carcinoma,0.1,0.2864,0.13,11,ILC,Primary,Matched,45,No,Yes,Mayo,AR,0.366666667,Breast,Infiltrating Lobular Carcinoma,Fatigue,10016256,6.843900921191935,5.689692215644439,SD,0.9972800001000001,Low Risk
TCGA-AR-A2LN,3415.019151681587,1,TCGA-AR-A2LN,2.0,Breast Cancer,Breast Invasive Lobular Carcinoma,0.0982,0.2847,0.03,38,ILC,Primary,Matched,44,No,Yes,Mayo,AR,1.266666667,Breast,Infiltrating Lobular Carcinoma,Pain,10033371,9.42652559322034,11.082416436654675,SD,0.8664000001,Low Risk
TCGA-AR-A2LO,1119.9193840930734,1,TCGA-AR-A2LO,11.0,Breast Cancer,Breast Invasive Lobular Carcinoma,0.2232,0.3064,0.09,16,ILC,Primary,Matched,44,No,Yes,Mayo,AR,0.533333333,Breast,Infiltrating Lobular Carcinoma,Pain,10033371,1.5760571194775883,1.4120482439511293,SD,2.4882399999,Low Risk
TCGA-AR-A2LQ,377.61679969530053,0,TCGA-AR-A2LQ,1.0,Breast Cancer,Breast Invasive Lobular Carcinoma,0.0,0.3312,0,10,ILC,Primary,Matched,1,No,Yes,Mayo,AR,0.333333333,Breast,Infiltrating Lobular Carcinoma,Nausea,10028813,8.422689136123068,10.581035161227152,PD,0.3662399999,Low Risk
TCGA-AR-A5QM,69.7551949583658,1,TCGA-AR-A5QM,19.0,Breast Cancer,Breast Invasive Lobular Carcinoma,0.3151,0.2924,0.04,27,ILC,Primary,Matched,10,No,Yes,Mayo,AR,0.866666667,Breast,Infiltrating Lobular Carcinoma,Anemia,10002034,3.631447993709738,3.4650683476758206,SD,4.213010000100001,High Risk
TCGA-AR-A5QN,1200.9940323637006,1,TCGA-AR-A5QN,6.0,Breast Cancer,Breast Invasive Lobular Carcinoma,0.2012,0.2848,0.03,30,ILC,Primary,Matched,61,No,Yes,Mayo,AR,1.0,Breast,Infiltrating Lobular Carcinoma,Pain,10033371,4.9952750905574,4.557088200058003,SD,1.6173200000000003,Low Risk
TCGA-AR-A5QP,653.8883260491943,1,TCGA-AR-A5QP,8.0,Breast Cancer,Breast Invasive Lobular Carcinoma,0.1282,0.3078,0,27,ILC,Primary,Matched,28,No,Yes,Mayo,AR,0.866666667,Breast,Infiltrating Lobular Carcinoma,Nausea,10028813,1.1972199589750807,1.7176872905612248,PD,1.9600200001,Low Risk
TCGA-AR-A5QQ,441.62650024397897,1,TCGA-AR-A5QQ,7.0,Breast Cancer,Breast Invasive Carcinoma (NOS),0.0004,0.3139,0,66,BRCNOS,Primary,Matched,26,No,Yes,Mayo,AR,2.233333333,Breast,Other,Pain,10033371,3.7094147005088174,2.785321971439392,SD,2.1328999999000002,Low Risk
TCGA-B6-A0I1,1894.5901403824723,1,TCGA-B6-A0I1,9.0,Breast Cancer,Breast Invasive Ductal Carcinoma,0.3742,0.2998,0.82,50,IDC,Primary,Matched,236,No,Yes,Duke,B6,1.7,Breast,Infiltrating Ductal Carcinoma,Nausea,10028813,5.523681183671174,3.42715329739786,PR,2.48222,Low Risk
TCGA-B6-A0I2,94.30416637750419,1,TCGA-B6-A0I2,23.0,Breast Cancer,Breast Invasive Ductal Carcinoma,0.8535,0.2733,0.46,52,IDC,Primary,Matched,73,No,Yes,Duke,B6,1.8,Breast,Infiltrating Ductal Carcinoma,Nausea,10028813,1.505584696126951,1.632871513613319,SD,5.450710000000001,High Risk
TCGA-B6-A0I5,542.8040874983634,1,TCGA-B6-A0I5,11.0,Breast Cancer,Breast Invasive Ductal Carcinoma,0.2451,0.2711,0.08,25,IDC,Primary,Matched,4,No,Yes,Duke,B6,0.833333333,Breast,Infiltrating Ductal Carcinoma,Anemia,10002034,5.419861564448486,7.963520816204815,PD,2.5777499999,Low Risk
TCGA-B6-A0I6,9.134871546033335,0,TCGA-B6-A0I6,0.0,Breast Cancer,Breast Invasive Ductal Carcinoma,0.0,0.2894,2.69,,IDC,Primary,Matched,402,No,Yes,Duke,B6,0.0,Breast,Infiltrating Ductal Carcinoma,Pain,10033371,9.343995659725845,8.202525803003981,SD,0.05788,Low Risk
TCGA-B6-A0I8,505.883495666341,1,TCGA-B6-A0I8,0.0,Breast Cancer,Breast Invasive Ductal Carcinoma,0.0,0.2944,0.57,111,IDC,Primary,Matched,506,No,Yes,Duke,B6,3.733333333,Breast,Infiltrating Ductal Carcinoma,Anemia,10002034,1.948538962970247,1.0951505325523798,PR,1.1788799999,Low Risk
TCGA-B6-A0I9,46.36034485274062,1,TCGA-B6-A0I9,12.0,Breast Cancer,Breast Invasive Ductal Carcinoma,0.495,0.2882,0.58,71,IDC,Primary,Matched,442,No,Yes,Duke,B6,2.4,Breast,Infiltrating Ductal Carcinoma,Nausea,10028813,7.879966552679539,6.613697433887151,SD,3.3261400000000005,High Risk
TCGA-B6-A0IA,101.19279674493697,1,TCGA-B6-A0IA,6.0,Breast Cancer,Breast Invasive Carcinoma (NOS),0.2386,0.2676,0.3,26,BRCNOS,Primary,Matched,49,No,Yes,Duke,B6,0.9,Breast,Other,Fatigue,10016256,4.687039480383934,4.714841378363694,SD,1.5951000000000002,Low Risk
TCGA-B6-A0IB,100.02098560596502,0,TCGA-B6-A0IB,21.0,Breast Cancer,Breast Invasive Ductal Carcinoma,0.5461,0.278,0.25,66,IDC,Primary,Matched,32,No,Yes,Duke,B6,2.2,Breast,Infiltrating Ductal Carcinoma,Pain,10033371,6.896563430719042,4.564994001491323,PR,5.07943,High Risk
TCGA-B6-A0IC,838.0547091255772,1,TCGA-B6-A0IC,4.0,Breast Cancer,Breast Invasive Carcinoma (NOS),0.0787,0.269,0.11,29,BRCNOS,Primary,Matched,30,No,Yes,Duke,B6,1.0,Breast,Other,Fatigue,10016256,3.342129381867064,3.8705274501720193,SD,1.17741,Low Risk
TCGA-B6-A0IE,1096.4781740771782,0,TCGA-B6-A0IE,12.0,Breast Cancer,Breast Invasive Carcinoma (NOS),0.349,0.2736,0.22,29,BRCNOS,Primary,Matched,112,No,Yes,Duke,B6,1.0,Breast,Mixed Histology (NOS),Pain,10033371,2.4354303628722245,3.6476643379687657,PD,2.85942,High Risk
TCGA-B6-A0IG,700.4430217622948,1,TCGA-B6-A0IG,11.0,Breast Cancer,Breast Invasive Ductal Carcinoma,0.3174,0.0,0.24,37,IDC,Primary,Matched,157,No,Yes,Duke,B6,1.233333333,Breast,Infiltrating Ductal Carcinoma,Anemia,10002034,2.444163528441038,2.3262069157714302,SD,2.6652199999,Low Risk
TCGA-B6-A0IH,2619.7761672819015,1,TCGA-B6-A0IH,27.0,Breast Cancer,Breast Invasive Lobular Carcinoma,0.1988,0.2791,0.02,37,ILC,Primary,Matched,36,No,Yes,Duke,B6,1.233333333,Breast,Infiltrating Lobular Carcinoma,Anemia,10002034,1.634427510788302,1.3969918673762394,SD,5.8854599999,High Risk
TCGA-B6-A0IJ,375.83726233621377,1,TCGA-B6-A0IJ,14.0,Breast Cancer,Breast Invasive Ductal Carcinoma,0.5979,0.2882,0.38,131,IDC,Primary,Matched,306,No,Yes,Duke,B6,4.4,Breast,Infiltrating Ductal Carcinoma,Anemia,10002034,2.670820344111187,2.40561901280721,SD,4.357010000000001,High Risk
TCGA-B6-A0IK,269.175325936447,0,TCGA-B6-A0IK,13.0,Breast Cancer,Breast Invasive Ductal Carcinoma,0.3518,0.2595,0.25,114,IDC,Primary,Matched,131,No,Yes,Duke,B6,3.8,Breast,Infiltrating Ductal Carcinoma,Anemia,10002034,6.977974464900714,4.292474325022972,PR,3.89744,High Risk
TCGA-B6-A0IM,1623.6020305361837,1,TCGA-B6-A0IM,9.0,Breast Cancer,Breast Invasive Carcinoma (NOS),0.2215,0.2982,0.17,28,BRCNOS,Primary,Matched,53,No,Yes,Duke,B6,0.933333333,Breast,Other,Anemia,10002034,8.935215506591572,12.359847733322365,PD,2.2060899999,Low Risk
TCGA-B6-A0IN,202.4656541854827,0,TCGA-B6-A0IN,7.0,Breast Cancer,Breast Invasive Carcinoma (NOS),0.2325,0.2872,0.12,29,BRCNOS,Primary,Matched,257,No,Yes,Duke,B6,0.966666667,Breast,Other,Fatigue,10016256,8.327131170320456,7.617873231500694,SD,1.8171900001,Low Risk
TCGA-B6-A0IO,2642.296085001529,0,TCGA-B6-A0IO,21.0,Breast Cancer,Breast Invasive Ductal Carcinoma,0.327,0.0,0.24,58,IDC,Primary,Matched,194,No,Yes,Duke,B6,1.933333333,Breast,Infiltrating Ductal Carcinoma,Anemia,10002034,7.166208788870357,6.35839368529247,SD,4.8780999999,High Risk
TCGA-B6-A0IP,9.783155487175446,1,TCGA-B6-A0IP,2.0,Breast Cancer,Breast Invasive Lobular Carcinoma,0.0661,0.0,0.01,36,ILC,Primary,Matched,7,No,Yes,Duke,B6,1.2,Breast,Infiltrating Lobular Carcinoma,Nausea,10028813,1.9938867706999241,2.3122910933054572,SD,0.77983,Low Risk
TCGA-B6-A0IQ,2802.021538303585,1,TCGA-B6-A0IQ,14.0,Breast Cancer,Breast Invasive Ductal Carcinoma,0.5981,0.0,0.53,65,IDC,Primary,Matched,290,No,Yes,Duke,B6,2.166666667,Breast,Infiltrating Ductal Carcinoma,Nausea,10028813,3.6026870166635483,3.393851574851706,SD,3.6294300001,High Risk
TCGA-B6-A0RE,35.295198894801516,1,TCGA-B6-A0RE,20.0,Breast Cancer,Breast Invasive Ductal Carcinoma,0.5386,0.3045,1.22,141,IDC,Primary,Matched,139,No,Yes,Duke,B6,4.666666667,Breast,Infiltrating Ductal Carcinoma,Fatigue,10016256,3.7882618779022206,4.349809076816192,SD,5.6224800001,High Risk
TCGA-B6-A0RG,1774.176983328007,1,TCGA-B6-A0RG,7.0,Breast Cancer,Breast Invasive Ductal Carcinoma,0.3585,0.2716,0.49,68,IDC,Primary,Matched,58,No,Yes,Duke,B6,2.266666667,Breast,Infiltrating Ductal Carcinoma,Pain,10033371,3.249612517578591,1.8244828923570684,PR,2.2418700001,Low Risk
TCGA-B6-A0RH,600.1146002795123,0,TCGA-B6-A0RH,10.0,Breast Cancer,Breast Invasive Ductal Carcinoma,0.2783,0.2945,0.22,36,IDC,Primary,Matched,194,No,Yes,Duke,B6,1.266666667,Breast,Infiltrating Ductal Carcinoma,Nausea,10028813,5.635050937387508,7.402897959509789,PD,2.5223900000999997,Low Risk
TCGA-B6-A0RI,3965.462886340826,0,TCGA-B6-A0RI,3.0,Breast Cancer,Breast Invasive Ductal Carcinoma,0.0928,0.2565,0.02,20,IDC,Primary,Matched,19,No,Yes,Duke,B6,0.666666667,Breast,Infiltrating Ductal Carcinoma,Pain,10033371,5.819984333917053,8.383710438703712,PD,0.8791400001,Low Risk
TCGA-B6-A0RL,61.32910076356395,1,TCGA-B6-A0RL,9.0,Breast Cancer,Breast Invasive Ductal Carcinoma,0.3215,0.2985,0.93,53,IDC,Primary,Matched,141,No,Yes,Duke,B6,1.733333333,Breast,Infiltrating Ductal Carcinoma,Fatigue,10016256,4.211973776539992,4.838569681900171,SD,2.4761499999,Low Risk
TCGA-B6-A0RM,645.6877309866791,1,TCGA-B6-A0RM,4.0,Breast Cancer,Breast Invasive Ductal Carcinoma,0.0804,0.2781,0.09,28,IDC,Primary,Matched,16,No,Yes,Duke,B6,0.933333333,Breast,Infiltrating Ductal Carcinoma,Pain,10033371,4.184102428627924,6.086052835537582,PD,1.1597399999,Low Risk
TCGA-B6-A0RN,2786.860177004804,0,TCGA-B6-A0RN,4.0,Breast Cancer,Breast Invasive Ductal Carcinoma,0.0741,0.264,0.04,25,IDC,Primary,Matched,5,No,Yes,Duke,B6,0.833333333,Breast,Infiltrating Ductal Carcinoma,Pain,10033371,8.457000381154732,5.509163330923289,PR,1.1250299999,Low Risk
TCGA-B6-A0RO,592.3551465448352,1,TCGA-B6-A0RO,19.0,Breast Cancer,Breast Invasive Ductal Carcinoma,0.4705,0.2783,0.13,35,IDC,Primary,Matched,52,No,Yes,Duke,B6,1.166666667,Breast,Infiltrating Ductal Carcinoma,Pain,10033371,8.10363563487717,7.920624663178851,SD,4.3468100001000005,High Risk
TCGA-B6-A0RP,794.1026323049499,0,TCGA-B6-A0RP,20.0,Breast Cancer,Breast Invasive Carcinoma (NOS),0.4882,0.2791,0.01,21,BRCNOS,Primary,Matched,5,No,Yes,Duke,B6,0.7,Breast,Mixed Histology (NOS),Pain,10033371,3.770162485126711,4.153990414181113,SD,4.41228,High Risk
TCGA-B6-A0RQ,951.9209904934194,1,TCGA-B6-A0RQ,0.0,Breast Cancer,Breast Invasive Lobular Carcinoma,0.0134,0.2823,0.02,41,ILC,Primary,Matched,2,No,Yes,Duke,B6,1.366666667,Breast,Infiltrating Lobular Carcinoma,Fatigue,10016256,9.224095994859333,9.97804267697033,SD,0.4704800001,Low Risk
TCGA-B6-A0RS,484.9022045415607,1,TCGA-B6-A0RS,13.0,Breast Cancer,Breast Invasive Ductal Carcinoma,0.4276,0.3095,0.22,137,IDC,Primary,Matched,247,No,Yes,Duke,B6,4.633333333,Breast,Infiltrating Ductal Carcinoma,Nausea,10028813,9.575335153022554,8.631798662417568,SD,4.1801799999,High Risk
TCGA-B6-A0RT,790.1393384064177,1,TCGA-B6-A0RT,2.0,Breast Cancer,Breast Invasive Ductal Carcinoma,0.0237,0.2897,0.01,56,IDC,Primary,Matched,48,No,Yes,Duke,B6,1.866666667,Breast,Infiltrating Ductal Carcinoma,Anemia,10002034,3.9406828782703673,3.3026248825349596,SD,1.0250500000999998,Low Risk
TCGA-B6-A0RU,702.2606894446045,1,TCGA-B6-A0RU,13.0,Breast Cancer,Breast Invasive Carcinoma (NOS),0.3834,0.2802,0.25,45,BRCNOS,Primary,Matched,62,No,Yes,Duke,B6,1.533333333,Breast,Other,Pain,10033371,4.1898245391374935,2.626282671402618,PR,3.2310599999000003,High Risk
TCGA-B6-A0RV,1851.386215586118,1,TCGA-B6-A0RV,7.0,Breast Cancer,Breast Invasive Carcinoma (NOS),0.1644,0.2622,0,38,BRCNOS,Primary,Matched,110,No,Yes,Duke,B6,1.266666667,Breast,Mixed Histology (NOS),Nausea,10028813,5.550707380797629,4.949801402106602,SD,1.8817600001,Low Risk
TCGA-B6-A0WS,37.20916939478478,1,TCGA-B6-A0WS,9.0,Breast Cancer,Breast Invasive Ductal Carcinoma,0.2277,0.2843,0.12,14,IDC,Primary,Matched,62,No,Yes,Duke,B6,0.466666667,Breast,Infiltrating Ductal Carcinoma,Nausea,10028813,9.470087312803061,6.27545577782219,PR,2.0651700001,Low Risk
TCGA-B6-A0WT,263.87418071900674,1,TCGA-B6-A0WT,3.0,Breast Cancer,Breast Invasive Ductal Carcinoma,0.152,0.2875,0.05,15,IDC,Primary,Matched,49,No,Yes,Duke,B6,0.466666667,Breast,Infiltrating Ductal Carcinoma,Fatigue,10016256,8.886874898280805,10.9696533457181,PD,0.8431000001000001,Low Risk
TCGA-B6-A0WV,2403.196804688745,0,TCGA-B6-A0WV,24.0,Breast Cancer,Breast Invasive Ductal Carcinoma,0.4345,0.2725,0.52,29,IDC,Primary,Matched,45,No,Yes,Duke,B6,0.966666667,Breast,Infiltrating Ductal Carcinoma,Nausea,10028813,1.9231116632523082,1.3631610393236906,SD,5.274850000100001,High Risk
TCGA-B6-A0WW,1767.7406627627888,0,TCGA-B6-A0WW,9.0,Breast Cancer,Breast Invasive Ductal Carcinoma,0.3127,0.2824,0.67,34,IDC,Primary,Matched,70,No,Yes,Duke,B6,1.133333333,Breast,Infiltrating Ductal Carcinoma,Fatigue,10016256,4.534576689442746,2.532857212874718,PR,2.2902899999,Low Risk
TCGA-B6-A0WX,486.540209567696,1,TCGA-B6-A0WX,16.0,Breast Cancer,Breast Invasive Carcinoma (NOS),0.4622,0.3032,0.18,27,BRCNOS,Primary,Matched,110,No,Yes,Duke,B6,0.9,Breast,Other,Pain,10033371,5.9803407077479465,6.293508053443891,SD,3.6693000000000002,High Risk
TCGA-B6-A0WY,774.3464229911818,1,TCGA-B6-A0WY,25.0,Breast Cancer,Breast Invasive Ductal Carcinoma,0.0836,0.2894,0.08,31,IDC,Primary,Matched,69,No,Yes,Duke,B6,1.033333333,Breast,Infiltrating Ductal Carcinoma,Pain,10033371,5.52819225296386,6.054640523635075,SD,5.3929599999,High Risk
TCGA-B6-A0WZ,259.8987359161041,1,TCGA-B6-A0WZ,11.0,Breast Cancer,Breast Invasive Ductal Carcinoma,0.2496,0.2808,0.04,55,IDC,Primary,Matched,11,No,Yes,Duke,B6,1.866666667,Breast,Infiltrating Ductal Carcinoma,Anemia,10002034,2.7447676114320343,3.7655825363033033,PD,2.8910400001000003,High Risk
TCGA-B6-A0X0,166.7233291488516,1,TCGA-B6-A0X0,5.0,Breast Cancer,Breast Invasive Carcinoma (NOS),0.1143,0.263,0.05,18,BRCNOS,Primary,Matched,9,No,Yes,Duke,B6,0.633333333,Breast,Other,Anemia,10002034,8.729350940513392,9.40135045127392,SD,1.2768899999,Low Risk
TCGA-B6-A0X1,498.446879043279,1,TCGA-B6-A0X1,13.0,Breast Cancer,Breast Invasive Ductal Carcinoma,0.8331,0.2987,1.54,66,IDC,Primary,Matched,448,No,Yes,Duke,B6,2.266666667,Breast,Infiltrating Ductal Carcinoma,Anemia,10002034,7.092467046971536,5.9965450938789004,SD,3.5896700001,High Risk
TCGA-B6-A0X4,348.76282769338667,1,TCGA-B6-A0X4,0.0,Breast Cancer,Breast Invasive Ductal Carcinoma,0.0305,0.2706,0,18,IDC,Primary,Matched,5,No,Yes,Duke,B6,0.6,Breast,Infiltrating Ductal Carcinoma,Nausea,10028813,8.541175373666231,11.12925299408711,PD,0.24327,Low Risk
TCGA-B6-A0X5,700.9949648053145,1,TCGA-B6-A0X5,3.0,Breast Cancer,Breast Invasive Ductal Carcinoma,0.0827,0.2756,0.01,36,IDC,Primary,Matched,6,No,Yes,Duke,B6,1.2,Breast,Infiltrating Ductal Carcinoma,Pain,10033371,8.72887851414525,9.080468079462483,SD,1.03993,Low Risk
TCGA-B6-A0X7,64.73782754654783,1,TCGA-B6-A0X7,5.0,Breast Cancer,Breast Invasive Carcinoma (NOS),0.1698,0.0,0.16,16,BRCNOS,Primary,Matched,51,No,Yes,Duke,B6,0.533333333,Breast,Mixed Histology (NOS),Fatigue,10016256,7.735202682991658,4.480850411883366,PR,1.2109399999,Low Risk
TCGA-B6-A1KC,2931.9680980180538,1,TCGA-B6-A1KC,27.0,Breast Cancer,Breast Invasive Ductal Carcinoma,0.5293,0.3311,1.45,26,IDC,Primary,Matched,38,No,Yes,Duke,B6,0.866666667,Breast,Infiltrating Ductal Carcinoma,Anemia,10002034,4.9528954112474555,5.279046349251009,SD,5.8850100001,High Risk
TCGA-B6-A1KF,3427.0924604420306,1,TCGA-B6-A1KF,22.0,Breast Cancer,Breast Invasive Ductal Carcinoma,0.5575,0.3198,0.99,46,IDC,Primary,Matched,93,No,Yes,Duke,B6,1.566666667,Breast,Infiltrating Ductal Carcinoma,Fatigue,10016256,6.494920795138821,9.14496893060027,PD,5.1012100001,High Risk
TCGA-B6-A1KI,958.2911055302314,0,TCGA-B6-A1KI,29.0,Breast Cancer,Breast Invasive Ductal Carcinoma,0.1086,0.3202,0.28,21,IDC,Primary,Matched,5,No,Yes,Duke,B6,0.7,Breast,Infiltrating Ductal Carcinoma,Fatigue,10016256,2.4432886550776884,2.189950469282699,SD,6.10662,High Risk
TCGA-B6-A1KN,614.4627475296719,1,TCGA-B6-A1KN,17.0,Breast Cancer,Breast Invasive Ductal Carcinoma,0.2858,0.3308,0.82,59,IDC,Primary,Matched,293,No,Yes,Duke,B6,1.966666667,Breast,Infiltrating Ductal Carcinoma,Anemia,10002034,7.062808757274169,5.6242968473012835,SD,4.141900000100001,High Risk
TCGA-B6-A2IU,296.303441243488,1,TCGA-B6-A2IU,9.0,Breast Cancer,Breast Invasive Lobular Carcinoma,0.2248,0.3032,0.03,38,ILC,Primary,Matched,17,No,Yes,Duke,B6,1.233333333,Breast,Infiltrating Lobular Carcinoma,Pain,10033371,2.6132793016535265,1.6815654132714253,PR,2.2980799999,Low Risk
TCGA-B6-A3ZX,1344.7257339903974,1,TCGA-B6-A3ZX,19.0,Breast Cancer,Breast Invasive Carcinoma (NOS),0.0451,0.3137,0,,BRCNOS,Primary,Matched,60,No,Yes,Duke,B6,0.0,Breast,Mixed Histology (NOS),Anemia,10002034,7.245546314591412,4.720078700615807,PR,3.8762700000000003,High Risk
TCGA-B6-A400,923.4636669190526,1,TCGA-B6-A400,6.0,Breast Cancer,Breast Invasive Ductal Carcinoma,0.3384,0.3369,0.48,,IDC,Primary,Matched,170,No,Yes,Duke,B6,0.0,Breast,Infiltrating Ductal Carcinoma,Fatigue,10016256,3.066383446785718,2.860235039219497,SD,1.3689000000000002,Low Risk
TCGA-B6-A401,141.9789232803907,0,TCGA-B6-A401,24.0,Breast Cancer,Breast Invasive Ductal Carcinoma,0.3026,0.3196,0,19,IDC,Primary,Matched,47,No,Yes,Duke,B6,0.633333333,Breast,Infiltrating Ductal Carcinoma,Anemia,10002034,2.0579617013519798,2.254867115068499,SD,5.1446999999,High Risk
TCGA-B6-A402,1934.640873599302,1,TCGA-B6-A402,17.0,Breast Cancer,Breast Invasive Ductal Carcinoma,0.5552,0.3349,0.48,,IDC,Primary,Matched,234,No,Yes,Duke,B6,0.0,Breast,Infiltrating Ductal Carcinoma,Fatigue,10016256,2.487560411286617,1.4443158960830402,PR,3.6335400000000004,High Risk
TCGA-B6-A408,1383.1956090938172,0,TCGA-B6-A408,21.0,Breast Cancer,Breast Invasive Carcinoma (NOS),0.2495,0.3131,0.05,,BRCNOS,Primary,Matched,66,No,Yes,Duke,B6,0.0,Breast,Mixed Histology (NOS),Fatigue,10016256,1.0179292169716323,1.4653789266033446,PD,4.33747,High Risk
TCGA-B6-A409,2393.3908200267488,1,TCGA-B6-A409,30.0,Breast Cancer,Breast Invasive Ductal Carcinoma,0.5715,0.3125,0.07,28,IDC,Primary,Matched,72,No,Yes,Duke,B6,0.966666667,Breast,Infiltrating Ductal Carcinoma,Anemia,10002034,7.468656560681772,9.374161926464309,PD,6.5239500001,High Risk
TCGA-B6-A40B,1034.8832033569074,1,TCGA-B6-A40B,7.0,Breast Cancer,Breast Invasive Lobular Carcinoma,0.2049,0.2948,0.01,41,ILC,Primary,Matched,24,No,Yes,Duke,B6,1.366666667,Breast,Infiltrating Lobular Carcinoma,Nausea,10028813,7.591609441525412,8.249224397429591,SD,1.9304300001,Low Risk
TCGA-B6-A40C,760.3232156730983,0,TCGA-B6-A40C,8.0,Breast Cancer,Breast Invasive Lobular Carcinoma,0.2042,0.2977,0.05,34,ILC,Primary,Matched,22,No,Yes,Duke,B6,1.133333333,Breast,Infiltrating Lobular Carcinoma,Anemia,10002034,5.634400149219335,7.484955045767385,PD,2.0607999999,Low Risk
TCGA-BH-A0AU,433.3620052744907,1,TCGA-BH-A0AU,25.0,Breast Cancer,Breast Invasive Ductal Carcinoma,0.4255,0.284,0.16,17,IDC,Primary,Matched,162,No,Yes,University of Pittsburgh,BH,0.566666667,Breast,Infiltrating Ductal Carcinoma,Nausea,10028813,2.4522652094984534,1.4227717987420851,PR,5.3544500001,High Risk
TCGA-BH-A0AV,2159.2146892376945,1,TCGA-BH-A0AV,12.0,Breast Cancer,Breast Invasive Ductal Carcinoma,0.6161,0.2952,0.11,57,IDC,Primary,Matched,150,No,Yes,University of Pittsburgh,BH,1.866666667,Breast,Infiltrating Ductal Carcinoma,Fatigue,10016256,1.7519890375962077,1.7114110052862161,SD,3.2038700001000002,High Risk
TCGA-BH-A0AW,1608.313904037536,1,TCGA-BH-A0AW,16.0,Breast Cancer,Breast Invasive Ductal Carcinoma,0.2907,0.2784,0.21,136,IDC,Primary,Matched,264,No,Yes,University of Pittsburgh,BH,4.6,Breast,Infiltrating Ductal Carcinoma,Fatigue,10016256,1.172160697935583,1.3246507483143728,SD,4.72289,High Risk
TCGA-BH-A0AY,37.01835092249823,1,TCGA-BH-A0AY,25.0,Breast Cancer,Breast Invasive Ductal Carcinoma,0.2207,0.263,0.73,52,IDC,Primary,Matched,62,No,Yes,University of Pittsburgh,BH,3.4,Breast,Infiltrating Ductal Carcinoma,Nausea,10028813,2.4917335926869866,3.3106490791961303,PD,6.13881,High Risk
TCGA-BH-A0AZ,21.37665349320909,0,TCGA-BH-A0AZ,3.0,Breast Cancer,Breast Invasive Ductal Carcinoma,0.2853,0.2615,0.16,58,IDC,Primary,Matched,68,No,Yes,University of Pittsburgh,BH,1.933333333,Breast,Infiltrating Ductal Carcinoma,Fatigue,10016256,9.01769981484832,11.573943214019737,PD,1.3178899999,Low Risk
TCGA-BH-A0B0,377.87820926661027,1,TCGA-BH-A0B0,9.0,Breast Cancer,Breast Invasive Ductal Carcinoma,0.2342,0.2849,0.08,66,IDC,Primary,Matched,6,No,Yes,University of Pittsburgh,BH,2.2,Breast,Infiltrating Ductal Carcinoma,Nausea,10028813,3.173831575315136,2.4662869209468297,SD,2.58724,Low Risk
TCGA-BH-A0B1,1330.918178396869,1,TCGA-BH-A0B1,0.0,Breast Cancer,Breast Invasive Ductal Carcinoma,0.0,0.2667,0.6,49,IDC,Primary,Matched,229,No,Yes,University of Pittsburgh,BH,1.633333333,Breast,Infiltrating Ductal Carcinoma,Nausea,10028813,4.188441944954941,6.035042939835559,PD,0.5433399998999999,Low Risk
TCGA-BH-A0B2,3491.4203745761342,1,TCGA-BH-A0B2,8.0,Breast Cancer,Breast Invasive Ductal Carcinoma,0.2464,0.0,,,IDC,Primary,Matched,109,No,Yes,University of Pittsburgh,BH,0.0,Breast,Infiltrating Ductal Carcinoma,Fatigue,10016256,1.9481093603319986,1.2162939777758361,PR,1.67392,Low Risk
TCGA-BH-A0B3,130.40760794758376,1,TCGA-BH-A0B3,8.0,Breast Cancer,Breast Invasive Ductal Carcinoma,0.2146,0.265,0.41,37,IDC,Primary,Matched,149,No,Yes,University of Pittsburgh,BH,2.466666667,Breast,Infiltrating Ductal Carcinoma,Pain,10033371,3.0012517427335323,4.127122169378201,PD,2.4573800001,Low Risk
TCGA-BH-A0B4,721.3793041725886,1,TCGA-BH-A0B4,4.0,Breast Cancer,Breast Invasive Ductal Carcinoma,0.3681,0.2519,0.08,65,IDC,Primary,Matched,123,No,Yes,University of Pittsburgh,BH,2.166666667,Breast,Infiltrating Ductal Carcinoma,Nausea,10028813,5.673021137021846,8.34467512730319,PD,1.6108100000999999,Low Risk
TCGA-BH-A0B5,383.5789598064769,1,TCGA-BH-A0B5,21.0,Breast Cancer,Breast Invasive Lobular Carcinoma,0.2328,0.2673,0.18,61,ILC,Primary,Matched,16,No,Yes,University of Pittsburgh,BH,2.033333333,Breast,Infiltrating Lobular Carcinoma,Anemia,10002034,6.469774147860873,4.38103035867865,PR,4.9332999999,High Risk
TCGA-BH-A0B7,2802.96684350077,1,TCGA-BH-A0B7,10.0,Breast Cancer,Breast Invasive Ductal Carcinoma,0.1253,0.2803,0.02,37,IDC,Primary,Matched,204,No,Yes,University of Pittsburgh,BH,2.366666667,Breast,Infiltrating Ductal Carcinoma,Anemia,10002034,3.2081708274958993,3.9205966964513146,PD,2.8036500001,High Risk
TCGA-BH-A0B8,1476.7305659469077,0,TCGA-BH-A0B8,0.0,Breast Cancer,Breast Invasive Ductal Carcinoma,0.0,0.2567,1.28,63,IDC,Primary,Matched,54,No,Yes,University of Pittsburgh,BH,4.0,Breast,Infiltrating Ductal Carcinoma,Fatigue,10016256,1.5195894330260549,0.8210121651520466,PR,1.25134,Low Risk
TCGA-BH-A0B9,1457.7520371758858,1,TCGA-BH-A0B9,8.0,Breast Cancer,Breast Invasive Ductal Carcinoma,0.307,0.2664,0.51,30,IDC,Primary,Matched,390,No,Yes,University of Pittsburgh,BH,1.0,Breast,Infiltrating Ductal Carcinoma,Pain,10033371,4.519295822146588,4.091873590927544,SD,2.04538,Low Risk
TCGA-BH-A0BA,505.9324569118188,1,TCGA-BH-A0BA,34.0,Breast Cancer,Breast Invasive Carcinoma (NOS),0.8633,0.2723,0.78,37,BRCNOS,Primary,Matched,224,No,Yes,University of Pittsburgh,BH,2.4,Breast,Mixed Histology (NOS),Fatigue,10016256,3.107830338337007,3.1584360695917573,SD,7.833450000000001,High Risk
TCGA-BH-A0BC,428.6679490618792,0,TCGA-BH-A0BC,3.0,Breast Cancer,Breast Invasive Ductal Carcinoma,0.1967,0.2513,0.04,29,IDC,Primary,Matched,67,No,Yes,University of Pittsburgh,BH,1.933333333,Breast,Infiltrating Ductal Carcinoma,Pain,10033371,2.9759853090682173,3.215984316621776,SD,1.2892699999000001,Low Risk
TCGA-BH-A0BD,255.51111372004897,1,TCGA-BH-A0BD,5.0,Breast Cancer,Breast Invasive Ductal Carcinoma,0.1794,0.2827,0.18,30,IDC,Primary,Matched,25,No,Yes,University of Pittsburgh,BH,0.966666667,Breast,Infiltrating Ductal Carcinoma,Nausea,10028813,9.638765224421098,13.84066201286914,PD,1.4003600001,Low Risk
TCGA-BH-A0BF,46.421571075868975,1,TCGA-BH-A0BF,12.0,Breast Cancer,Breast Invasive Ductal Carcinoma,0.2904,0.2908,0.02,21,IDC,Primary,Matched,100,No,Yes,University of Pittsburgh,BH,0.7,Breast,Infiltrating Ductal Carcinoma,Nausea,10028813,6.546704373331517,7.674378701149781,SD,2.7552800000000004,Low Risk
TCGA-BH-A0BG,1600.3409120026483,1,TCGA-BH-A0BG,19.0,Breast Cancer,Breast Invasive Ductal Carcinoma,0.4262,0.3111,0.7,34,IDC,Primary,Matched,61,No,Yes,University of Pittsburgh,BH,1.133333333,Breast,Infiltrating Ductal Carcinoma,Nausea,10028813,6.011905988548863,5.89935079136589,SD,4.330079999900001,High Risk
TCGA-BH-A0BJ,1340.8939513999383,1,TCGA-BH-A0BJ,16.0,Breast Cancer,Breast Invasive Ductal Carcinoma,0.4003,0.2558,0.66,27,IDC,Primary,Matched,31,No,Yes,University of Pittsburgh,BH,1.7,Breast,Infiltrating Ductal Carcinoma,Nausea,10028813,4.741975931709897,6.2104475003341335,PD,3.88125,High Risk
TCGA-BH-A0BL,6537.956478254466,1,TCGA-BH-A0BL,17.0,Breast Cancer,Breast Invasive Ductal Carcinoma,0.3435,0.2584,0.08,56,IDC,Primary,Matched,113,No,Yes,University of Pittsburgh,BH,3.6,Breast,Infiltrating Ductal Carcinoma,Anemia,10002034,4.8604990008712985,7.05031332697993,PD,4.63473,High Risk
TCGA-BH-A0BM,4555.898720595466,0,TCGA-BH-A0BM,4.0,Breast Cancer,Breast Invasive Ductal Carcinoma,0.0936,0.2664,0.04,24,IDC,Primary,Matched,6,No,Yes,University of Pittsburgh,BH,1.733333333,Breast,Infiltrating Ductal Carcinoma,Anemia,10002034,5.868145034542727,3.06355987809283,PR,1.4013599999,Low Risk
TCGA-BH-A0BO,648.5212741131152,1,TCGA-BH-A0BO,3.0,Breast Cancer,Breast Invasive Ductal Carcinoma,0.018,0.2673,0,27,IDC,Primary,Matched,7,No,Yes,University of Pittsburgh,BH,1.733333333,Breast,Infiltrating Ductal Carcinoma,Fatigue,10016256,7.267868263324965,10.774769304333814,PD,1.1788599999,Low Risk
TCGA-BH-A0BP,1172.2264721650085,1,TCGA-BH-A0BP,15.0,Breast Cancer,Breast Invasive Ductal Carcinoma,0.6741,0.2933,0.47,139,IDC,Primary,Matched,569,No,Yes,University of Pittsburgh,BH,4.633333333,Breast,Infiltrating Ductal Carcinoma,Pain,10033371,7.319314865636465,4.290085678676095,PR,4.6508899999,High Risk
TCGA-BH-A0BQ,2316.9373462995486,0,TCGA-BH-A0BQ,5.0,Breast Cancer,Breast Invasive Ductal Carcinoma,0.1009,0.2795,0,23,IDC,Primary,Matched,10,No,Yes,University of Pittsburgh,BH,1.5,Breast,Infiltrating Ductal Carcinoma,Nausea,10028813,2.5452451693490463,3.345436600590066,PD,1.53617,Low Risk
TCGA-BH-A0BR,1515.8176117673966,1,TCGA-BH-A0BR,12.0,Breast Cancer,Breast Invasive Ductal Carcinoma,0.4653,0.2842,0.09,49,IDC,Primary,Matched,268,No,Yes,University of Pittsburgh,BH,1.7,Breast,Infiltrating Ductal Carcinoma,Nausea,10028813,5.501014768689643,4.2926329983070985,SD,3.1064300000000005,High Risk
TCGA-BH-A0BS,227.32195566491723,1,TCGA-BH-A0BS,2.0,Breast Cancer,Breast Invasive Ductal Carcinoma,0.0493,0.2639,0.06,12,IDC,Primary,Matched,2,No,Yes,University of Pittsburgh,BH,0.433333333,Breast,Infiltrating Ductal Carcinoma,Pain,10033371,4.7076228553069175,2.9760634055022317,PR,0.5975699999,Low Risk
TCGA-BH-A0BT,479.0614619198916,1,TCGA-BH-A0BT,21.0,Breast Cancer,Breast Invasive Ductal Carcinoma,0.3749,0.2597,0.72,37,IDC,Primary,Matched,59,No,Yes,University of Pittsburgh,BH,1.233333333,Breast,Infiltrating Ductal Carcinoma,Pain,10033371,8.834742696424458,8.303382748655139,SD,4.7344099999,High Risk
TCGA-BH-A0BV,110.63707545047092,0,TCGA-BH-A0BV,14.0,Breast Cancer,Breast Invasive Ductal Carcinoma,0.1734,0.2495,0.27,27,IDC,Primary,Matched,39,No,Yes,University of Pittsburgh,BH,1.766666667,Breast,Infiltrating Ductal Carcinoma,Fatigue,10016256,6.682770290965387,7.644799043286898,SD,3.4319200001,High Risk
TCGA-BH-A0BW,2464.179029153367,1,TCGA-BH-A0BW,10.0,Breast Cancer,Breast Invasive Ductal Carcinoma,0.3953,0.2932,0.68,83,IDC,Primary,Matched,72,No,Yes,University of Pittsburgh,BH,4.7,Breast,Infiltrating Ductal Carcinoma,Pain,10033371,5.792536597743836,5.102945803148435,SD,3.58723,High Risk
TCGA-BH-A0BZ,745.4781620708945,1,TCGA-BH-A0BZ,20.0,Breast Cancer,Breast Invasive Ductal Carcinoma,0.15,0.2835,0.32,243,IDC,Primary,Matched,114,No,Yes,University of Pittsburgh,BH,8.2,Breast,Infiltrating Ductal Carcinoma,Nausea,10028813,2.0385517796102564,1.1305102999649843,PR,6.5617,High Risk
TCGA-BH-A0C0,207.68298033478695,1,TCGA-BH-A0C0,16.0,Breast Cancer,Breast Invasive Ductal Carcinoma,0.3023,0.251,0.3,92,IDC,Primary,Matched,286,No,Yes,University of Pittsburgh,BH,6.166666667,Breast,Infiltrating Ductal Carcinoma,Nausea,10028813,6.450741003910703,7.092339055802875,SD,5.1908900001000005,High Risk
TCGA-BH-A0C1,891.0636313386002,1,TCGA-BH-A0C1,19.0,Breast Cancer,Breast Invasive Lobular Carcinoma,0.1678,0.3007,0.08,32,ILC,Primary,Matched,46,No,Yes,University of Pittsburgh,BH,1.066666667,Breast,Infiltrating Lobular Carcinoma,Nausea,10028813,2.054835151122101,2.8817075478010077,PD,4.2304800001,High Risk
TCGA-BH-A0C3,770.1363477944574,1,TCGA-BH-A0C3,11.0,Breast Cancer,Breast Invasive Carcinoma (NOS),0.1667,0.2808,0.05,11,BRCNOS,Primary,Matched,33,No,Yes,University of Pittsburgh,BH,0.366666667,Breast,Mixed Histology (NOS),Nausea,10028813,4.034859180091768,3.563649627290379,SD,2.4161700001,Low Risk
TCGA-BH-A0C7,354.73636983768483,1,TCGA-BH-A0C7,19.0,Breast Cancer,Breast Invasive Ductal Carcinoma,0.3045,0.2837,0.03,43,IDC,Primary,Matched,146,No,Yes,University of Pittsburgh,BH,1.433333333,Breast,Infiltrating Ductal Carcinoma,Nausea,10028813,2.2855776833289867,1.6372342103900839,SD,4.3780899999,High Risk
TCGA-BH-A0DD,96.43129711877542,0,TCGA-BH-A0DD,15.0,Breast Cancer,Breast Invasive Ductal Carcinoma,0.3503,0.279,0.28,21,IDC,Primary,Matched,201,No,Yes,University of Pittsburgh,BH,0.666666667,Breast,Infiltrating Ductal Carcinoma,Fatigue,10016256,7.22866282321932,6.813573818553279,SD,3.3608900001,High Risk
TCGA-BH-A0DE,890.7530268152817,1,TCGA-BH-A0DE,7.0,Breast Cancer,Breast Invasive Ductal Carcinoma,0.1869,0.2792,0.04,30,IDC,Primary,Matched,23,No,Yes,University of Pittsburgh,BH,1.9,Breast,Infiltrating Ductal Carcinoma,Nausea,10028813,2.8562690245253735,1.5662714257733905,PR,2.08191,Low Risk
TCGA-BH-A0DG,587.6883393488301,1,TCGA-BH-A0DG,2.0,Breast Cancer,Breast Invasive Ductal Carcinoma,0.1591,0.2685,0.12,33,IDC,Primary,Matched,202,No,Yes,University of Pittsburgh,BH,1.133333333,Breast,Infiltrating Ductal Carcinoma,Fatigue,10016256,4.526734358692234,5.977496518893375,PD,0.8414299999,Low Risk
TCGA-BH-A0DH,1183.845664768412,0,TCGA-BH-A0DH,9.0,Breast Cancer,Breast Invasive Ductal Carcinoma,0.2305,0.2783,0.03,39,IDC,Primary,Matched,23,No,Yes,University of Pittsburgh,BH,2.3,Breast,Infiltrating Ductal Carcinoma,Nausea,10028813,9.061072998569008,12.018070909000858,PD,2.6148100000000003,Low Risk
TCGA-BH-A0DI,587.447888338812,0,TCGA-BH-A0DI,8.0,Breast Cancer,Breast Invasive Ductal Carcinoma,0.2622,0.2654,0.01,40,IDC,Primary,Matched,198,No,Yes,University of Pittsburgh,BH,1.3,Breast,Infiltrating Ductal Carcinoma,Anemia,10002034,2.8388474505907326,3.0886673418487365,SD,2.12174,Low Risk
TCGA-BH-A0DK,1529.4160890467872,1,TCGA-BH-A0DK,7.0,Breast Cancer,Breast Invasive Ductal Carcinoma,0.2171,0.2437,0.32,87,IDC,Primary,Matched,71,No,Yes,University of Pittsburgh,BH,5.733333333,Breast,Infiltrating Ductal Carcinoma,Anemia,10002034,5.570245575629012,4.751992592665393,SD,3.2338699999,High Risk
TCGA-BH-A0DL,642.20329521719,1,TCGA-BH-A0DL,10.0,Breast Cancer,Breast Invasive Carcinoma (NOS),0.2605,0.2967,0.18,52,BRCNOS,Primary,Matched,118,No,Yes,University of Pittsburgh,BH,3.3,Breast,Other,Anemia,10002034,4.7734449504941985,6.204444337750085,PD,3.12749,High Risk
TCGA-BH-A0DO,658.4916647841177,1,TCGA-BH-A0DO,9.0,Breast Cancer,Breast Invasive Ductal Carcinoma,0.1608,0.2675,0.01,21,IDC,Primary,Matched,1,No,Yes,University of Pittsburgh,BH,0.7,Breast,Infiltrating Ductal Carcinoma,Anemia,10002034,1.1631163694115676,1.2267237431373337,SD,2.11174,Low Risk
TCGA-BH-A0DP,1674.2069145838173,0,TCGA-BH-A0DP,19.0,Breast Cancer,Breast Invasive Lobular Carcinoma,0.2568,0.2522,0.14,27,ILC,Primary,Matched,5,No,Yes,University of Pittsburgh,BH,1.766666667,Breast,Infiltrating Lobular Carcinoma,Fatigue,10016256,8.134823022155315,10.786224669412215,PD,4.4574800001,High Risk
TCGA-BH-A0DQ,413.3178511904936,0,TCGA-BH-A0DQ,7.0,Breast Cancer,Breast Invasive Ductal Carcinoma,0.2833,0.2911,0.03,31,IDC,Primary,Matched,34,No,Yes,University of Pittsburgh,BH,2.033333333,Breast,Infiltrating Ductal Carcinoma,Fatigue,10016256,1.6214131568313976,1.834562172706677,SD,2.1532099999,Low Risk
TCGA-BH-A0DS,115.11036431223916,1,TCGA-BH-A0DS,26.0,Breast Cancer,Breast Invasive Ductal Carcinoma,0.3395,0.2815,0.58,34,IDC,Primary,Matched,25,No,Yes,University of Pittsburgh,BH,1.166666667,Breast,Infiltrating Ductal Carcinoma,Pain,10033371,5.268295188792583,6.766627174985841,PD,5.7081500001,High Risk
TCGA-BH-A0DT,23.364017145675746,0,TCGA-BH-A0DT,11.0,Breast Cancer,Breast Invasive Ductal Carcinoma,0.1927,0.2724,0.02,16,IDC,Primary,Matched,1,No,Yes,University of Pittsburgh,BH,0.5,Breast,Infiltrating Ductal Carcinoma,Nausea,10028813,6.0461046544505495,6.642026826501025,SD,2.4622900000000003,Low Risk
TCGA-BH-A0DV,1125.6459621300685,1,TCGA-BH-A0DV,4.0,Breast Cancer,Breast Invasive Ductal Carcinoma,0.0082,0.2638,0,17,IDC,Primary,Matched,3,No,Yes,University of Pittsburgh,BH,0.566666667,Breast,Infiltrating Ductal Carcinoma,Anemia,10002034,6.655838109531284,6.084374959317468,SD,1.0252200001,Low Risk
TCGA-BH-A0DX,774.7191736485437,1,TCGA-BH-A0DX,4.0,Breast Cancer,Breast Invasive Ductal Carcinoma,0.1997,0.2882,0.02,59,IDC,Primary,Matched,136,No,Yes,University of Pittsburgh,BH,1.966666667,Breast,Infiltrating Ductal Carcinoma,Fatigue,10016256,7.197684663770881,10.493834556598609,PD,1.5075500001000002,Low Risk
TCGA-BH-A0DZ,974.1322782383012,1,TCGA-BH-A0DZ,4.0,Breast Cancer,Breast Invasive Ductal Carcinoma,0.213,0.2596,0.32,219,IDC,Primary,Matched,141,No,Yes,University of Pittsburgh,BH,14.66666667,Breast,Infiltrating Ductal Carcinoma,Nausea,10028813,3.2794514517044355,3.414282244388485,SD,5.315820001,High Risk
TCGA-BH-A0E0,191.58519479475478,0,TCGA-BH-A0E0,22.0,Breast Cancer,Breast Invasive Ductal Carcinoma,0.6731,0.2819,0.73,31,IDC,Primary,Matched,77,No,Yes,University of Pittsburgh,BH,1.966666667,Breast,Infiltrating Ductal Carcinoma,Nausea,10028813,1.0898089899260444,1.2043364919785229,SD,5.2483100001,High Risk
TCGA-BH-A0E1,117.29004098262293,1,TCGA-BH-A0E1,3.0,Breast Cancer,Breast Invasive Ductal Carcinoma,0.0595,0.2507,0.36,21,IDC,Primary,Matched,3,No,Yes,University of Pittsburgh,BH,1.466666667,Breast,Infiltrating Ductal Carcinoma,Fatigue,10016256,7.510992961194208,5.411577588271612,SD,1.1079900001,Low Risk
TCGA-BH-A0E2,11.721181012535025,0,TCGA-BH-A0E2,6.0,Breast Cancer,Breast Invasive Ductal Carcinoma,0.2837,0.2493,0.64,43,IDC,Primary,Matched,221,No,Yes,University of Pittsburgh,BH,1.433333333,Breast,Infiltrating Ductal Carcinoma,Anemia,10002034,5.820909394128208,6.552311254685066,SD,1.7649699999000001,Low Risk
TCGA-BH-A0E6,345.3498092120554,0,TCGA-BH-A0E6,20.0,Breast Cancer,Breast Invasive Ductal Carcinoma,0.617,0.0,0,68,IDC,Primary,Matched,120,No,Yes,University of Pittsburgh,BH,2.3,Breast,Infiltrating Ductal Carcinoma,Pain,10033371,8.52505932886524,9.135518789107921,SD,4.8751,High Risk
TCGA-BH-A0E7,713.1179005319557,0,TCGA-BH-A0E7,4.0,Breast Cancer,Breast Invasive Ductal Carcinoma,0.079,0.267,0.01,40,IDC,Primary,Matched,6,No,Yes,University of Pittsburgh,BH,1.366666667,Breast,Infiltrating Ductal Carcinoma,Nausea,10028813,8.392495266106248,5.747503012818194,PR,1.2871000001000001,Low Risk
TCGA-BH-A0E9,398.3854940489206,1,TCGA-BH-A0E9,24.0,Breast Cancer,Breast Invasive Lobular Carcinoma,0.2195,0.2735,0.01,33,ILC,Primary,Matched,29,No,Yes,University of Pittsburgh,BH,1.1,Breast,Infiltrating Lobular Carcinoma,Pain,10033371,8.58993551009095,4.80681707854249,PR,5.2505500000000005,High Risk
TCGA-BH-A0EA,460.25565026274495,1,TCGA-BH-A0EA,3.0,Breast Cancer,Breast Invasive Ductal Carcinoma,0.0603,0.2795,0.05,25,IDC,Primary,Matched,3,No,Yes,University of Pittsburgh,BH,0.833333333,Breast,Infiltrating Ductal Carcinoma,Anemia,10002034,5.365851939815862,5.92582859794523,SD,0.9239899999000001,Low Risk
TCGA-BH-A0EB,1876.0492183851532,1,TCGA-BH-A0EB,19.0,Breast Cancer,Breast Invasive Ductal Carcinoma,0.1316,0.28,0,46,IDC,Primary,Matched,37,No,Yes,University of Pittsburgh,BH,1.533333333,Breast,Infiltrating Ductal Carcinoma,Anemia,10002034,4.002655562531791,5.058124891243483,PD,4.3554799999,High Risk
TCGA-BH-A0EE,342.48209154008936,1,TCGA-BH-A0EE,22.0,Breast Cancer,Breast Invasive Ductal Carcinoma,0.4417,0.2743,0.09,123,IDC,Primary,Matched,150,No,Yes,University of Pittsburgh,BH,4.1,Breast,Infiltrating Ductal Carcinoma,Pain,10033371,8.124023823322329,8.314137118191127,SD,5.81737,High Risk
TCGA-BH-A0EI,577.2200224578569,1,TCGA-BH-A0EI,6.0,Breast Cancer,Breast Invasive Ductal Carcinoma,0.1622,0.2722,0.07,16,IDC,Primary,Matched,52,No,Yes,University of Pittsburgh,BH,0.533333333,Breast,Infiltrating Ductal Carcinoma,Anemia,10002034,5.061647017263295,3.6786664911777986,SD,1.4630999999000003,Low Risk
TCGA-BH-A0GY,1224.6973901757613,0,TCGA-BH-A0GY,29.0,Breast Cancer,Breast Invasive Ductal Carcinoma,0.2656,0.2546,0.4,34,IDC,Primary,Matched,105,No,Yes,University of Pittsburgh,BH,1.133333333,Breast,Infiltrating Ductal Carcinoma,Nausea,10028813,2.6509797676309104,3.092426158710052,SD,6.270599999900001,High Risk
TCGA-BH-A0GZ,404.06410503934376,1,TCGA-BH-A0GZ,6.0,Breast Cancer,Breast Invasive Ductal Carcinoma,0.2724,0.2656,0.07,34,IDC,Primary,Matched,71,No,Yes,University of Pittsburgh,BH,1.133333333,Breast,Infiltrating Ductal Carcinoma,Pain,10033371,8.69476617605327,5.043883650259975,PR,1.6748399999,Low Risk
TCGA-BH-A0H0,778.4723802824683,1,TCGA-BH-A0H0,10.0,Breast Cancer,Breast Invasive Ductal Carcinoma,0.2534,0.2461,0.7,18,IDC,Primary,Matched,35,No,Yes,University of Pittsburgh,BH,0.6,Breast,Infiltrating Ductal Carcinoma,Anemia,10002034,8.943038890951126,8.422855450852461,SD,2.30524,Low Risk
TCGA-BH-A0H3,1586.5125149474454,1,TCGA-BH-A0H3,3.0,Breast Cancer,Breast Invasive Ductal Carcinoma,0.0606,0.2501,0.01,13,IDC,Primary,Matched,3,No,Yes,University of Pittsburgh,BH,0.433333333,Breast,Infiltrating Ductal Carcinoma,Pain,10033371,5.196787805261531,3.4473762804607824,PR,0.7981999999000001,Low Risk
TCGA-BH-A0H5,2388.9523322997343,1,TCGA-BH-A0H5,0.0,Breast Cancer,Breast Invasive Ductal Carcinoma,0.0,0.2885,0,115,IDC,Primary,Matched,0,No,Yes,University of Pittsburgh,BH,7.633333333,Breast,Infiltrating Ductal Carcinoma,Nausea,10028813,1.6812975457880872,1.150779322739425,PR,2.3476999999,Low Risk
TCGA-BH-A0H6,127.26550345186878,1,TCGA-BH-A0H6,3.0,Breast Cancer,Breast Invasive Ductal Carcinoma,0.0982,0.2585,0.11,17,IDC,Primary,Matched,11,No,Yes,University of Pittsburgh,BH,0.566666667,Breast,Infiltrating Ductal Carcinoma,Anemia,10002034,4.490434809252381,3.1536051956273194,SD,0.8511600001000001,Low Risk
TCGA-BH-A0H7,2089.330210433663,1,TCGA-BH-A0H7,21.0,Breast Cancer,Breast Invasive Ductal Carcinoma,0.4407,0.2539,0.85,53,IDC,Primary,Matched,446,No,Yes,University of Pittsburgh,BH,2.666666667,Breast,Infiltrating Ductal Carcinoma,Nausea,10028813,8.231838935163431,7.299229676258799,SD,5.1829900001,High Risk
TCGA-BH-A0H9,542.0022247964245,0,TCGA-BH-A0H9,12.0,Breast Cancer,Breast Invasive Ductal Carcinoma,0.3068,0.2635,0.36,33,IDC,Primary,Matched,164,No,Yes,University of Pittsburgh,BH,2.2,Breast,Infiltrating Ductal Carcinoma,Anemia,10002034,9.115966256916058,5.024266676927892,PR,3.20474,High Risk
TCGA-BH-A0HA,238.9883634811166,1,TCGA-BH-A0HA,4.0,Breast Cancer,Breast Invasive Ductal Carcinoma,0.0838,0.393,8.53,332,IDC,Primary,Matched,29,No,Yes,University of Pittsburgh,BH,11.03333333,Breast,Infiltrating Ductal Carcinoma,Fatigue,10016256,2.8312546824783626,2.5418818835288706,SD,4.2137399989999995,High Risk
TCGA-BH-A0HB,491.669573896558,0,TCGA-BH-A0HB,8.0,Breast Cancer,Breast Invasive Ductal Carcinoma,0.2922,0.2732,0.25,30,IDC,Primary,Matched,370,No,Yes,University of Pittsburgh,BH,1.066666667,Breast,Infiltrating Ductal Carcinoma,Anemia,10002034,1.6027625082274437,1.6215267655299417,SD,2.0623000001,Low Risk
TCGA-BH-A0HF,3130.922478064473,0,TCGA-BH-A0HF,0.0,Breast Cancer,Breast Invasive Ductal Carcinoma,0.0,0.2482,0.19,832,IDC,Primary,Matched,31,No,Yes,University of Pittsburgh,BH,28.0,Breast,Infiltrating Ductal Carcinoma,Pain,10033371,8.896154078195547,8.747537463269548,SD,8.44964,High Risk
TCGA-BH-A0HI,542.7930341338878,1,TCGA-BH-A0HI,2.0,Breast Cancer,Breast Invasive Ductal Carcinoma,0.0729,0.272,0.01,30,IDC,Primary,Matched,17,No,Yes,University of Pittsburgh,BH,1.033333333,Breast,Infiltrating Ductal Carcinoma,Anemia,10002034,4.504644450809877,3.976628499143746,SD,0.7862699999,Low Risk
TCGA-BH-A0HK,318.8928256803998,0,TCGA-BH-A0HK,5.0,Breast Cancer,Breast Invasive Ductal Carcinoma,0.0924,0.2649,0.63,87,IDC,Primary,Matched,44,No,Yes,University of Pittsburgh,BH,5.7,Breast,Infiltrating Ductal Carcinoma,Nausea,10028813,5.87584867840807,7.868622827227179,PD,2.7907,Low Risk
TCGA-BH-A0HL,802.7890191661277,1,TCGA-BH-A0HL,0.0,Breast Cancer,Breast Invasive Ductal Carcinoma,0.0,0.2969,0.56,33,IDC,Primary,Matched,632,No,Yes,University of Pittsburgh,BH,1.1,Breast,Infiltrating Ductal Carcinoma,Nausea,10028813,9.71259230845683,6.267795069245275,PR,0.38938,Low Risk
TCGA-BH-A0HN,219.70277417248235,0,TCGA-BH-A0HN,0.0,Breast Cancer,Breast Invasive Ductal Carcinoma,0.0,0.2759,0.75,25,IDC,Primary,Matched,950,No,Yes,University of Pittsburgh,BH,0.833333333,Breast,Infiltrating Ductal Carcinoma,Anemia,10002034,1.5990825512280056,1.6081921148076173,SD,0.3051799999,Low Risk
TCGA-BH-A0HO,63.11624398098803,1,TCGA-BH-A0HO,2.0,Breast Cancer,Breast Invasive Ductal Carcinoma,0.0493,0.2619,0.01,14,IDC,Primary,Matched,3,No,Yes,University of Pittsburgh,BH,0.466666667,Breast,Infiltrating Ductal Carcinoma,Pain,10033371,6.83486206706886,3.841475560877986,PR,0.6071700001,Low Risk
TCGA-BH-A0HP,110.38017576993269,0,TCGA-BH-A0HP,6.0,Breast Cancer,Breast Invasive Lobular Carcinoma,0.1767,0.2572,0,240,ILC,Primary,Matched,34,No,Yes,University of Pittsburgh,BH,7.933333333,Breast,Infiltrating Lobular Carcinoma,Fatigue,10016256,1.6669488031738036,0.9520872753314529,PR,3.6844499999,High Risk
TCGA-BH-A0HQ,109.61473925360569,0,TCGA-BH-A0HQ,23.0,Breast Cancer,Breast Invasive Ductal Carcinoma,0.1281,0.2971,0.21,27,IDC,Primary,Matched,8,No,Yes,University of Pittsburgh,BH,0.9,Breast,Infiltrating Ductal Carcinoma,Pain,10033371,4.379220356198504,4.702695188732343,SD,4.96785,High Risk
TCGA-BH-A0HU,131.80792124533838,0,TCGA-BH-A0HU,9.0,Breast Cancer,Breast Invasive Ductal Carcinoma,0.3924,0.2787,0.47,31,IDC,Primary,Matched,77,No,Yes,University of Pittsburgh,BH,1.066666667,Breast,Infiltrating Ductal Carcinoma,Fatigue,10016256,8.234330906741022,8.777948463209167,SD,2.2934600001,Low Risk
TCGA-BH-A0HW,119.56805285401325,0,TCGA-BH-A0HW,10.0,Breast Cancer,Breast Invasive Ductal Carcinoma,0.23,0.2688,0.32,34,IDC,Primary,Matched,51,No,Yes,University of Pittsburgh,BH,1.133333333,Breast,Infiltrating Ductal Carcinoma,Nausea,10028813,4.90125009480071,6.75408688546745,PD,2.4627599999,Low Risk
TCGA-BH-A0HX,819.2672408606452,1,TCGA-BH-A0HX,18.0,Breast Cancer,Breast Invasive Ductal Carcinoma,0.5678,0.2855,0.43,57,IDC,Primary,Matched,179,No,Yes,University of Pittsburgh,BH,1.933333333,Breast,Infiltrating Ductal Carcinoma,Pain,10033371,9.974641185126554,10.551910333900175,SD,4.4074399999,High Risk
TCGA-BH-A0HY,160.5970856275853,1,TCGA-BH-A0HY,18.0,Breast Cancer,Breast Invasive Ductal Carcinoma,0.6304,0.2802,1.06,53,IDC,Primary,Matched,358,No,Yes,University of Pittsburgh,BH,1.8,Breast,Infiltrating Ductal Carcinoma,Fatigue,10016256,6.031533564519419,8.804778536755908,PD,4.38516,High Risk
TCGA-BH-A0RX,339.3114526358442,1,TCGA-BH-A0RX,0.0,Breast Cancer,Breast Invasive Ductal Carcinoma,0.095,0.2777,0.01,40,IDC,Primary,Matched,50,No,Yes,University of Pittsburgh,BH,1.3,Breast,Infiltrating Ductal Carcinoma,Anemia,10002034,3.8904593737235813,2.134675016271346,PR,0.47404,Low Risk
TCGA-BH-A0W3,1816.7793001026862,1,TCGA-BH-A0W3,17.0,Breast Cancer,Breast Invasive Ductal Carcinoma,0.1333,0.2659,0.33,14,IDC,Primary,Matched,35,No,Yes,University of Pittsburgh,BH,0.466666667,Breast,Infiltrating Ductal Carcinoma,Nausea,10028813,2.981001933142778,1.7826620643656264,PR,3.6331700001000002,High Risk
TCGA-BH-A0W4,513.9049133172749,1,TCGA-BH-A0W4,2.0,Breast Cancer,Breast Invasive Ductal Carcinoma,0.0207,0.2662,0.03,33,IDC,Primary,Matched,4,No,Yes,University of Pittsburgh,BH,1.1,Breast,Infiltrating Ductal Carcinoma,Anemia,10002034,4.154684808575457,2.260422169930981,PR,0.78945,Low Risk
TCGA-BH-A0W5,881.0312669219045,1,TCGA-BH-A0W5,6.0,Breast Cancer,Breast Invasive Ductal Carcinoma,0.0719,0.2784,0.01,26,IDC,Primary,Matched,1,No,Yes,University of Pittsburgh,BH,0.866666667,Breast,Infiltrating Ductal Carcinoma,Nausea,10028813,4.352799463835957,2.9828727067110266,PR,1.5372500001000002,Low Risk
TCGA-BH-A0W7,151.3028136905732,0,TCGA-BH-A0W7,12.0,Breast Cancer,Breast Invasive Ductal Carcinoma,0.3048,0.2752,0.05,166,IDC,Primary,Matched,99,No,Yes,University of Pittsburgh,BH,5.5,Breast,Infiltrating Ductal Carcinoma,Pain,10033371,1.6184230995156488,1.685215600383234,SD,4.19648,High Risk
TCGA-BH-A0WA,170.84078479607604,1,TCGA-BH-A0WA,13.0,Breast Cancer,Invasive Breast Carcinoma,0.606,0.3023,0.54,90,BRCA,Primary,Matched,155,No,Yes,University of Pittsburgh,BH,2.966666667,Breast,Breast Invasive Carcinoma,Pain,10033371,4.326167794840958,4.955937477957042,SD,3.7322600001,High Risk
TCGA-BH-A18F,33.38177017405224,0,TCGA-BH-A18F,21.0,Breast Cancer,Breast Invasive Ductal Carcinoma,0.2284,0.2742,0.02,46,IDC,Primary,Matched,12,No,Yes,University of Pittsburgh,BH,1.566666667,Breast,Infiltrating Ductal Carcinoma,Nausea,10028813,5.178146677653024,2.8251199730086998,PR,4.7933600001,High Risk
TCGA-BH-A18G,148.0378752524647,1,TCGA-BH-A18G,1.0,Breast Cancer,Breast Invasive Ductal Carcinoma,0.071,0.7737,26.46,1251,IDC,Primary,Matched,15,No,Yes,University of Pittsburgh,BH,41.83333333,Breast,Infiltrating Ductal Carcinoma,Nausea,10028813,7.504639770149242,10.851490646413374,PD,12.926039999,High Risk
TCGA-BH-A18H,261.2384949049164,0,TCGA-BH-A18H,20.0,Breast Cancer,Breast Invasive Ductal Carcinoma,0.263,0.2518,0.04,41,IDC,Primary,Matched,125,No,Yes,University of Pittsburgh,BH,1.366666667,Breast,Infiltrating Ductal Carcinoma,Nausea,10028813,6.910565362494472,9.275121562619471,PD,4.5392600001,High Risk
TCGA-BH-A18I,155.84945398648637,0,TCGA-BH-A18I,5.0,Breast Cancer,Breast Invasive Ductal Carcinoma,0.146,0.2534,0.04,25,IDC,Primary,Matched,62,No,Yes,University of Pittsburgh,BH,0.833333333,Breast,Infiltrating Ductal Carcinoma,Pain,10033371,7.378890897062388,5.878116593075249,SD,1.3444799999,Low Risk
TCGA-BH-A18J,74.30872628829405,1,TCGA-BH-A18J,5.0,Breast Cancer,Breast Invasive Ductal Carcinoma,0.2358,0.2602,0.08,72,IDC,Primary,Matched,307,No,Yes,University of Pittsburgh,BH,2.5,Breast,Infiltrating Ductal Carcinoma,Fatigue,10016256,1.0752731368917139,0.6206342462013952,PR,1.8727800000000001,Low Risk
TCGA-BH-A18K,102.84497079468203,1,TCGA-BH-A18K,18.0,Breast Cancer,Breast Invasive Ductal Carcinoma,0.4274,0.2769,0.3,51,IDC,Primary,Matched,67,No,Yes,University of Pittsburgh,BH,1.666666667,Breast,Infiltrating Ductal Carcinoma,Anemia,10002034,2.9590065962248246,1.9822002683809326,PR,4.2836000001,High Risk
TCGA-BH-A18L,494.1034746923033,0,TCGA-BH-A18L,27.0,Breast Cancer,Breast Invasive Ductal Carcinoma,0.5814,0.2851,0.77,45,IDC,Primary,Matched,105,No,Yes,University of Pittsburgh,BH,1.5,Breast,Infiltrating Ductal Carcinoma,Anemia,10002034,6.955158595598708,4.360497828290491,PR,6.081440000000001,High Risk
TCGA-BH-A18M,184.87376507607726,1,TCGA-BH-A18M,4.0,Breast Cancer,Breast Invasive Ductal Carcinoma,0.1771,0.2674,0.01,17,IDC,Primary,Matched,4,No,Yes,University of Pittsburgh,BH,0.566666667,Breast,Infiltrating Ductal Carcinoma,Pain,10033371,5.3559043136177245,3.3382482821551873,PR,1.0766100001,Low Risk
TCGA-BH-A18N,362.3848924087348,1,TCGA-BH-A18N,23.0,Breast Cancer,Breast Invasive Ductal Carcinoma,0.1399,0.2785,0.26,31,IDC,Primary,Matched,26,No,Yes,University of Pittsburgh,BH,1.033333333,Breast,Infiltrating Ductal Carcinoma,Anemia,10002034,1.0478212810151135,1.0672706134106464,SD,5.007669999900001,High Risk
TCGA-BH-A18P,560.0041477714643,1,TCGA-BH-A18P,6.0,Breast Cancer,Breast Invasive Ductal Carcinoma,0.1673,0.2539,0.06,276,IDC,Primary,Matched,40,No,Yes,University of Pittsburgh,BH,9.2,Breast,Infiltrating Ductal Carcinoma,Nausea,10028813,8.240451781886401,6.146119886510156,SD,4.06097,High Risk
TCGA-BH-A18Q,937.9659472100337,1,TCGA-BH-A18Q,18.0,Breast Cancer,Breast Invasive Ductal Carcinoma,0.7399,0.2711,1.55,74,IDC,Primary,Matched,89,No,Yes,University of Pittsburgh,BH,2.5,Breast,Infiltrating Ductal Carcinoma,Fatigue,10016256,7.955286159613037,6.826747009918558,SD,4.62619,High Risk
TCGA-BH-A18R,32.08458408001234,1,TCGA-BH-A18R,4.0,Breast Cancer,Breast Invasive Ductal Carcinoma,0.2866,0.2519,0.22,27,IDC,Primary,Matched,214,No,Yes,University of Pittsburgh,BH,0.966666667,Breast,Infiltrating Ductal Carcinoma,Anemia,10002034,5.935772466942064,8.84136474726602,PD,1.2263600001000001,Low Risk
TCGA-BH-A18S,1285.1953950608956,1,TCGA-BH-A18S,4.0,Breast Cancer,Breast Invasive Mixed Mucinous Carcinoma,0.1516,0.2594,0.17,26,IMMC,Primary,Matched,58,No,Yes,University of Pittsburgh,BH,0.866666667,Breast,Mucinous Carcinoma,Fatigue,10016256,1.598169931986449,1.892735422655601,SD,1.1573600001000002,Low Risk
TCGA-BH-A18T,790.874952293837,1,TCGA-BH-A18T,22.0,Breast Cancer,Breast Invasive Ductal Carcinoma,0.6652,0.2724,1.63,71,IDC,Primary,Matched,428,No,Yes,University of Pittsburgh,BH,2.433333333,Breast,Infiltrating Ductal Carcinoma,Nausea,10028813,7.8986354457932615,11.444970057006609,PD,5.384039999900001,High Risk
TCGA-BH-A18U,68.2363443010674,1,TCGA-BH-A18U,24.0,Breast Cancer,Breast Invasive Ductal Carcinoma,0.6182,0.2674,1.48,124,IDC,Primary,Matched,527,No,Yes,University of Pittsburgh,BH,4.133333333,Breast,Infiltrating Ductal Carcinoma,Anemia,10002034,6.253422289582275,4.018177483561285,PR,6.2789399999,High Risk
TCGA-BH-A18V,1654.5077587904725,0,TCGA-BH-A18V,16.0,Breast Cancer,Breast Invasive Ductal Carcinoma,0.7015,0.2785,1.38,176,IDC,Primary,Matched,366,No,Yes,University of Pittsburgh,BH,5.933333333,Breast,Infiltrating Ductal Carcinoma,Pain,10033371,8.037639794421633,7.090319347144459,SD,5.2461499999,High Risk
TCGA-BH-A1EN,2029.3548371031425,1,TCGA-BH-A1EN,24.0,Breast Cancer,Breast Invasive Ductal Carcinoma,0.6267,0.3256,0.37,64,IDC,Primary,Matched,128,No,Yes,University of Pittsburgh,BH,2.133333333,Breast,Infiltrating Ductal Carcinoma,Fatigue,10016256,7.765722931562564,8.190754951398114,SD,5.693129999900001,High Risk
TCGA-BH-A1EO,50.41826204813072,0,TCGA-BH-A1EO,22.0,Breast Cancer,Breast Invasive Carcinoma (NOS),0.2619,0.2641,0.2,40,BRCNOS,Primary,Matched,76,No,Yes,University of Pittsburgh,BH,1.366666667,Breast,Mixed Histology (NOS),Nausea,10028813,8.227018647620534,4.744999330324126,PR,4.9413900001,High Risk
TCGA-BH-A1ES,259.3414745029206,1,TCGA-BH-A1ES,7.0,Breast Cancer,Breast Invasive Ductal Carcinoma,0.2309,0.2593,0.25,,IDC,Primary,Matched,132,No,Yes,University of Pittsburgh,BH,0.0,Breast,Infiltrating Ductal Carcinoma,Fatigue,10016256,5.6620725976416235,2.854745908640841,PR,1.52113,Low Risk
TCGA-BH-A1ET,1312.7481465813141,1,TCGA-BH-A1ET,3.0,Breast Cancer,Breast Invasive Ductal Carcinoma,0.0892,0.2606,0.06,25,IDC,Primary,Matched,15,No,Yes,University of Pittsburgh,BH,0.833333333,Breast,Infiltrating Ductal Carcinoma,Anemia,10002034,2.262920663741635,2.6486000395017184,SD,0.9288799999000001,Low Risk
TCGA-BH-A1EU,1103.4857921714467,1,TCGA-BH-A1EU,23.0,Breast Cancer,Breast Invasive Ductal Carcinoma,0.1179,0.2553,0.01,26,IDC,Primary,Matched,100,No,Yes,University of Pittsburgh,BH,0.866666667,Breast,Infiltrating Ductal Carcinoma,Anemia,10002034,7.040417260417198,8.038885834370049,SD,4.9464300001,High Risk
TCGA-BH-A1EV,163.18370564944038,1,TCGA-BH-A1EV,18.0,Breast Cancer,Breast Invasive Ductal Carcinoma,0.4189,0.2679,0.41,86,IDC,Primary,Matched,427,No,Yes,University of Pittsburgh,BH,2.833333333,Breast,Infiltrating Ductal Carcinoma,Pain,10033371,6.584264065467735,5.996874032910564,SD,4.6292499999,High Risk
TCGA-BH-A1EW,187.9192249452266,1,TCGA-BH-A1EW,15.0,Breast Cancer,Breast Invasive Ductal Carcinoma,0.3453,0.2654,0.03,14,IDC,Primary,Matched,128,No,Yes,University of Pittsburgh,BH,0.466666667,Breast,Infiltrating Ductal Carcinoma,Nausea,10028813,7.6802786847917845,7.60074230267928,SD,3.2966700000999998,High Risk
TCGA-BH-A1EX,370.2280880194958,1,TCGA-BH-A1EX,12.0,Breast Cancer,Breast Invasive Ductal Carcinoma,0.2258,0.2931,0.23,24,IDC,Primary,Matched,6,No,Yes,University of Pittsburgh,BH,0.8,Breast,Infiltrating Ductal Carcinoma,Nausea,10028813,2.5289290544566176,2.315090401896282,SD,2.7663600000000006,Low Risk
TCGA-BH-A1EY,530.1300517348915,1,TCGA-BH-A1EY,11.0,Breast Cancer,Breast Invasive Ductal Carcinoma,0.3632,0.3148,0.05,38,IDC,Primary,Matched,229,No,Yes,University of Pittsburgh,BH,1.233333333,Breast,Infiltrating Ductal Carcinoma,Pain,10033371,2.754776799102603,1.4435169401514187,PR,2.7419199999000003,Low Risk
TCGA-BH-A1F0,770.4014672468415,1,TCGA-BH-A1F0,7.0,Breast Cancer,Breast Invasive Ductal Carcinoma,0.0288,0.2616,0.01,59,IDC,Primary,Matched,122,No,Yes,University of Pittsburgh,BH,1.966666667,Breast,Infiltrating Ductal Carcinoma,Pain,10033371,9.013685654973957,7.529777063534894,SD,2.0509600001,Low Risk
TCGA-BH-A1F2,368.25005040028094,1,TCGA-BH-A1F2,18.0,Breast Cancer,Breast Invasive Ductal Carcinoma,0.4715,0.3331,0.34,50,IDC,Primary,Matched,118,No,Yes,University of Pittsburgh,BH,1.666666667,Breast,Infiltrating Ductal Carcinoma,Nausea,10028813,7.749800186068637,5.247252188861689,PR,4.3080700001,High Risk
TCGA-BH-A1F5,496.7128873767341,1,TCGA-BH-A1F5,0.0,Breast Cancer,Breast Invasive Ductal Carcinoma,0.1457,0.3214,0.28,30,IDC,Primary,Matched,8,No,Yes,University of Pittsburgh,BH,1.033333333,Breast,Infiltrating Ductal Carcinoma,Fatigue,10016256,9.174056398302906,5.48997726092464,PR,0.41798999989999996,Low Risk
TCGA-BH-A1F6,1100.983152311874,1,TCGA-BH-A1F6,21.0,Breast Cancer,Breast Invasive Ductal Carcinoma,0.5787,0.3071,0.46,32,IDC,Primary,Matched,326,No,Yes,University of Pittsburgh,BH,1.1,Breast,Infiltrating Ductal Carcinoma,Fatigue,10016256,7.8284378904752865,11.403845440488986,PD,4.76503,High Risk
TCGA-BH-A1F8,29.89836185718277,0,TCGA-BH-A1F8,16.0,Breast Cancer,Breast Invasive Ductal Carcinoma,0.9971,0.3189,0.62,128,IDC,Primary,Matched,131,No,Yes,University of Pittsburgh,BH,4.333333333,Breast,Infiltrating Ductal Carcinoma,Pain,10033371,6.374397753912717,7.007756162050883,SD,4.862909999899999,High Risk
TCGA-BH-A1FB,232.74929750591778,1,TCGA-BH-A1FB,0.0,Breast Cancer,Breast Invasive Ductal Carcinoma,0.0542,0.0,,,IDC,Primary,Matched,6,No,Yes,University of Pittsburgh,BH,0.0,Breast,Infiltrating Ductal Carcinoma,Fatigue,10016256,6.887194633250863,8.461994966904276,PD,0.01626,Low Risk
TCGA-BH-A1FC,999.5934999648206,1,TCGA-BH-A1FC,25.0,Breast Cancer,Breast Invasive Ductal Carcinoma,0.4675,0.326,0.49,103,IDC,Primary,Matched,267,No,Yes,University of Pittsburgh,BH,3.433333333,Breast,Medullary Carcinoma,Nausea,10028813,9.00215131546009,7.340027794021542,SD,6.2354499999,High Risk
TCGA-BH-A1FD,1804.6134034644908,0,TCGA-BH-A1FD,9.0,Breast Cancer,Breast Invasive Ductal Carcinoma,0.4385,0.2989,0.29,28,IDC,Primary,Matched,393,No,Yes,University of Pittsburgh,BH,0.966666667,Breast,Infiltrating Ductal Carcinoma,Anemia,10002034,6.209260790607464,5.545783451410796,SD,2.2813300001,Low Risk
TCGA-BH-A1FE,573.4232897667207,1,TCGA-BH-A1FE,6.0,Breast Cancer,Breast Invasive Ductal Carcinoma,0.1298,0.3192,0.03,19,IDC,Primary,Matched,277,No,Yes,University of Pittsburgh,BH,0.633333333,Breast,Infiltrating Ductal Carcinoma,Anemia,10002034,6.691521918955487,4.931143057764144,SD,1.4927799999000002,Low Risk
TCGA-BH-A1FG,607.6236018824551,1,TCGA-BH-A1FG,5.0,Breast Cancer,Breast Invasive Ductal Carcinoma,0.1163,0.305,0.44,18,IDC,Primary,Matched,24,No,Yes,University of Pittsburgh,BH,0.6,Breast,Infiltrating Ductal Carcinoma,Fatigue,10016256,2.408290444032405,1.4376667208014253,PR,1.27589,Low Risk
TCGA-BH-A1FH,90.6890708325307,0,TCGA-BH-A1FH,0.0,Breast Cancer,Breast Invasive Ductal Carcinoma,0.0222,0.3365,0.05,25,IDC,Primary,Matched,150,No,Yes,University of Pittsburgh,BH,0.8,Breast,Infiltrating Ductal Carcinoma,Pain,10033371,5.265290981044925,3.5752991564653382,PR,0.31396,Low Risk
TCGA-BH-A1FJ,474.5145968668407,1,TCGA-BH-A1FJ,3.0,Breast Cancer,Breast Invasive Ductal Carcinoma,0.1001,0.4703,1.53,25,IDC,Primary,Matched,21,No,Yes,University of Pittsburgh,BH,0.833333333,Breast,Infiltrating Ductal Carcinoma,Pain,10033371,7.44757400762289,9.663331878275736,PD,0.9740899999000001,Low Risk
TCGA-BH-A1FL,608.485439244232,1,TCGA-BH-A1FL,4.0,Breast Cancer,Breast Invasive Ductal Carcinoma,0.0908,0.3396,0.94,17,IDC,Primary,Matched,26,No,Yes,University of Pittsburgh,BH,0.6,Breast,Infiltrating Ductal Carcinoma,Pain,10033371,3.4384842848472887,4.048972745812261,SD,1.07516,Low Risk
TCGA-BH-A1FM,222.15424260852265,1,TCGA-BH-A1FM,21.0,Breast Cancer,Breast Invasive Ductal Carcinoma,0.5273,0.3445,0.89,50,IDC,Primary,Matched,403,No,Yes,University of Pittsburgh,BH,1.666666667,Breast,Infiltrating Ductal Carcinoma,Pain,10033371,2.820287624720814,2.9526405529047124,SD,4.9270900001,High Risk
TCGA-BH-A1FN,250.93968950283508,1,TCGA-BH-A1FN,12.0,Breast Cancer,Breast Invasive Ductal Carcinoma,0.5352,0.3038,0.72,98,IDC,Primary,Matched,338,No,Yes,University of Pittsburgh,BH,3.266666667,Breast,Infiltrating Ductal Carcinoma,Pain,10033371,3.82444127401974,3.729173955670329,SD,3.6013200001000003,High Risk
TCGA-BH-A1FR,378.9319878419776,1,TCGA-BH-A1FR,0.0,Breast Cancer,Breast Invasive Carcinoma (NOS),0.0005,0.3198,0.11,14,BRCNOS,Primary,Matched,2,No,Yes,University of Pittsburgh,BH,0.466666667,Breast,Other,Fatigue,10016256,3.173505651935501,4.514103238689536,PD,0.20411000010000002,Low Risk
TCGA-BH-A1FU,16.22028860025161,1,TCGA-BH-A1FU,26.0,Breast Cancer,Breast Invasive Ductal Carcinoma,0.0641,0.29,0,82,IDC,Primary,Matched,59,No,Yes,University of Pittsburgh,BH,2.733333333,Breast,Infiltrating Ductal Carcinoma,Anemia,10002034,2.934213733327563,1.6805267493288134,PR,6.0972299999,High Risk
TCGA-BH-A201,310.9798090049086,1,TCGA-BH-A201,4.0,Breast Cancer,Breast Invasive Ductal Carcinoma,0.1268,0.2668,0.01,21,IDC,Primary,Matched,71,No,Yes,University of Pittsburgh,BH,0.7,Breast,Infiltrating Ductal Carcinoma,Anemia,10002034,4.823657585812782,3.7653510342667,SD,1.1014,Low Risk
TCGA-BH-A202,190.04554849890388,1,TCGA-BH-A202,21.0,Breast Cancer,Breast Invasive Ductal Carcinoma,0.2689,0.2744,0.07,26,IDC,Primary,Matched,65,No,Yes,University of Pittsburgh,BH,0.866666667,Breast,Infiltrating Ductal Carcinoma,Fatigue,10016256,9.170546624951808,7.794394714481696,SD,4.5955500001,High Risk
TCGA-BH-A203,317.39938418558614,0,TCGA-BH-A203,15.0,Breast Cancer,Breast Invasive Ductal Carcinoma,0.3623,0.3141,0.31,61,IDC,Primary,Matched,434,No,Yes,University of Pittsburgh,BH,2.033333333,Breast,Infiltrating Ductal Carcinoma,Pain,10033371,5.563536820648465,7.134823225995858,PD,3.7815099999,High Risk
TCGA-BH-A204,102.050482627825,0,TCGA-BH-A204,7.0,Breast Cancer,Breast Invasive Ductal Carcinoma,0.2346,0.3005,0.37,36,IDC,Primary,Matched,90,No,Yes,University of Pittsburgh,BH,1.2,Breast,Infiltrating Ductal Carcinoma,Fatigue,10016256,2.691283427337907,4.016779862301445,PD,1.8904800000000002,Low Risk
TCGA-BH-A208,1769.6639199544197,1,TCGA-BH-A208,19.0,Breast Cancer,Breast Invasive Ductal Carcinoma,0.1644,0.2965,0.23,59,IDC,Primary,Matched,123,No,Yes,University of Pittsburgh,BH,1.966666667,Breast,Infiltrating Ductal Carcinoma,Anemia,10002034,1.6927450244278668,1.2537663285955978,SD,4.498620000100001,High Risk
TCGA-BH-A209,720.3190511036478,1,TCGA-BH-A209,19.0,Breast Cancer,Breast Invasive Ductal Carcinoma,0.3066,0.3711,0.33,87,IDC,Primary,Matched,176,No,Yes,University of Pittsburgh,BH,2.933333333,Breast,Medullary Carcinoma,Nausea,10028813,7.265405306241327,9.984899797845918,PD,4.8461999999000005,High Risk
TCGA-BH-A28O,909.3063663144253,1,TCGA-BH-A28O,2.0,Breast Cancer,Breast Invasive Lobular Carcinoma,0.0003,0.3017,0.01,,ILC,Primary,Matched,0,Yes,No,University of Pittsburgh,BH,0.0,Breast,Infiltrating Lobular Carcinoma,Fatigue,10016256,4.445188879927491,5.91486949804982,PD,0.46043,Low Risk
TCGA-BH-A28Q,1245.367225902233,1,TCGA-BH-A28Q,7.0,Breast Cancer,Breast Invasive Lobular Carcinoma,0.1605,0.311,0.4,19,ILC,Primary,Matched,21,No,Yes,University of Pittsburgh,BH,0.633333333,Breast,Infiltrating Lobular Carcinoma,Pain,10033371,8.396478519268234,6.0845702731279125,SD,1.7003499999000002,Low Risk
TCGA-BH-A2L8,552.0291374791082,1,TCGA-BH-A2L8,4.0,Breast Cancer,Breast Invasive Lobular Carcinoma,0.0149,0.3232,0.05,422,ILC,Primary,Matched,2,Yes,No,University of Pittsburgh,BH,14.26666667,Breast,Infiltrating Lobular Carcinoma,Anemia,10002034,6.935596917766931,6.2374082712771095,SD,5.1491100009999995,High Risk
TCGA-BH-A42T,72.74567561396468,1,TCGA-BH-A42T,11.0,Breast Cancer,Breast Invasive Lobular Carcinoma,0.401,0.2992,0.23,,ILC,Primary,Matched,97,Yes,No,University of Pittsburgh,BH,0.0,Breast,Infiltrating Lobular Carcinoma,Anemia,10002034,8.166173054872317,7.428546073964957,SD,2.3801400000000004,Low Risk
TCGA-BH-A42U,616.2066906358581,0,TCGA-BH-A42U,0.0,Breast Cancer,Breast Invasive Lobular Carcinoma,0.0,0.2876,0,18,ILC,Primary,Matched,1,Yes,No,University of Pittsburgh,BH,0.633333333,Breast,Infiltrating Lobular Carcinoma,Anemia,10002034,3.4475143547660387,5.096186974257161,PD,0.24751999990000004,Low Risk
TCGA-BH-A42V,707.1384462970989,1,TCGA-BH-A42V,2.0,Breast Cancer,Breast Invasive Ductal Carcinoma,0.0894,0.2894,0,40,IDC,Primary,Matched,35,Yes,No,University of Pittsburgh,BH,1.366666667,Breast,Infiltrating Ductal Carcinoma,Anemia,10002034,7.231230302149523,4.923686149739294,PR,0.8947000001000001,Low Risk
TCGA-BH-A5IZ,1094.5733190467274,1,TCGA-BH-A5IZ,11.0,Breast Cancer,Breast Invasive Ductal Carcinoma,0.7932,0.2992,0.18,61,IDC,Primary,Matched,44,Yes,No,University of Pittsburgh,BH,3.766666667,Breast,Infiltrating Ductal Carcinoma,Pain,10033371,3.376557862243469,4.386682061630125,PD,3.6278000001,High Risk
TCGA-BH-A5J0,452.02771950638567,1,TCGA-BH-A5J0,21.0,Breast Cancer,Breast Invasive Ductal Carcinoma,0.4572,0.3109,0.01,59,IDC,Primary,Matched,187,Yes,No,University of Pittsburgh,BH,2.033333333,Breast,Infiltrating Ductal Carcinoma,Nausea,10028813,9.451616315052624,7.884469467176595,SD,5.0093399999,High Risk
TCGA-BH-A6R8,109.18773338344978,1,TCGA-BH-A6R8,14.0,Breast Cancer,Breast Invasive Ductal Carcinoma,0.3293,0.3586,0.2,28,IDC,Primary,Matched,14,Yes,No,University of Pittsburgh,BH,1.0,Breast,Infiltrating Ductal Carcinoma,Anemia,10002034,6.7273685338003695,8.280518433362523,PD,3.2705100000000003,High Risk
TCGA-BH-A6R9,267.00974420936313,0,TCGA-BH-A6R9,0.0,Breast Cancer,Metaplastic Breast Cancer,0.0002,0.332,0,14,MBC,Primary,Matched,5,Yes,No,University of Pittsburgh,BH,0.466666667,Breast,Metaplastic Carcinoma,Fatigue,10016256,3.920606201578079,3.6070008489616523,SD,0.20646000009999999,Low Risk
TCGA-BH-A8FY,360.89186037969876,0,TCGA-BH-A8FY,5.0,Breast Cancer,Breast Invasive Lobular Carcinoma,0.1798,0.3253,0,39,ILC,Primary,Matched,35,Yes,No,University of Pittsburgh,BH,1.3,Breast,Infiltrating Lobular Carcinoma,Nausea,10028813,3.425606760630454,3.6940364949238744,SD,1.509,Low Risk
TCGA-BH-A8FZ,830.5796892974893,0,TCGA-BH-A8FZ,9.0,Breast Cancer,Breast Invasive Lobular Carcinoma,0.1891,0.3117,0,57,ILC,Primary,Matched,62,Yes,No,University of Pittsburgh,BH,1.9,Breast,Infiltrating Lobular Carcinoma,Anemia,10002034,2.718339265644792,3.622490909292959,PD,2.48907,Low Risk
TCGA-BH-A8G0,676.6253769611357,1,TCGA-BH-A8G0,2.0,Breast Cancer,Breast Invasive Lobular Carcinoma,0.0007,0.3202,0,12,ILC,Primary,Matched,14,Yes,No,University of Pittsburgh,BH,0.366666667,Breast,Infiltrating Lobular Carcinoma,Nausea,10028813,7.25176863004355,9.457506932533153,PD,0.5742500001,Low Risk
TCGA-BH-AB28,352.1654077214449,1,TCGA-BH-AB28,4.0,Breast Cancer,Breast Invasive Lobular Carcinoma,0.1393,0.3199,0.01,27,ILC,Primary,Matched,16,Yes,No,University of Pittsburgh,BH,1.766666667,Breast,Infiltrating Lobular Carcinoma,Fatigue,10016256,2.968440516981346,4.0561459413618834,PD,1.4357700001,Low Risk
TCGA-C8-A12K,3444.9566177358497,1,TCGA-C8-A12K,6.0,Breast Cancer,Breast Invasive Ductal Carcinoma,0.4856,0.2834,0.14,123,IDC,Primary,Matched,224,Yes,No,ILSBio,C8,4.166666667,Breast,Infiltrating Ductal Carcinoma,Anemia,10002034,6.357729393347402,3.5578955183701946,PR,2.6523600001000003,Low Risk
TCGA-C8-A12L,744.6664067737674,1,TCGA-C8-A12L,16.0,Breast Cancer,Breast Invasive Ductal Carcinoma,0.6096,0.2814,0.81,71,IDC,Primary,Matched,292,Yes,No,ILSBio,C8,2.433333333,Breast,Infiltrating Ductal Carcinoma,Fatigue,10016256,3.381715242328216,4.031175524840284,SD,4.169159999900001,High Risk
TCGA-C8-A12M,216.63562300543995,1,TCGA-C8-A12M,17.0,Breast Cancer,Breast Invasive Ductal Carcinoma,0.4491,0.3153,0.66,54,IDC,Primary,Matched,411,Yes,No,ILSBio,C8,1.8,Breast,Infiltrating Ductal Carcinoma,Pain,10033371,6.9577205031448175,4.452853292770876,PR,4.137790000000001,High Risk
TCGA-C8-A12N,85.87440369990948,0,TCGA-C8-A12N,4.0,Breast Cancer,Breast Invasive Ductal Carcinoma,0.0757,0.2847,0.01,19,IDC,Primary,Matched,5,Yes,No,ILSBio,C8,0.633333333,Breast,Infiltrating Ductal Carcinoma,Anemia,10002034,8.334457556864852,7.632850984938193,SD,1.0696499999000002,Low Risk
TCGA-C8-A12O,132.7106340718607,1,TCGA-C8-A12O,27.0,Breast Cancer,Breast Invasive Ductal Carcinoma,0.3342,0.2718,0.11,36,IDC,Primary,Matched,104,Yes,No,ILSBio,C8,1.2,Breast,Infiltrating Ductal Carcinoma,Anemia,10002034,8.002227188301879,8.391042724289003,SD,5.91462,High Risk
TCGA-C8-A12P,225.84547951611276,1,TCGA-C8-A12P,17.0,Breast Cancer,Breast Invasive Ductal Carcinoma,0.3385,0.2886,0.17,141,IDC,Primary,Matched,538,Yes,No,ILSBio,C8,4.733333333,Breast,Infiltrating Ductal Carcinoma,Anemia,10002034,7.847661978377036,7.084394330827379,SD,4.9792699999000005,High Risk
TCGA-C8-A12Q,140.13189996343522,1,TCGA-C8-A12Q,13.0,Breast Cancer,Breast Invasive Ductal Carcinoma,0.4088,0.2593,0.35,98,IDC,Primary,Matched,400,Yes,No,ILSBio,C8,3.266666667,Breast,Infiltrating Ductal Carcinoma,Anemia,10002034,2.6895016512302687,2.7422472856858504,SD,3.7545000001,High Risk
TCGA-C8-A12T,165.19339636366433,1,TCGA-C8-A12T,2.0,Breast Cancer,Breast Invasive Ductal Carcinoma,0.2311,0.2886,0.09,153,IDC,Primary,Matched,122,Yes,No,ILSBio,C8,5.133333333,Breast,Infiltrating Ductal Carcinoma,Pain,10033371,1.7954645228606685,2.68695989497555,PD,2.0670499999,Low Risk
TCGA-C8-A12U,268.4846785723572,1,TCGA-C8-A12U,18.0,Breast Cancer,Breast Invasive Ductal Carcinoma,0.5344,0.2795,0.73,41,IDC,Primary,Matched,397,Yes,No,ILSBio,C8,1.5,Breast,Infiltrating Ductal Carcinoma,Anemia,10002034,7.290539456386471,4.63107688900339,PR,4.266220000000001,High Risk
TCGA-C8-A12V,152.3219469303096,0,TCGA-C8-A12V,0.0,Breast Cancer,Breast Invasive Ductal Carcinoma,0.0027,0.2736,0.01,41,IDC,Primary,Matched,45,Yes,No,ILSBio,C8,1.433333333,Breast,Infiltrating Ductal Carcinoma,Nausea,10028813,4.315124924149162,5.072239678473017,SD,0.48552999989999995,Low Risk
TCGA-C8-A12W,1816.6011594847323,0,TCGA-C8-A12W,27.0,Breast Cancer,Breast Invasive Ductal Carcinoma,0.3504,0.2886,0.65,53,IDC,Primary,Matched,229,Yes,No,ILSBio,C8,1.733333333,Breast,Infiltrating Ductal Carcinoma,Anemia,10002034,4.891116037630126,4.382444696420774,SD,6.0828399999,High Risk
TCGA-C8-A12X,66.90857007360013,0,TCGA-C8-A12X,10.0,Breast Cancer,Breast Invasive Mixed Mucinous Carcinoma,0.2971,0.2827,0.26,46,IMMC,Primary,Matched,65,Yes,No,ILSBio,C8,1.533333333,Breast,Mucinous Carcinoma,Pain,10033371,1.2803418351405196,0.8104689275949406,PR,2.6056699999,Low Risk
TCGA-C8-A12Y,594.7298800901622,1,TCGA-C8-A12Y,8.0,Breast Cancer,Breast Invasive Ductal Carcinoma,0.2329,0.2626,0.2,34,IDC,Primary,Matched,97,Yes,No,ILSBio,C8,1.133333333,Breast,Infiltrating Ductal Carcinoma,Anemia,10002034,3.3361880434754427,2.1976697137670835,PR,2.0623899999,Low Risk
TCGA-C8-A12Z,422.6444451914419,1,TCGA-C8-A12Z,9.0,Breast Cancer,Breast Invasive Ductal Carcinoma,0.2697,0.2818,0.06,42,IDC,Primary,Matched,170,Yes,No,ILSBio,C8,1.433333333,Breast,Infiltrating Ductal Carcinoma,Nausea,10028813,1.303087634870176,1.8885298642985544,PD,2.3672699999,Low Risk
TCGA-C8-A130,3230.9137328127363,1,TCGA-C8-A130,20.0,Breast Cancer,Breast Invasive Ductal Carcinoma,0.5081,0.2892,0.47,34,IDC,Primary,Matched,470,Yes,No,ILSBio,C8,1.166666667,Breast,Infiltrating Ductal Carcinoma,Pain,10033371,8.912671953411229,12.295935566627074,PD,4.5602700001,High Risk
TCGA-C8-A131,95.06187655792392,1,TCGA-C8-A131,21.0,Breast Cancer,Breast Invasive Ductal Carcinoma,0.2303,0.2745,0.05,56,IDC,Primary,Matched,67,Yes,No,ILSBio,C8,1.933333333,Breast,Infiltrating Ductal Carcinoma,Pain,10033371,3.190570148966774,4.489266077243858,PD,4.9039899999,High Risk
TCGA-C8-A132,405.8063949939443,0,TCGA-C8-A132,14.0,Breast Cancer,Breast Invasive Ductal Carcinoma,0.1483,0.287,0.02,63,IDC,Primary,Matched,203,Yes,No,ILSBio,C8,2.133333333,Breast,Infiltrating Ductal Carcinoma,Nausea,10028813,6.016034526157073,8.973112676272455,PD,3.5418899999000004,High Risk
TCGA-C8-A133,2791.247731301372,1,TCGA-C8-A133,0.0,Breast Cancer,Breast Invasive Carcinoma (NOS),0.0053,0.2636,0.01,24,BRCNOS,Primary,Matched,21,Yes,No,ILSBio,C8,0.8,Breast,Other,Nausea,10028813,1.3508138859501737,0.956802264455719,SD,0.29431,Low Risk
TCGA-C8-A134,1604.9952495745238,1,TCGA-C8-A134,8.0,Breast Cancer,Breast Invasive Ductal Carcinoma,0.4432,0.2972,0.31,82,IDC,Primary,Matched,142,Yes,No,ILSBio,C8,2.8,Breast,Infiltrating Ductal Carcinoma,Nausea,10028813,7.001626521750922,5.98946675223725,SD,2.6324,Low Risk
TCGA-C8-A135,1358.9304272289435,1,TCGA-C8-A135,20.0,Breast Cancer,Breast Invasive Ductal Carcinoma,0.2977,0.2924,0.13,56,IDC,Primary,Matched,248,Yes,No,ILSBio,C8,1.9,Breast,Infiltrating Ductal Carcinoma,Nausea,10028813,3.907246111786845,4.568426508501122,SD,4.71779,High Risk
TCGA-C8-A137,238.6200668268037,1,TCGA-C8-A137,5.0,Breast Cancer,Breast Invasive Ductal Carcinoma,0.2233,0.2714,0.24,43,IDC,Primary,Matched,218,Yes,No,ILSBio,C8,1.433333333,Breast,Infiltrating Ductal Carcinoma,Nausea,10028813,9.081272682618993,8.934179130327678,SD,1.5512699999,Low Risk
TCGA-C8-A138,149.91962622919002,0,TCGA-C8-A138,19.0,Breast Cancer,Breast Invasive Ductal Carcinoma,0.3556,0.2797,0.02,41,IDC,Primary,Matched,178,Yes,No,ILSBio,C8,1.466666667,Breast,Infiltrating Ductal Carcinoma,Pain,10033371,8.993063700406323,8.259135575457792,SD,4.402620000100001,High Risk
TCGA-C8-A1HE,883.6476789454268,1,TCGA-C8-A1HE,4.0,Breast Cancer,Breast Invasive Ductal Carcinoma,0.1178,0.3348,0.82,36,IDC,Primary,Matched,43,Yes,No,ILSBio,C8,1.233333333,Breast,Infiltrating Ductal Carcinoma,Pain,10033371,3.92761556525573,3.3691528149419394,SD,1.2722999999,Low Risk
TCGA-C8-A1HF,2120.308075967964,1,TCGA-C8-A1HF,24.0,Breast Cancer,Breast Invasive Ductal Carcinoma,0.2475,0.2797,0.41,27,IDC,Primary,Matched,93,Yes,No,ILSBio,C8,0.9,Breast,Infiltrating Ductal Carcinoma,Anemia,10002034,9.108648061214211,9.962862832545381,SD,5.200190000000001,High Risk
TCGA-C8-A1HG,650.9203375237938,1,TCGA-C8-A1HG,16.0,Breast Cancer,Breast Invasive Ductal Carcinoma,0.3587,0.2608,0.31,41,IDC,Primary,Matched,255,Yes,No,ILSBio,C8,1.366666667,Breast,Infiltrating Ductal Carcinoma,Anemia,10002034,9.96541906148901,10.718739256182193,SD,3.7697700001000003,High Risk
TCGA-C8-A1HI,678.1820491668692,1,TCGA-C8-A1HI,25.0,Breast Cancer,Breast Invasive Ductal Carcinoma,0.2579,0.2617,0.09,46,IDC,Primary,Matched,171,Yes,No,ILSBio,C8,1.533333333,Breast,Infiltrating Ductal Carcinoma,Fatigue,10016256,8.428740977115533,5.575256750611347,PR,5.5897099999,High Risk
TCGA-C8-A1HJ,262.7800246485207,0,TCGA-C8-A1HJ,8.0,Breast Cancer,Breast Invasive Ductal Carcinoma,0.5135,0.3679,0.8,96,IDC,Primary,Matched,168,Yes,No,ILSBio,C8,3.2,Breast,Infiltrating Ductal Carcinoma,Anemia,10002034,8.60384212979706,8.360696153243296,SD,2.78763,Low Risk
TCGA-C8-A1HK,1173.9790067296708,0,TCGA-C8-A1HK,25.0,Breast Cancer,Breast Invasive Ductal Carcinoma,0.518,0.3767,0.75,53,IDC,Primary,Matched,236,Yes,No,ILSBio,C8,1.733333333,Breast,Infiltrating Ductal Carcinoma,Anemia,10002034,3.2410786249818093,3.4143848558953644,SD,5.7507399999,High Risk
TCGA-C8-A1HL,165.66238571685668,0,TCGA-C8-A1HL,12.0,Breast Cancer,Breast Invasive Carcinoma (NOS),0.2376,0.2644,0.26,27,BRCNOS,Primary,Matched,114,Yes,No,ILSBio,C8,0.9,Breast,Other,Nausea,10028813,6.190321589719807,6.625420344024047,SD,2.7941600000000006,High Risk
TCGA-C8-A1HM,312.87025049538613,0,TCGA-C8-A1HM,23.0,Breast Cancer,Breast Invasive Ductal Carcinoma,0.5116,0.2758,0.68,313,IDC,Primary,Matched,203,Yes,No,ILSBio,C8,10.43333333,Breast,Infiltrating Ductal Carcinoma,Nausea,10028813,1.6053032257063107,1.1399373673794517,SD,7.938639999,High Risk
TCGA-C8-A1HN,443.31564005586443,1,TCGA-C8-A1HN,20.0,Breast Cancer,Breast Invasive Ductal Carcinoma,0.436,0.2734,0.3,45,IDC,Primary,Matched,463,Yes,No,ILSBio,C8,1.533333333,Breast,Infiltrating Ductal Carcinoma,Anemia,10002034,1.8542614313950274,2.3034959299788187,PD,4.6454799999,High Risk
TCGA-C8-A1HO,566.7879701157588,1,TCGA-C8-A1HO,5.0,Breast Cancer,Breast Invasive Ductal Carcinoma,0.3198,0.3394,0.91,28,IDC,Primary,Matched,132,Yes,No,ILSBio,C8,0.933333333,Breast,Infiltrating Ductal Carcinoma,Fatigue,10016256,9.990033508299616,5.246756555791113,PR,1.4438199998999999,Low Risk
TCGA-C8-A26V,222.09006685568465,1,TCGA-C8-A26V,4.0,Breast Cancer,Breast Invasive Ductal Carcinoma,0.1835,0.2978,0.02,65,IDC,Primary,Matched,39,Yes,No,ILSBio,C8,2.166666667,Breast,Infiltrating Ductal Carcinoma,Nausea,10028813,3.9397532448331987,3.367826576662959,SD,1.5646100001,Low Risk
TCGA-C8-A26W,97.58661771530835,1,TCGA-C8-A26W,7.0,Breast Cancer,Breast Invasive Ductal Carcinoma,0.3238,0.3066,0.25,47,IDC,Primary,Matched,150,Yes,No,ILSBio,C8,1.6,Breast,Infiltrating Ductal Carcinoma,Anemia,10002034,7.733655208439617,9.90072321725788,PD,2.03846,Low Risk
TCGA-C8-A26X,754.5597259434852,0,TCGA-C8-A26X,27.0,Breast Cancer,Breast Invasive Ductal Carcinoma,0.3564,0.3101,0.06,68,IDC,Primary,Matched,242,Yes,No,ILSBio,C8,2.3,Breast,Infiltrating Ductal Carcinoma,Anemia,10002034,8.259985477241347,8.787740077257498,SD,6.25894,High Risk
TCGA-C8-A26Y,272.45069474923343,1,TCGA-C8-A26Y,20.0,Breast Cancer,Breast Invasive Ductal Carcinoma,0.588,0.3403,0.57,633,IDC,Primary,Matched,260,Yes,No,ILSBio,C8,21.36666667,Breast,Infiltrating Ductal Carcinoma,Pain,10033371,8.722209439065063,6.639018153507949,SD,10.654460001,High Risk
TCGA-C8-A26Z,696.3624546339549,0,TCGA-C8-A26Z,20.0,Breast Cancer,Breast Invasive Ductal Carcinoma,0.5299,0.3,0.31,43,IDC,Primary,Matched,169,Yes,No,ILSBio,C8,1.433333333,Breast,Infiltrating Ductal Carcinoma,Fatigue,10016256,9.978654676619408,11.924024532673453,SD,4.6489699999,High Risk
TCGA-C8-A273,134.13180221654383,1,TCGA-C8-A273,7.0,Breast Cancer,Breast Invasive Ductal Carcinoma,0.2254,0.2953,0.26,16,IDC,Primary,Matched,172,Yes,No,ILSBio,C8,0.533333333,Breast,Infiltrating Ductal Carcinoma,Pain,10033371,3.1734683673118105,3.387331396834386,SD,1.6866799999000002,Low Risk
TCGA-C8-A274,524.8971024228221,1,TCGA-C8-A274,16.0,Breast Cancer,Breast Invasive Ductal Carcinoma,0.4187,0.3504,0.41,191,IDC,Primary,Matched,42,Yes,No,ILSBio,C8,6.4,Breast,Infiltrating Ductal Carcinoma,Fatigue,10016256,1.3631574417372974,1.7669841225348892,PD,5.31569,High Risk
TCGA-C8-A275,608.4377985032622,1,TCGA-C8-A275,5.0,Breast Cancer,Breast Invasive Ductal Carcinoma,0.2019,0.3138,0.24,104,IDC,Primary,Matched,147,Yes,No,ILSBio,C8,3.533333333,Breast,Infiltrating Ductal Carcinoma,Nausea,10028813,4.700723661951274,5.8055121158282805,PD,2.1833299998999998,Low Risk
TCGA-C8-A278,42.57172116569706,0,TCGA-C8-A278,17.0,Breast Cancer,Breast Invasive Ductal Carcinoma,0.1661,0.3104,0.09,43,IDC,Primary,Matched,175,Yes,No,ILSBio,C8,1.433333333,Breast,Infiltrating Ductal Carcinoma,Fatigue,10016256,2.1707260284605225,2.409740160764279,SD,3.9419099999000005,High Risk
TCGA-C8-A27A,328.3068811043386,1,TCGA-C8-A27A,16.0,Breast Cancer,Breast Invasive Ductal Carcinoma,0.3008,0.3255,0.81,24,IDC,Primary,Matched,329,Yes,No,ILSBio,C8,0.8,Breast,Infiltrating Ductal Carcinoma,Anemia,10002034,1.2018330024584962,1.1876245424812526,SD,3.59534,High Risk
TCGA-C8-A27B,115.47946146554528,1,TCGA-C8-A27B,14.0,Breast Cancer,Breast Invasive Ductal Carcinoma,0.7389,0.394,3.02,124,IDC,Primary,Matched,163,Yes,No,ILSBio,C8,4.1,Breast,Infiltrating Ductal Carcinoma,Anemia,10002034,4.243841444273375,2.6871245466809484,PR,4.33047,High Risk
TCGA-C8-A3M7,52.37780701801991,1,TCGA-C8-A3M7,8.0,Breast Cancer,Breast Invasive Lobular Carcinoma,0.1781,0.3138,0.01,127,ILC,Primary,Matched,48,Yes,No,ILSBio,C8,4.333333333,Breast,Infiltrating Lobular Carcinoma,Fatigue,10016256,8.053644259677128,6.131505289195285,SD,3.0161899999,High Risk
TCGA-C8-A3M8,3680.9610491162593,1,TCGA-C8-A3M8,9.0,Breast Cancer,Breast Invasive Lobular Carcinoma,0.2516,0.2895,0.05,44,ILC,Primary,Matched,95,Yes,No,ILSBio,C8,1.433333333,Breast,Infiltrating Lobular Carcinoma,Fatigue,10016256,6.095626221025638,5.602486846844228,SD,2.3633799999,Low Risk
TCGA-C8-A8HP,311.3040180155362,1,TCGA-C8-A8HP,10.0,Breast Cancer,Metaplastic Breast Cancer,0.0419,0.3167,0.01,144,MBC,Primary,Matched,150,Yes,No,ILSBio,C8,4.866666667,Breast,Metaplastic Carcinoma,Fatigue,10016256,3.8150019028931865,4.193828871778496,SD,3.5359100000999995,High Risk
TCGA-C8-A8HQ,1328.056491015919,0,TCGA-C8-A8HQ,5.0,Breast Cancer,Breast Invasive Mixed Mucinous Carcinoma,0.2302,0.3121,0.01,216,IMMC,Primary,Matched,95,Yes,No,ILSBio,C8,7.266666667,Breast,Mucinous Carcinoma,Pain,10033371,6.889078049434477,6.983512533903061,SD,3.3114800000999995,High Risk
TCGA-C8-A8HR,235.11106743472112,1,TCGA-C8-A8HR,10.0,Breast Cancer,Breast Invasive Lobular Carcinoma,0.012,0.3233,0,40,ILC,Primary,Matched,57,Yes,No,ILSBio,C8,1.333333333,Breast,Infiltrating Lobular Carcinoma,Fatigue,10016256,3.0881636227792963,2.434042781105763,SD,2.4682599999,Low Risk
TCGA-C8-A9FZ,915.3130808162812,1,TCGA-C8-A9FZ,7.0,Breast Cancer,Breast Invasive Carcinoma (NOS),0.6245,0.3305,0.22,21,BRCNOS,Primary,Matched,134,Yes,No,ILSBio,C8,0.733333333,Breast,Mixed Histology (NOS),Nausea,10028813,1.1294330146487652,0.5720175664305837,PR,1.8734499999,Low Risk
TCGA-D8-A13Y,1142.4529782625668,1,TCGA-D8-A13Y,13.0,Breast Cancer,Breast Invasive Ductal Carcinoma,0.947,0.3032,1.06,67,IDC,Primary,Matched,137,Yes,No,Greater Poland Cancer Center,D8,2.233333333,Breast,Infiltrating Ductal Carcinoma,Pain,10033371,7.8791804779278465,7.849548628546921,SD,3.6147399999000003,High Risk
TCGA-D8-A13Z,724.3572753353118,1,TCGA-D8-A13Z,27.0,Breast Cancer,Breast Invasive Ductal Carcinoma,0.4986,0.2975,0.33,83,IDC,Primary,Matched,334,Yes,No,Greater Poland Cancer Center,D8,2.766666667,Breast,Infiltrating Ductal Carcinoma,Pain,10033371,6.613687763776082,5.195884987458595,SD,6.439080000100001,High Risk
TCGA-D8-A140,510.2853152362174,0,TCGA-D8-A140,5.0,Breast Cancer,Breast Invasive Ductal Carcinoma,0.2323,0.2922,0.07,95,IDC,Primary,Matched,364,Yes,No,Greater Poland Cancer Center,D8,3.166666667,Breast,Infiltrating Ductal Carcinoma,Fatigue,10016256,7.86072362050864,9.704914631471338,PD,2.0781300001,Low Risk
TCGA-D8-A141,424.6062508043022,1,TCGA-D8-A141,9.0,Breast Cancer,Breast Invasive Ductal Carcinoma,0.049,0.2838,0.04,19,IDC,Primary,Matched,4,Yes,No,Greater Poland Cancer Center,D8,0.633333333,Breast,Infiltrating Ductal Carcinoma,Nausea,10028813,1.3504421501889905,0.7075591210553629,PR,2.0614599999000003,Low Risk
TCGA-D8-A142,343.23464136317983,1,TCGA-D8-A142,0.0,Breast Cancer,Breast Invasive Ductal Carcinoma,0.5222,0.2872,0.29,112,IDC,Primary,Matched,260,Yes,No,Greater Poland Cancer Center,D8,3.833333333,Breast,Infiltrating Ductal Carcinoma,Pain,10033371,8.53407665047587,9.258003694251592,SD,1.3640999998999999,Low Risk
TCGA-D8-A143,2122.044838576625,1,TCGA-D8-A143,20.0,Breast Cancer,Breast Invasive Ductal Carcinoma,0.5356,0.3145,1.28,50,IDC,Primary,Matched,91,Yes,No,Greater Poland Cancer Center,D8,1.633333333,Breast,Infiltrating Ductal Carcinoma,Anemia,10002034,6.57573580032673,9.47875374881731,PD,4.7135799999,High Risk
TCGA-D8-A145,1420.4856569134383,0,TCGA-D8-A145,4.0,Breast Cancer,Breast Invasive Ductal Carcinoma,0.0845,0.2879,0,42,IDC,Primary,Matched,28,Yes,No,Greater Poland Cancer Center,D8,1.433333333,Breast,Infiltrating Ductal Carcinoma,Pain,10033371,6.070558156413761,4.09404067722474,PR,1.3129299999000001,Low Risk
TCGA-D8-A147,2682.5411115325533,0,TCGA-D8-A147,11.0,Breast Cancer,Breast Invasive Ductal Carcinoma,0.5742,0.2934,0.62,147,IDC,Primary,Matched,252,Yes,No,Greater Poland Cancer Center,D8,4.9,Breast,Infiltrating Ductal Carcinoma,Fatigue,10016256,6.621526433030784,6.433802786645967,SD,3.9009400000000003,High Risk
TCGA-D8-A1J8,106.18283346888444,1,TCGA-D8-A1J8,19.0,Breast Cancer,Breast Invasive Ductal Carcinoma,0.8977,0.4316,4.8,689,IDC,Primary,Matched,21,Yes,No,Greater Poland Cancer Center,D8,23.1,Breast,Infiltrating Ductal Carcinoma,Nausea,10028813,8.779899221815278,5.1926254857197325,PR,11.08563,High Risk
TCGA-D8-A1J9,1050.041090768406,1,TCGA-D8-A1J9,10.0,Breast Cancer,Breast Invasive Ductal Carcinoma,0.3573,0.3156,0.08,179,IDC,Primary,Matched,245,Yes,No,Greater Poland Cancer Center,D8,5.966666667,Breast,Infiltrating Ductal Carcinoma,Fatigue,10016256,6.282428559030164,7.072016193974409,SD,3.9603100001,High Risk
TCGA-D8-A1JA,2228.9018122089924,1,TCGA-D8-A1JA,6.0,Breast Cancer,Breast Invasive Ductal Carcinoma,0.2448,0.31,0.38,785,IDC,Primary,Matched,136,Yes,No,Greater Poland Cancer Center,D8,26.6,Breast,Infiltrating Ductal Carcinoma,Anemia,10002034,6.228553418993614,6.543292690938728,SD,9.315439999999999,High Risk
TCGA-D8-A1JB,159.96464776063814,0,TCGA-D8-A1JB,8.0,Breast Cancer,Breast Invasive Ductal Carcinoma,0.0338,0.324,0.13,39,IDC,Primary,Matched,68,Yes,No,Greater Poland Cancer Center,D8,1.3,Breast,Infiltrating Ductal Carcinoma,Anemia,10002034,9.916112413591893,8.997538538312183,SD,2.06494,Low Risk
TCGA-D8-A1JC,55.0482539779975,1,TCGA-D8-A1JC,14.0,Breast Cancer,Breast Invasive Ductal Carcinoma,0.3667,0.2977,0.2,76,IDC,Primary,Matched,109,Yes,No,Greater Poland Cancer Center,D8,2.533333333,Breast,Infiltrating Ductal Carcinoma,Anemia,10002034,7.810571503617112,7.977538258372126,SD,3.7295499999,High Risk
TCGA-D8-A1JD,1081.1145225508976,1,TCGA-D8-A1JD,18.0,Breast Cancer,Breast Invasive Ductal Carcinoma,0.4688,0.3017,0.08,98,IDC,Primary,Matched,154,Yes,No,Greater Poland Cancer Center,D8,3.3,Breast,Infiltrating Ductal Carcinoma,Fatigue,10016256,4.980644249060218,6.955841541086913,PD,4.79098,High Risk
TCGA-D8-A1JE,683.5417153589358,1,TCGA-D8-A1JE,24.0,Breast Cancer,Breast Invasive Ductal Carcinoma,0.6207,0.3658,0.8,28,IDC,Primary,Matched,16,Yes,No,Greater Poland Cancer Center,D8,0.933333333,Breast,Infiltrating Ductal Carcinoma,Pain,10033371,7.366573000296349,5.1293028076648906,PR,5.339369999900001,High Risk
TCGA-D8-A1JF,1475.2617130571823,1,TCGA-D8-A1JF,24.0,Breast Cancer,Breast Invasive Ductal Carcinoma,0.414,0.3033,0.19,41,IDC,Primary,Matched,90,Yes,No,Greater Poland Cancer Center,D8,1.366666667,Breast,Infiltrating Ductal Carcinoma,Fatigue,10016256,4.503074245226096,2.3531467941295,PR,5.3948600001,High Risk
TCGA-D8-A1JG,120.44659713135408,1,TCGA-D8-A1JG,25.0,Breast Cancer,Breast Invasive Ductal Carcinoma,0.2687,0.348,0.33,132,IDC,Primary,Matched,218,Yes,No,Greater Poland Cancer Center,D8,4.466666667,Breast,Infiltrating Ductal Carcinoma,Nausea,10028813,3.059879162351491,4.166530006796524,PD,6.4902100001,High Risk
TCGA-D8-A1JH,1268.8400888254944,0,TCGA-D8-A1JH,0.0,Breast Cancer,Breast Invasive Ductal Carcinoma,0.0001,0.3268,0.66,21,IDC,Primary,Matched,2,Yes,No,Greater Poland Cancer Center,D8,0.7,Breast,Infiltrating Ductal Carcinoma,Pain,10033371,6.371666891989835,6.863031252647712,SD,0.27539,Low Risk
TCGA-D8-A1JI,180.14381845361837,1,TCGA-D8-A1JI,9.0,Breast Cancer,Breast Invasive Ductal Carcinoma,0.39,0.3136,0.29,25,IDC,Primary,Matched,69,Yes,No,Greater Poland Cancer Center,D8,0.8,Breast,Infiltrating Ductal Carcinoma,Anemia,10002034,9.353638883025564,13.007717002016163,PD,2.21972,Low Risk
TCGA-D8-A1JJ,142.9721591724144,1,TCGA-D8-A1JJ,22.0,Breast Cancer,Breast Invasive Ductal Carcinoma,0.4374,0.2922,0.05,64,IDC,Primary,Matched,161,Yes,No,Greater Poland Cancer Center,D8,2.166666667,Breast,Infiltrating Ductal Carcinoma,Fatigue,10016256,9.362255680139164,10.2698816487015,SD,5.239660000100001,High Risk
TCGA-D8-A1JK,143.55572524796057,1,TCGA-D8-A1JK,21.0,Breast Cancer,Breast Invasive Ductal Carcinoma,0.4906,0.3022,0.33,192,IDC,Primary,Matched,422,Yes,No,Greater Poland Cancer Center,D8,6.5,Breast,Infiltrating Ductal Carcinoma,Anemia,10002034,4.077147502949413,5.341720016390682,PD,6.35762,High Risk
TCGA-D8-A1JL,1348.082626051207,0,TCGA-D8-A1JL,23.0,Breast Cancer,Breast Invasive Ductal Carcinoma,0.3656,0.3016,0.27,88,IDC,Primary,Matched,282,Yes,No,Greater Poland Cancer Center,D8,2.933333333,Breast,Infiltrating Ductal Carcinoma,Anemia,10002034,5.749097195995255,5.344782526456559,SD,5.6499999999,High Risk
TCGA-D8-A1JM,875.3709112127751,1,TCGA-D8-A1JM,14.0,Breast Cancer,Breast Invasive Ductal Carcinoma,0.6736,0.3527,1.09,39,IDC,Primary,Matched,197,Yes,No,Greater Poland Cancer Center,D8,1.3,Breast,Infiltrating Ductal Carcinoma,Nausea,10028813,2.904723087128751,3.6304969980901887,PD,3.4626200000000003,High Risk
TCGA-D8-A1JN,592.3007650768354,0,TCGA-D8-A1JN,7.0,Breast Cancer,Breast Invasive Lobular Carcinoma,0.1263,0.3103,0.28,124,ILC,Primary,Matched,24,Yes,No,Greater Poland Cancer Center,D8,4.1,Breast,Infiltrating Lobular Carcinoma,Pain,10033371,9.960679985489952,14.07485385791715,PD,2.7299499999999997,Low Risk
TCGA-D8-A1JP,355.56912134245454,1,TCGA-D8-A1JP,4.0,Breast Cancer,Breast Invasive Ductal Carcinoma,0.4267,0.3315,0.26,98,IDC,Primary,Matched,168,Yes,No,Greater Poland Cancer Center,D8,3.366666667,Breast,Infiltrating Ductal Carcinoma,Nausea,10028813,9.830061170811422,10.539034316020924,SD,2.0043100001000003,Low Risk
TCGA-D8-A1JS,1677.7621338354659,1,TCGA-D8-A1JS,2.0,Breast Cancer,Breast Invasive Carcinoma (NOS),0.0619,0.2879,0.02,19,BRCNOS,Primary,Matched,3,Yes,No,Greater Poland Cancer Center,D8,0.633333333,Breast,Other,Nausea,10028813,6.845580367367026,4.66036946108483,PR,0.6661499999,Low Risk
TCGA-D8-A1JT,398.65019975795593,1,TCGA-D8-A1JT,18.0,Breast Cancer,Breast Invasive Carcinoma (NOS),0.4147,0.3311,0.52,27,BRCNOS,Primary,Matched,34,Yes,No,Greater Poland Cancer Center,D8,0.933333333,Breast,Other,Nausea,10028813,8.23972653709726,6.334682110221407,SD,4.0706299999,High Risk
TCGA-D8-A1JU,1356.8661302784558,1,TCGA-D8-A1JU,4.0,Breast Cancer,Breast Invasive Ductal Carcinoma,0.1035,0.4299,0.88,13,IDC,Primary,Matched,10,Yes,No,Greater Poland Cancer Center,D8,0.433333333,Breast,Infiltrating Ductal Carcinoma,Anemia,10002034,7.4359014515533,5.195052223471261,PR,1.0470299999000001,Low Risk
TCGA-D8-A1X5,462.6199048911043,1,TCGA-D8-A1X5,20.0,Breast Cancer,Breast Invasive Ductal Carcinoma,0.631,0.3194,0.4,47,IDC,Primary,Matched,256,Yes,No,Greater Poland Cancer Center,D8,1.566666667,Breast,Infiltrating Ductal Carcinoma,Nausea,10028813,6.338423971355214,4.733896486887896,SD,4.7231800001,High Risk
TCGA-D8-A1X6,378.4956526541897,0,TCGA-D8-A1X6,13.0,Breast Cancer,Breast Invasive Ductal Carcinoma,0.3619,0.2839,0.03,37,IDC,Primary,Matched,17,Yes,No,Greater Poland Cancer Center,D8,1.233333333,Breast,Infiltrating Ductal Carcinoma,Nausea,10028813,1.4801319729000793,1.1936012900250534,SD,3.1353499999,High Risk
TCGA-D8-A1X7,496.9288479196821,1,TCGA-D8-A1X7,4.0,Breast Cancer,Breast Invasive Carcinoma (NOS),0.0853,0.3339,0.26,20,BRCNOS,Primary,Matched,5,Yes,No,Greater Poland Cancer Center,D8,0.666666667,Breast,Other,Pain,10033371,5.092879082973949,5.373668792294409,SD,1.0923700001,Low Risk
TCGA-D8-A1X8,286.91622034451365,1,TCGA-D8-A1X8,3.0,Breast Cancer,Breast Invasive Lobular Carcinoma,0.1153,0.4478,1.18,22,ILC,Primary,Matched,23,Yes,No,Greater Poland Cancer Center,D8,0.766666667,Breast,Infiltrating Lobular Carcinoma,Pain,10033371,7.073076719506695,7.69544826537879,SD,0.9541500001000001,Low Risk
TCGA-D8-A1X9,1101.4218503495515,1,TCGA-D8-A1X9,4.0,Breast Cancer,Breast Invasive Ductal Carcinoma,0.2815,0.3887,0.41,83,IDC,Primary,Matched,137,Yes,No,Greater Poland Cancer Center,D8,2.8,Breast,Infiltrating Ductal Carcinoma,Nausea,10028813,7.097784524953162,6.576095568346298,SD,1.80219,Low Risk
TCGA-D8-A1XA,558.8822525564768,0,TCGA-D8-A1XA,17.0,Breast Cancer,Breast Invasive Ductal Carcinoma,0.8612,0.3223,1.02,24,IDC,Primary,Matched,39,Yes,No,Greater Poland Cancer Center,D8,0.8,Breast,Infiltrating Ductal Carcinoma,Pain,10033371,4.358103565801452,4.8611192779062184,SD,3.9628200000000002,High Risk
TCGA-D8-A1XB,211.39402479765218,0,TCGA-D8-A1XB,3.0,Breast Cancer,Breast Invasive Ductal Carcinoma,0.217,0.305,0.18,35,IDC,Primary,Matched,31,Yes,No,Greater Poland Cancer Center,D8,1.2,Breast,Infiltrating Ductal Carcinoma,Pain,10033371,9.475227879922276,5.510554949416538,PR,1.0861,Low Risk
TCGA-D8-A1XC,1838.6718796404668,1,TCGA-D8-A1XC,2.0,Breast Cancer,Breast Invasive Mixed Mucinous Carcinoma,0.0566,0.3219,0.29,25,IMMC,Primary,Matched,2,Yes,No,Greater Poland Cancer Center,D8,0.866666667,Breast,Mucinous Carcinoma,Nausea,10028813,2.5062132901310292,1.4731226914978484,PR,0.7413600001,Low Risk
TCGA-D8-A1XD,387.465393886969,0,TCGA-D8-A1XD,6.0,Breast Cancer,Breast Invasive Ductal Carcinoma,0.148,0.0,,,IDC,Primary,Matched,161,Yes,No,Greater Poland Cancer Center,D8,0.0,Breast,Infiltrating Ductal Carcinoma,Anemia,10002034,5.503235015940046,3.6972354109803707,PR,1.2444000000000002,Low Risk
TCGA-D8-A1XF,627.4259057422108,1,TCGA-D8-A1XF,25.0,Breast Cancer,Breast Invasive Ductal Carcinoma,0.6723,0.3394,1.82,29,IDC,Primary,Matched,77,Yes,No,Greater Poland Cancer Center,D8,0.933333333,Breast,Infiltrating Ductal Carcinoma,Nausea,10028813,7.217955788957405,7.348438370587578,SD,5.5495699999,High Risk
TCGA-D8-A1XG,1895.5964869677011,1,TCGA-D8-A1XG,4.0,Breast Cancer,Breast Invasive Ductal Carcinoma,0.1533,0.327,0.83,21,IDC,Primary,Matched,21,Yes,No,Greater Poland Cancer Center,D8,0.7,Breast,Infiltrating Ductal Carcinoma,Pain,10033371,7.2742222530262834,5.193755980329624,SD,1.12139,Low Risk
TCGA-D8-A1XJ,783.0394430858646,0,TCGA-D8-A1XJ,14.0,Breast Cancer,Breast Invasive Carcinoma (NOS),0.3525,0.3111,0.28,80,BRCNOS,Primary,Matched,194,Yes,No,Greater Poland Cancer Center,D8,2.7,Breast,Other,Anemia,10002034,6.83775061091934,5.355903408504961,SD,3.7779700000000003,High Risk
TCGA-D8-A1XK,99.45169268622381,0,TCGA-D8-A1XK,15.0,Breast Cancer,Breast Invasive Ductal Carcinoma,0.6388,0.6238,13.12,971,IDC,Primary,Matched,162,Yes,No,Greater Poland Cancer Center,D8,32.36666667,Breast,Infiltrating Ductal Carcinoma,Fatigue,10016256,3.4775939210667417,3.1309224461335616,SD,13.026400000999999,High Risk
TCGA-D8-A1XL,2248.493347145767,1,TCGA-D8-A1XL,17.0,Breast Cancer,Breast Invasive Ductal Carcinoma,0.5466,0.3143,0.33,92,IDC,Primary,Matched,181,Yes,No,Greater Poland Cancer Center,D8,3.1,Breast,Infiltrating Ductal Carcinoma,Anemia,10002034,2.4058591181795976,3.156165076281299,PD,4.55684,High Risk
TCGA-D8-A1XM,790.461543147861,1,TCGA-D8-A1XM,5.0,Breast Cancer,Breast Invasive Ductal Carcinoma,0.1667,0.2918,0,44,IDC,Primary,Matched,17,Yes,No,Greater Poland Cancer Center,D8,1.466666667,Breast,Infiltrating Ductal Carcinoma,Pain,10033371,6.723462941440398,3.454933027819524,PR,1.5483700000999998,Low Risk
TCGA-D8-A1XO,326.2610524410475,1,TCGA-D8-A1XO,7.0,Breast Cancer,Breast Invasive Lobular Carcinoma,0.2323,0.3015,0.02,14,ILC,Primary,Matched,22,Yes,No,Greater Poland Cancer Center,D8,0.466666667,Breast,Infiltrating Lobular Carcinoma,Anemia,10002034,6.393719045254939,7.348805253159546,SD,1.6699900001,Low Risk
TCGA-D8-A1XQ,119.98145649314066,0,TCGA-D8-A1XQ,10.0,Breast Cancer,Breast Invasive Ductal Carcinoma,0.3387,0.6331,16.36,797,IDC,Primary,Matched,405,Yes,No,Greater Poland Cancer Center,D8,26.63333333,Breast,Infiltrating Ductal Carcinoma,Nausea,10028813,2.6142040926031687,3.0556818111943542,SD,10.218229999,High Risk
TCGA-D8-A1XR,1264.0011165442136,1,TCGA-D8-A1XR,6.0,Breast Cancer,Breast Invasive Ductal Carcinoma,0.2173,0.3401,0.28,27,IDC,Primary,Matched,21,Yes,No,Greater Poland Cancer Center,D8,0.9,Breast,Infiltrating Ductal Carcinoma,Fatigue,10016256,7.34625231013507,9.540253026515204,PD,1.6032100000000002,Low Risk
TCGA-D8-A1XS,774.2204060502819,1,TCGA-D8-A1XS,8.0,Breast Cancer,Breast Invasive Carcinoma (NOS),0.2212,0.3248,0.33,21,BRCNOS,Primary,Matched,54,Yes,No,Greater Poland Cancer Center,D8,0.733333333,Breast,Other,Fatigue,10016256,5.096547925602907,7.302094019469308,PD,1.9513199999000002,Low Risk
TCGA-D8-A1XT,609.9310864392226,1,TCGA-D8-A1XT,12.0,Breast Cancer,Breast Invasive Ductal Carcinoma,0.3942,0.2853,0.57,35,IDC,Primary,Matched,243,Yes,No,Greater Poland Cancer Center,D8,1.166666667,Breast,Infiltrating Ductal Carcinoma,Fatigue,10016256,7.009845324428376,3.6460858685154123,PR,2.9253200001,High Risk
TCGA-D8-A1XU,1794.6426644291564,1,TCGA-D8-A1XU,19.0,Breast Cancer,Breast Invasive Ductal Carcinoma,0.9465,0.302,0.03,22,IDC,Primary,Matched,67,Yes,No,Greater Poland Cancer Center,D8,0.8,Breast,Infiltrating Ductal Carcinoma,Pain,10033371,8.536303717931357,5.580896276095407,PR,4.38435,High Risk
TCGA-D8-A1XV,1243.1920109568575,1,TCGA-D8-A1XV,1.0,Breast Cancer,Breast Invasive Mixed Mucinous Carcinoma,0.0342,0.2846,0,25,IMMC,Primary,Matched,4,Yes,No,Greater Poland Cancer Center,D8,0.9,Breast,Mucinous Carcinoma,Pain,10033371,2.5275558571923087,3.503625373363067,PD,0.53718,Low Risk
TCGA-D8-A1XW,131.5930561010727,0,TCGA-D8-A1XW,18.0,Breast Cancer,Breast Invasive Ductal Carcinoma,0.3797,0.3111,0.62,82,IDC,Primary,Matched,63,Yes,No,Greater Poland Cancer Center,D8,2.866666667,Breast,Infiltrating Ductal Carcinoma,Fatigue,10016256,1.17230381197153,1.1236749642973083,SD,4.6361300001,High Risk
TCGA-D8-A1XY,298.8500411166404,1,TCGA-D8-A1XY,25.0,Breast Cancer,Breast Invasive Ductal Carcinoma,0.3139,0.295,0.21,43,IDC,Primary,Matched,84,Yes,No,Greater Poland Cancer Center,D8,1.433333333,Breast,Infiltrating Ductal Carcinoma,Anemia,10002034,8.011923277562081,8.529418521145704,SD,5.5831699999,High Risk
TCGA-D8-A1XZ,228.53569483907035,1,TCGA-D8-A1XZ,18.0,Breast Cancer,Breast Invasive Ductal Carcinoma,0.356,0.2954,0.2,72,IDC,Primary,Matched,336,Yes,No,Greater Poland Cancer Center,D8,2.4,Breast,Infiltrating Ductal Carcinoma,Fatigue,10016256,6.487276826373543,7.5448794271551956,SD,4.48588,High Risk
TCGA-D8-A1Y0,1089.8944494947293,1,TCGA-D8-A1Y0,10.0,Breast Cancer,Breast Invasive Ductal Carcinoma,0.3854,0.312,1.12,55,IDC,Primary,Matched,120,Yes,No,Greater Poland Cancer Center,D8,1.866666667,Breast,Infiltrating Ductal Carcinoma,Anemia,10002034,7.296756126599095,8.603361470021934,SD,2.7380200000999997,Low Risk
TCGA-D8-A1Y1,27.286031886270344,0,TCGA-D8-A1Y1,21.0,Breast Cancer,Breast Invasive Ductal Carcinoma,0.5329,0.4692,6.24,203,IDC,Primary,Matched,8,Yes,No,Greater Poland Cancer Center,D8,6.8,Breast,Infiltrating Ductal Carcinoma,Anemia,10002034,8.543394774897783,12.2319234807043,PD,6.49371,High Risk
TCGA-D8-A1Y2,674.9708451089144,1,TCGA-D8-A1Y2,12.0,Breast Cancer,Breast Invasive Ductal Carcinoma,0.3094,0.3604,0.37,18,IDC,Primary,Matched,56,Yes,No,Greater Poland Cancer Center,D8,0.6,Breast,Infiltrating Ductal Carcinoma,Pain,10033371,8.225298413420504,12.312855668006952,PD,2.7449000000000003,Low Risk
TCGA-D8-A1Y3,1149.930972687823,1,TCGA-D8-A1Y3,22.0,Breast Cancer,Breast Invasive Ductal Carcinoma,0.612,0.3234,1.46,49,IDC,Primary,Matched,108,Yes,No,Greater Poland Cancer Center,D8,1.666666667,Breast,Infiltrating Ductal Carcinoma,Anemia,10002034,9.648281322359422,11.772422440637486,PD,5.148280000100001,High Risk
TCGA-D8-A27E,1674.9338755087504,0,TCGA-D8-A27E,0.0,Breast Cancer,Breast Invasive Carcinoma (NOS),0.0001,0.3095,0.01,10,BRCNOS,Primary,Matched,2,Yes,No,Greater Poland Cancer Center,D8,0.333333333,Breast,Other,Fatigue,10016256,5.823415709669064,4.584316356669952,SD,0.1619299999,Low Risk
TCGA-D8-A27F,334.9396748360741,0,TCGA-D8-A27F,7.0,Breast Cancer,Breast Invasive Ductal Carcinoma,0.6698,0.3123,0.94,61,IDC,Primary,Matched,129,Yes,No,Greater Poland Cancer Center,D8,2.033333333,Breast,Infiltrating Ductal Carcinoma,Pain,10033371,5.396460693939148,7.445779606349539,PD,2.2733999999,Low Risk
TCGA-D8-A27G,1377.4463708328024,0,TCGA-D8-A27G,4.0,Breast Cancer,Breast Invasive Lobular Carcinoma,0.1084,0.3223,0.08,813,ILC,Primary,Matched,119,Yes,No,Greater Poland Cancer Center,D8,27.13333333,Breast,Infiltrating Lobular Carcinoma,Nausea,10028813,4.616984799016571,2.5357446137366755,PR,9.036979999,High Risk
TCGA-D8-A27H,93.79510807902187,0,TCGA-D8-A27H,5.0,Breast Cancer,Breast Invasive Ductal Carcinoma,0.4824,0.0,1.08,121,IDC,Primary,Matched,302,Yes,No,Greater Poland Cancer Center,D8,4.1,Breast,Infiltrating Ductal Carcinoma,Nausea,10028813,2.3832193855978407,1.7423260610099023,SD,2.37472,Low Risk
TCGA-D8-A27I,1498.99516576935,1,TCGA-D8-A27I,12.0,Breast Cancer,Breast Invasive Lobular Carcinoma,0.0458,0.3554,0.09,29,ILC,Primary,Matched,24,Yes,No,Greater Poland Cancer Center,D8,0.966666667,Breast,Infiltrating Lobular Carcinoma,Pain,10033371,6.153465095938202,8.598764237975532,PD,2.7748200001,Low Risk
TCGA-D8-A27K,109.10370442245667,0,TCGA-D8-A27K,5.0,Breast Cancer,Breast Invasive Ductal Carcinoma,0.1153,0.2936,0.05,21,IDC,Primary,Matched,1,Yes,No,Greater Poland Cancer Center,D8,0.7,Breast,Infiltrating Ductal Carcinoma,Fatigue,10016256,3.493112718933809,2.6414621970379297,SD,1.30331,Low Risk
TCGA-D8-A27L,405.05170496789145,1,TCGA-D8-A27L,7.0,Breast Cancer,Breast Invasive Ductal Carcinoma,0.1113,0.2929,0.01,39,IDC,Primary,Matched,10,Yes,No,Greater Poland Cancer Center,D8,1.3,Breast,Infiltrating Ductal Carcinoma,Nausea,10028813,9.291767609916779,6.696122173845568,SD,1.8819700000000001,Low Risk
TCGA-D8-A27M,1276.804290661192,0,TCGA-D8-A27M,8.0,Breast Cancer,Breast Invasive Ductal Carcinoma,0.2982,0.3232,0.06,71,IDC,Primary,Matched,140,Yes,No,Greater Poland Cancer Center,D8,2.366666667,Breast,Infiltrating Ductal Carcinoma,Nausea,10028813,6.248717238493878,3.9874645195644223,PR,2.4641000001,Low Risk
TCGA-D8-A27N,129.93743193633293,0,TCGA-D8-A27N,8.0,Breast Cancer,Breast Invasive Ductal Carcinoma,0.2527,0.3201,0.25,41,IDC,Primary,Matched,267,Yes,No,Greater Poland Cancer Center,D8,1.366666667,Breast,Infiltrating Ductal Carcinoma,Anemia,10002034,6.335561624572992,8.610736295253753,PD,2.1498300001,Low Risk
TCGA-D8-A27P,208.31441795580074,0,TCGA-D8-A27P,2.0,Breast Cancer,Breast Invasive Ductal Carcinoma,0.0485,0.3071,0.06,23,IDC,Primary,Matched,3,Yes,No,Greater Poland Cancer Center,D8,0.766666667,Breast,Infiltrating Ductal Carcinoma,Anemia,10002034,4.194321947893091,4.194566305696932,SD,0.7059700001,Low Risk
TCGA-D8-A27R,1024.8344781159244,1,TCGA-D8-A27R,21.0,Breast Cancer,Breast Invasive Ductal Carcinoma,0.3549,0.3162,0.28,34,IDC,Primary,Matched,213,Yes,No,Greater Poland Cancer Center,D8,1.133333333,Breast,Infiltrating Ductal Carcinoma,Fatigue,10016256,1.4679041677993674,1.7246306294823424,SD,4.7097099999,High Risk
TCGA-D8-A27T,1018.4769375933557,1,TCGA-D8-A27T,29.0,Breast Cancer,Breast Invasive Lobular Carcinoma,0.1924,0.3234,0.02,21,ILC,Primary,Matched,34,Yes,No,Greater Poland Cancer Center,D8,0.7,Breast,Infiltrating Lobular Carcinoma,Pain,10033371,1.2856938883568976,0.9502131330952972,SD,6.1324000000000005,High Risk
TCGA-D8-A27V,819.8753669899127,1,TCGA-D8-A27V,13.0,Breast Cancer,Breast Invasive Lobular Carcinoma,0.3774,0.3265,0.97,3080,ILC,Primary,Matched,106,Yes,No,Greater Poland Cancer Center,D8,103.0666667,Breast,Infiltrating Lobular Carcinoma,Fatigue,10016256,4.810016297378778,6.051194927825209,PD,33.698520009999996,High Risk
TCGA-D8-A27W,947.2013672700936,0,TCGA-D8-A27W,34.0,Breast Cancer,Breast Invasive Mixed Mucinous Carcinoma,0.4452,0.3101,0.06,43,IMMC,Primary,Matched,103,Yes,No,Greater Poland Cancer Center,D8,1.433333333,Breast,Mucinous Carcinoma,Pain,10033371,1.7610884028751408,2.2189811527911236,PD,7.425579999900001,High Risk
TCGA-D8-A3Z5,625.9752809565106,0,TCGA-D8-A3Z5,6.0,Breast Cancer,Breast Invasive Lobular Carcinoma,0.1265,0.3186,0,,ILC,Primary,Matched,3,Yes,No,Greater Poland Cancer Center,D8,0.0,Breast,Infiltrating Lobular Carcinoma,Nausea,10028813,6.461622599861252,5.250701762350089,SD,1.30167,Low Risk
TCGA-D8-A3Z6,232.06695940752792,1,TCGA-D8-A3Z6,10.0,Breast Cancer,Breast Invasive Lobular Carcinoma,0.2634,0.2925,0,25,ILC,Primary,Matched,46,Yes,No,Greater Poland Cancer Center,D8,0.833333333,Breast,Infiltrating Lobular Carcinoma,Anemia,10002034,8.928757050756918,8.131263980492438,SD,2.3875199999,Low Risk
TCGA-D8-A4Z1,339.34655503461073,1,TCGA-D8-A4Z1,1.0,Breast Cancer,Breast Invasive Lobular Carcinoma,0.0031,0.2876,0,29,ILC,Primary,Matched,7,Yes,No,Greater Poland Cancer Center,D8,1.0,Breast,Infiltrating Lobular Carcinoma,Fatigue,10016256,8.9462333486685,6.349054827171862,SD,0.55845,Low Risk
TCGA-D8-A73U,160.32101961322547,1,TCGA-D8-A73U,12.0,Breast Cancer,Breast Invasive Lobular Carcinoma,0.0535,0.3289,0,123,ILC,Primary,Matched,22,Yes,No,Greater Poland Cancer Center,D8,4.133333333,Breast,Infiltrating Lobular Carcinoma,Fatigue,10016256,6.931408691190091,10.234647910132914,PD,3.7218299999,High Risk
TCGA-D8-A73W,1912.7009114589214,0,TCGA-D8-A73W,5.0,Breast Cancer,Breast Invasive Mixed Mucinous Carcinoma,0.1276,0.332,0,39,IMMC,Primary,Matched,19,Yes,No,Greater Poland Cancer Center,D8,1.3,Breast,Mucinous Carcinoma,Pain,10033371,2.901086483256379,3.3234921514878324,SD,1.49468,Low Risk
TCGA-D8-A73X,700.4872437092788,0,TCGA-D8-A73X,5.0,Breast Cancer,Breast Invasive Carcinoma (NOS),0.0989,0.3195,0.01,31,BRCNOS,Primary,Matched,2,Yes,No,Greater Poland Cancer Center,D8,1.033333333,Breast,Other,Pain,10033371,8.766971482229849,12.576605292240263,PD,1.4035699999,Low Risk
TCGA-E2-A105,409.7965275832179,1,TCGA-E2-A105,6.0,Breast Cancer,Breast Invasive Ductal Carcinoma,0.1353,0.0,0.21,54,IDC,Primary,Matched,191,No,Yes,Roswell Park,E2,1.8,Breast,Infiltrating Ductal Carcinoma,Fatigue,10016256,8.974840917818874,7.210257449746904,SD,1.7805900000000001,Low Risk
TCGA-E2-A107,495.92600505693065,1,TCGA-E2-A107,22.0,Breast Cancer,Breast Invasive Lobular Carcinoma,0.3303,0.0,0.03,27,ILC,Primary,Matched,25,No,Yes,Roswell Park,E2,0.9,Breast,Infiltrating Lobular Carcinoma,Pain,10033371,2.769882264576628,3.5506869050320264,PD,4.76909,High Risk
TCGA-E2-A108,2354.258989597769,0,TCGA-E2-A108,9.0,Breast Cancer,Breast Invasive Ductal Carcinoma,0.0338,0.0,0.01,134,IDC,Primary,Matched,30,No,Yes,Roswell Park,E2,4.533333333,Breast,Infiltrating Ductal Carcinoma,Fatigue,10016256,7.636834771936095,9.66715330797487,PD,3.1701399999,High Risk
TCGA-E2-A109,133.17564010280054,0,TCGA-E2-A109,16.0,Breast Cancer,Breast Invasive Ductal Carcinoma,0.4427,0.0,0.77,62,IDC,Primary,Matched,347,No,Yes,Roswell Park,E2,2.1,Breast,Infiltrating Ductal Carcinoma,Fatigue,10016256,3.5786759403441066,4.264549410509865,SD,3.96281,High Risk
TCGA-E2-A10A,705.9556872868433,1,TCGA-E2-A10A,6.0,Breast Cancer,Breast Invasive Ductal Carcinoma,0.2109,0.2721,0.26,22,IDC,Primary,Matched,239,No,Yes,Roswell Park,E2,0.733333333,Breast,Infiltrating Ductal Carcinoma,Fatigue,10016256,8.223762811176368,12.053067299409754,PD,1.5376899999000002,Low Risk
TCGA-E2-A10B,563.9955526345418,1,TCGA-E2-A10B,35.0,Breast Cancer,Breast Invasive Ductal Carcinoma,0.2365,0.0,0.98,46,IDC,Primary,Matched,10,No,Yes,Roswell Park,E2,1.533333333,Breast,Infiltrating Ductal Carcinoma,Nausea,10028813,9.975141099132424,8.913340557543195,SD,7.5309499999,High Risk
TCGA-E2-A10C,756.2754544024582,1,TCGA-E2-A10C,21.0,Breast Cancer,Breast Invasive Ductal Carcinoma,0.5337,0.2886,0.08,334,IDC,Primary,Matched,135,No,Yes,Roswell Park,E2,11.23333333,Breast,Infiltrating Ductal Carcinoma,Pain,10033371,1.2702340479645353,0.8011586190647751,PR,7.787829999,High Risk
TCGA-E2-A10E,14.620944325197788,1,TCGA-E2-A10E,5.0,Breast Cancer,Breast Invasive Ductal Carcinoma,0.1522,0.0,0.02,,IDC,Primary,Matched,36,No,Yes,Roswell Park,E2,0.0,Breast,Infiltrating Ductal Carcinoma,Anemia,10002034,9.076292792118387,10.634772673618127,SD,1.04566,Low Risk
TCGA-E2-A10F,1645.3548180325572,1,TCGA-E2-A10F,6.0,Breast Cancer,Breast Invasive Lobular Carcinoma,0.1319,0.0,0.04,21,ILC,Primary,Matched,16,No,Yes,Roswell Park,E2,0.7,Breast,Infiltrating Lobular Carcinoma,Anemia,10002034,6.603674802387922,8.11796215373985,PD,1.4495700000000002,Low Risk
TCGA-E2-A14N,2151.9908293530016,1,TCGA-E2-A14N,19.0,Breast Cancer,Breast Invasive Ductal Carcinoma,0.0848,0.2559,0.05,77,IDC,Primary,Matched,127,No,Yes,Roswell Park,E2,2.566666667,Breast,Infiltrating Ductal Carcinoma,Pain,10033371,9.760443572483391,10.493068064246398,SD,4.6466200001,High Risk
TCGA-E2-A14O,666.1723711547181,0,TCGA-E2-A14O,32.0,Breast Cancer,Breast Invasive Ductal Carcinoma,0.7348,0.2735,0.97,32,IDC,Primary,Matched,28,No,Yes,Roswell Park,E2,1.066666667,Breast,Infiltrating Ductal Carcinoma,Fatigue,10016256,5.185085657737848,3.6649113203184562,SD,6.9951400001,High Risk
TCGA-E2-A14P,954.2965924207666,1,TCGA-E2-A14P,14.0,Breast Cancer,Breast Invasive Ductal Carcinoma,0.2736,0.2906,0.72,62,IDC,Primary,Matched,788,No,Yes,Roswell Park,E2,2.1,Breast,Infiltrating Ductal Carcinoma,Anemia,10002034,8.626491375142365,8.664930517521197,SD,3.5702000000000003,High Risk
TCGA-E2-A14Q,2045.975486276501,0,TCGA-E2-A14Q,8.0,Breast Cancer,Breast Invasive Ductal Carcinoma,0.1835,0.305,0.07,25,IDC,Primary,Matched,72,No,Yes,Roswell Park,E2,0.866666667,Breast,Infiltrating Ductal Carcinoma,Anemia,10002034,1.561546617384495,1.2682721358139282,SD,1.9760500001,Low Risk
TCGA-E2-A14R,982.7179627140146,1,TCGA-E2-A14R,11.0,Breast Cancer,Breast Invasive Ductal Carcinoma,0.7127,0.2927,1.89,111,IDC,Primary,Matched,440,No,Yes,Roswell Park,E2,3.7,Breast,Infiltrating Ductal Carcinoma,Pain,10033371,4.017511450704662,3.726107397054971,SD,3.5823500000000004,High Risk
TCGA-E2-A14S,132.40840729929738,1,TCGA-E2-A14S,8.0,Breast Cancer,Breast Invasive Ductal Carcinoma,0.2502,0.2912,0.19,,IDC,Primary,Matched,83,No,Yes,Roswell Park,E2,0.0,Breast,Infiltrating Ductal Carcinoma,Anemia,10002034,1.6031488397608897,1.8359558311379913,SD,1.7333,Low Risk
TCGA-E2-A14T,686.9617198820482,1,TCGA-E2-A14T,16.0,Breast Cancer,Breast Invasive Ductal Carcinoma,0.4914,0.2796,0.19,35,IDC,Primary,Matched,235,No,Yes,Roswell Park,E2,1.2,Breast,Infiltrating Ductal Carcinoma,Fatigue,10016256,9.778088201311634,12.17581958360455,PD,3.7633400000000004,High Risk
TCGA-E2-A14U,746.576685627212,1,TCGA-E2-A14U,3.0,Breast Cancer,Breast Invasive Lobular Carcinoma,0.0,0.2891,0,,ILC,Primary,Matched,2,No,Yes,Roswell Park,E2,0.0,Breast,Infiltrating Lobular Carcinoma,Pain,10033371,8.352765165446531,6.116100891440592,SD,0.6578200000000001,Low Risk
TCGA-E2-A14V,441.4996031382569,0,TCGA-E2-A14V,17.0,Breast Cancer,Breast Invasive Ductal Carcinoma,0.38,0.2924,0.26,109,IDC,Primary,Matched,293,No,Yes,Roswell Park,E2,3.666666667,Breast,Infiltrating Ductal Carcinoma,Fatigue,10016256,8.672926791213735,7.851820575120199,SD,4.6724800001,High Risk
TCGA-E2-A14W,1066.7922431067136,0,TCGA-E2-A14W,5.0,Breast Cancer,Breast Invasive Ductal Carcinoma,0.3133,0.2597,0.38,97,IDC,Primary,Matched,95,No,Yes,Roswell Park,E2,3.2,Breast,Infiltrating Ductal Carcinoma,Anemia,10002034,9.441687082905048,7.262182869498619,SD,2.10593,Low Risk
TCGA-E2-A14X,2178.94150860998,1,TCGA-E2-A14X,27.0,Breast Cancer,Breast Invasive Ductal Carcinoma,0.332,0.2726,0.34,25,IDC,Primary,Matched,87,No,Yes,Roswell Park,E2,0.866666667,Breast,Infiltrating Ductal Carcinoma,Anemia,10002034,1.7659313750780683,1.2337354865401007,PR,5.8141200001,High Risk
TCGA-E2-A14Y,2078.300970443294,1,TCGA-E2-A14Y,6.0,Breast Cancer,Breast Invasive Ductal Carcinoma,0.2263,0.2568,0.29,39,IDC,Primary,Matched,111,No,Yes,Roswell Park,E2,2.533333333,Breast,Infiltrating Ductal Carcinoma,Fatigue,10016256,4.47037833262,5.737226420630813,PD,2.0792499999,Low Risk
TCGA-E2-A14Z,479.4914370428941,0,TCGA-E2-A14Z,22.0,Breast Cancer,Breast Invasive Ductal Carcinoma,0.4779,0.2884,0.13,60,IDC,Primary,Matched,228,No,Yes,Roswell Park,E2,2.033333333,Breast,Infiltrating Ductal Carcinoma,Nausea,10028813,1.639314001396019,2.310207673495627,PD,5.2110499999,High Risk
TCGA-E2-A150,96.14296364142734,1,TCGA-E2-A150,16.0,Breast Cancer,Breast Invasive Ductal Carcinoma,0.671,0.2718,0.51,68,IDC,Primary,Matched,277,No,Yes,Roswell Park,E2,2.3,Breast,Infiltrating Ductal Carcinoma,Anemia,10002034,2.8971379139502575,2.5211826590865876,SD,4.14566,High Risk
TCGA-E2-A152,3351.3391912965653,1,TCGA-E2-A152,25.0,Breast Cancer,Breast Invasive Ductal Carcinoma,0.6421,0.2603,0.43,122,IDC,Primary,Matched,78,No,Yes,Roswell Park,E2,4.133333333,Breast,Infiltrating Ductal Carcinoma,Nausea,10028813,3.0642919933390513,3.8342839893924343,PD,6.4846899999000005,High Risk
TCGA-E2-A153,1460.5744886547543,0,TCGA-E2-A153,28.0,Breast Cancer,Breast Invasive Ductal Carcinoma,0.1942,0.2534,0.08,21,IDC,Primary,Matched,3,No,Yes,Roswell Park,E2,1.466666667,Breast,Infiltrating Ductal Carcinoma,Anemia,10002034,5.221964899428208,7.295060365727507,PD,6.1489400001000005,High Risk
TCGA-E2-A154,106.51676777365071,1,TCGA-E2-A154,29.0,Breast Cancer,Breast Invasive Ductal Carcinoma,0.3826,0.2793,0.22,43,IDC,Primary,Matched,24,No,Yes,Roswell Park,E2,1.4,Breast,Infiltrating Ductal Carcinoma,Nausea,10028813,3.4170595070827834,4.599786531306634,PD,6.390640000000001,High Risk
TCGA-E2-A155,2029.0463527706208,1,TCGA-E2-A155,8.0,Breast Cancer,Breast Invasive Ductal Carcinoma,0.2209,0.2774,0.92,59,IDC,Primary,Matched,146,No,Yes,Roswell Park,E2,1.966666667,Breast,Infiltrating Ductal Carcinoma,Nausea,10028813,1.9088029613598498,1.3033562180998282,PR,2.3117500001,Low Risk
TCGA-E2-A156,1631.5391449814906,1,TCGA-E2-A156,2.0,Breast Cancer,Breast Invasive Ductal Carcinoma,0.0482,0.253,0.17,26,IDC,Primary,Matched,27,No,Yes,Roswell Park,E2,0.866666667,Breast,Infiltrating Ductal Carcinoma,Nausea,10028813,2.5074198018469693,3.651535100975582,PD,0.7250600000999999,Low Risk
TCGA-E2-A158,585.2411087749193,0,TCGA-E2-A158,7.0,Breast Cancer,Breast Invasive Ductal Carcinoma,0.4764,0.2697,1.53,78,IDC,Primary,Matched,209,No,Yes,Roswell Park,E2,3.2,Breast,Infiltrating Ductal Carcinoma,Fatigue,10016256,2.3254800719688182,2.038693591783274,SD,2.5568600000000004,Low Risk
TCGA-E2-A159,715.7710294632599,1,TCGA-E2-A159,18.0,Breast Cancer,Breast Invasive Ductal Carcinoma,0.3468,0.2551,0.17,133,IDC,Primary,Matched,124,No,Yes,Roswell Park,E2,4.366666667,Breast,Infiltrating Ductal Carcinoma,Nausea,10028813,9.757691181210685,8.189051198449368,SD,5.0650600001,High Risk
TCGA-E2-A15A,407.33187472721085,1,TCGA-E2-A15A,20.0,Breast Cancer,Breast Invasive Ductal Carcinoma,0.4767,0.2705,0.29,57,IDC,Primary,Matched,316,No,Yes,Roswell Park,E2,1.933333333,Breast,Infiltrating Ductal Carcinoma,Nausea,10028813,7.833632562266263,4.405880359401853,PR,4.7771099999,High Risk
TCGA-E2-A15C,45.05451939463503,0,TCGA-E2-A15C,9.0,Breast Cancer,Breast Invasive Ductal Carcinoma,0.1347,0.2691,0.12,35,IDC,Primary,Matched,2,No,Yes,Roswell Park,E2,1.166666667,Breast,Infiltrating Ductal Carcinoma,Nausea,10028813,9.709853187426058,9.575601398665901,SD,2.2442300001,Low Risk
TCGA-E2-A15D,326.61190904059293,1,TCGA-E2-A15D,10.0,Breast Cancer,Breast Invasive Ductal Carcinoma,0.2234,0.2677,0.11,33,IDC,Primary,Matched,9,No,Yes,Roswell Park,E2,1.1,Breast,Infiltrating Ductal Carcinoma,Anemia,10002034,4.957664378571177,3.0192851083278707,PR,2.4505600000000003,Low Risk
TCGA-E2-A15E,1299.046328852943,0,TCGA-E2-A15E,23.0,Breast Cancer,Breast Invasive Ductal Carcinoma,0.2998,0.2752,0.09,34,IDC,Primary,Matched,286,No,Yes,Roswell Park,E2,1.133333333,Breast,Infiltrating Ductal Carcinoma,Nausea,10028813,3.5053163349639096,2.6238688616678663,SD,5.084979999900001,High Risk
TCGA-E2-A15F,3.714227253074308,1,TCGA-E2-A15F,9.0,Breast Cancer,Breast Invasive Ductal Carcinoma,0.2419,0.0,0.12,23,IDC,Primary,Matched,83,No,Yes,Roswell Park,E2,0.766666667,Breast,Infiltrating Ductal Carcinoma,Anemia,10002034,8.18463877488268,6.686380258970807,SD,2.1025700001,Low Risk
TCGA-E2-A15G,324.571117272135,0,TCGA-E2-A15G,16.0,Breast Cancer,Breast Invasive Carcinoma (NOS),0.0763,0.2697,0.04,50,BRCNOS,Primary,Matched,11,No,Yes,Roswell Park,E2,1.7,Breast,Mixed Histology (NOS),Nausea,10028813,3.936285262370321,5.151913768162646,PD,3.78683,High Risk
TCGA-E2-A15H,406.22247588374256,1,TCGA-E2-A15H,17.0,Breast Cancer,Breast Invasive Ductal Carcinoma,0.1888,0.2652,0.14,28,IDC,Primary,Matched,231,No,Yes,Roswell Park,E2,0.933333333,Breast,Infiltrating Ductal Carcinoma,Nausea,10028813,3.6944503633481345,5.081674544236355,PD,3.7896799999,High Risk
TCGA-E2-A15I,616.7064192991054,1,TCGA-E2-A15I,7.0,Breast Cancer,Breast Invasive Ductal Carcinoma,0.1498,0.2653,0.48,29,IDC,Primary,Matched,13,No,Yes,Roswell Park,E2,1.9,Breast,Infiltrating Ductal Carcinoma,Fatigue,10016256,3.0925539298704807,2.481670363654161,SD,2.068,Low Risk
TCGA-E2-A15J,2019.1403809224332,1,TCGA-E2-A15J,5.0,Breast Cancer,Breast Invasive Ductal Carcinoma,0.1094,0.2733,0.19,19,IDC,Primary,Matched,19,No,Yes,Roswell Park,E2,0.666666667,Breast,Infiltrating Ductal Carcinoma,Anemia,10002034,2.167110804018118,2.944449377948235,PD,1.2874800001,Low Risk
TCGA-E2-A15K,340.14168871263206,1,TCGA-E2-A15K,6.0,Breast Cancer,Breast Invasive Ductal Carcinoma,0.1946,0.2863,0.24,38,IDC,Primary,Matched,81,No,Yes,Roswell Park,E2,2.233333333,Breast,Infiltrating Ductal Carcinoma,Nausea,10028813,3.3081675491508937,4.489947343710392,PD,1.9856399999,Low Risk
TCGA-E2-A15L,340.8851887667962,0,TCGA-E2-A15L,3.0,Breast Cancer,Breast Invasive Lobular Carcinoma,0.1145,0.2725,0.03,30,ILC,Primary,Matched,9,No,Yes,Roswell Park,E2,1.266666667,Breast,Infiltrating Lobular Carcinoma,Anemia,10002034,4.1978777362649895,5.30885006876702,PD,1.0688500001,Low Risk
TCGA-E2-A15M,1070.0071613324526,0,TCGA-E2-A15M,16.0,Breast Cancer,Breast Invasive Lobular Carcinoma,0.2774,0.2772,0.3,81,ILC,Primary,Matched,182,No,Yes,Roswell Park,E2,5.033333333,Breast,Infiltrating Lobular Carcinoma,Anemia,10002034,7.065947873311574,4.569513965556558,PR,4.848659999900001,High Risk
TCGA-E2-A15O,481.5022187938715,1,TCGA-E2-A15O,11.0,Breast Cancer,Breast Invasive Ductal Carcinoma,0.2935,0.2816,0.19,27,IDC,Primary,Matched,60,No,Yes,Roswell Park,E2,0.9,Breast,Infiltrating Ductal Carcinoma,Pain,10033371,1.5630835799750642,1.8605740968597018,SD,2.61437,Low Risk
TCGA-E2-A15P,203.5059789621803,1,TCGA-E2-A15P,6.0,Breast Cancer,Breast Invasive Ductal Carcinoma,0.1936,0.2833,0.06,42,IDC,Primary,Matched,96,No,Yes,Roswell Park,E2,1.4,Breast,Infiltrating Ductal Carcinoma,Fatigue,10016256,2.8945624569880866,4.182712406779243,PD,1.7347400000000002,Low Risk
TCGA-E2-A15R,481.82588046092405,0,TCGA-E2-A15R,9.0,Breast Cancer,Breast Invasive Ductal Carcinoma,0.3571,0.2856,0.35,33,IDC,Primary,Matched,63,No,Yes,Roswell Park,E2,1.133333333,Breast,Infiltrating Ductal Carcinoma,Fatigue,10016256,8.281212762625088,9.792869305087363,SD,2.3042499999,Low Risk
TCGA-E2-A15S,121.45593754510963,0,TCGA-E2-A15S,10.0,Breast Cancer,Breast Invasive Ductal Carcinoma,0.4632,0.2644,0.53,53,IDC,Primary,Matched,75,No,Yes,Roswell Park,E2,1.8,Breast,Infiltrating Ductal Carcinoma,Fatigue,10016256,2.3222973122539368,1.9312615735082106,SD,2.73184,Low Risk
TCGA-E2-A15T,155.2436025664774,1,TCGA-E2-A15T,5.0,Breast Cancer,Breast Invasive Ductal Carcinoma,0.1639,0.283,0.15,24,IDC,Primary,Matched,72,No,Yes,Roswell Park,E2,0.8,Breast,Infiltrating Ductal Carcinoma,Pain,10033371,4.083806318702694,4.086172138887257,SD,1.34577,Low Risk
TCGA-E2-A1AZ,551.9104342422542,1,TCGA-E2-A1AZ,22.0,Breast Cancer,Breast Invasive Ductal Carcinoma,0.2665,0.2761,0.41,51,IDC,Primary,Matched,221,No,Yes,Roswell Park,E2,1.666666667,Breast,Infiltrating Ductal Carcinoma,Pain,10033371,8.78193029672326,10.061677469919188,SD,5.035170000100001,High Risk
TCGA-E2-A1B0,434.3009730048056,1,TCGA-E2-A1B0,27.0,Breast Cancer,Breast Invasive Ductal Carcinoma,0.2357,0.2831,0.58,41,IDC,Primary,Matched,272,No,Yes,Roswell Park,E2,1.4,Breast,Infiltrating Ductal Carcinoma,Fatigue,10016256,2.394327800290984,2.419636823770078,SD,5.94733,High Risk
TCGA-E2-A1B1,1970.6341882022502,1,TCGA-E2-A1B1,2.0,Breast Cancer,Breast Invasive Ductal Carcinoma,0.0269,0.2713,0.01,54,IDC,Primary,Matched,70,No,Yes,Roswell Park,E2,1.766666667,Breast,Infiltrating Ductal Carcinoma,Pain,10033371,1.744631520563709,1.0815894434100464,PR,0.9923300000999999,Low Risk
TCGA-E2-A1B4,360.0276664317826,1,TCGA-E2-A1B4,2.0,Breast Cancer,Breast Invasive Ductal Carcinoma,0.0302,0.2568,0.01,30,IDC,Primary,Matched,1,No,Yes,Roswell Park,E2,1.033333333,Breast,Infiltrating Ductal Carcinoma,Pain,10033371,5.3608419557200975,4.353347001302311,SD,0.7704199999000001,Low Risk
TCGA-E2-A1B5,695.1219070282176,1,TCGA-E2-A1B5,5.0,Breast Cancer,Breast Invasive Lobular Carcinoma,0.0291,0.2663,0.88,32,ILC,Primary,Matched,70,No,Yes,Roswell Park,E2,2.133333333,Breast,Infiltrating Lobular Carcinoma,Pain,10033371,3.7217756015068275,4.84722577001385,PD,1.7019899998999999,Low Risk
TCGA-E2-A1B6,800.3126180142784,1,TCGA-E2-A1B6,0.0,Breast Cancer,Breast Invasive Ductal Carcinoma,0.0002,0.2514,0,42,IDC,Primary,Matched,2,No,Yes,Roswell Park,E2,1.433333333,Breast,Infiltrating Ductal Carcinoma,Fatigue,10016256,6.070675280354687,8.264726878660834,PD,0.4803399999,Low Risk
TCGA-E2-A1BC,10.544755860527381,0,TCGA-E2-A1BC,7.0,Breast Cancer,Breast Invasive Ductal Carcinoma,0.1381,0.2645,1.19,32,IDC,Primary,Matched,22,No,Yes,Roswell Park,E2,2.2,Breast,Infiltrating Ductal Carcinoma,Fatigue,10016256,8.234244014351276,5.247683979734057,PR,2.15433,Low Risk
TCGA-E2-A1BD,871.4145576287912,1,TCGA-E2-A1BD,20.0,Breast Cancer,Breast Invasive Ductal Carcinoma,0.4632,0.2838,0.24,38,IDC,Primary,Matched,15,No,Yes,Roswell Park,E2,1.266666667,Breast,Infiltrating Ductal Carcinoma,Fatigue,10016256,2.2343363933746883,3.2451205781397428,PD,4.5757200001000005,High Risk
TCGA-E2-A1IE,156.84691215939856,1,TCGA-E2-A1IE,5.0,Breast Cancer,Breast Invasive Ductal Carcinoma,0.2631,0.3239,0.38,18,IDC,Primary,Matched,111,No,Yes,Roswell Park,E2,0.6,Breast,Infiltrating Ductal Carcinoma,Pain,10033371,6.226291760988564,5.160491436831769,SD,1.32371,Low Risk
TCGA-E2-A1IF,2596.7986178179412,1,TCGA-E2-A1IF,6.0,Breast Cancer,Breast Invasive Ductal Carcinoma,0.118,0.3328,0.11,19,IDC,Primary,Matched,4,No,Yes,Roswell Park,E2,0.633333333,Breast,Infiltrating Ductal Carcinoma,Fatigue,10016256,5.549578843508775,6.450351733979589,SD,1.4919599999000002,Low Risk
TCGA-E2-A1IG,128.75752344814407,1,TCGA-E2-A1IG,4.0,Breast Cancer,Breast Invasive Ductal Carcinoma,0.1263,0.3128,0.15,43,IDC,Primary,Matched,87,No,Yes,Roswell Park,E2,1.433333333,Breast,Infiltrating Ductal Carcinoma,Pain,10033371,2.2967090741187963,2.8750781719287963,PD,1.3304499999,Low Risk
TCGA-E2-A1IH,428.4008916292855,1,TCGA-E2-A1IH,22.0,Breast Cancer,Breast Invasive Lobular Carcinoma,0.3813,0.3225,0.28,65,ILC,Primary,Matched,130,No,Yes,Roswell Park,E2,2.166666667,Breast,Infiltrating Lobular Carcinoma,Nausea,10028813,6.615986369760842,8.679818406223296,PD,5.2288900001,High Risk
TCGA-E2-A1II,71.3707501204025,1,TCGA-E2-A1II,18.0,Breast Cancer,Breast Invasive Ductal Carcinoma,0.5139,0.4355,0.84,28,IDC,Primary,Matched,121,No,Yes,Roswell Park,E2,0.933333333,Breast,Infiltrating Ductal Carcinoma,Pain,10033371,3.462763760746945,5.006289675978637,PD,4.1212699999,High Risk
TCGA-E2-A1IJ,4614.465292120607,1,TCGA-E2-A1IJ,6.0,Breast Cancer,Breast Invasive Lobular Carcinoma,0.1163,0.3479,0.54,15,ILC,Primary,Matched,35,No,Yes,Roswell Park,E2,0.5,Breast,Infiltrating Lobular Carcinoma,Anemia,10002034,5.390508866896113,4.382050031722549,SD,1.4544700000000002,Low Risk
TCGA-E2-A1IK,558.0374925265809,1,TCGA-E2-A1IK,0.0,Breast Cancer,Breast Invasive Ductal Carcinoma,0.0,0.2987,0,16,IDC,Primary,Matched,0,No,Yes,Roswell Park,E2,0.5,Breast,Infiltrating Ductal Carcinoma,Fatigue,10016256,1.7404509184935568,2.3644138066036784,PD,0.20974,Low Risk
TCGA-E2-A1IL,723.8554592711566,1,TCGA-E2-A1IL,6.0,Breast Cancer,Breast Invasive Lobular Carcinoma,0.1685,0.2965,0.14,23,ILC,Primary,Matched,41,No,Yes,Roswell Park,E2,0.766666667,Breast,Infiltrating Lobular Carcinoma,Fatigue,10016256,5.136256514922607,3.244505973165506,PR,1.5398500001000002,Low Risk
TCGA-E2-A1IN,55.54564066260333,1,TCGA-E2-A1IN,20.0,Breast Cancer,Breast Invasive Ductal Carcinoma,0.449,0.3233,1.27,162,IDC,Primary,Matched,56,No,Yes,Roswell Park,E2,5.4,Breast,Infiltrating Ductal Carcinoma,Anemia,10002034,3.758171212385383,4.5287500440048625,PD,5.81936,High Risk
TCGA-E2-A1IO,1108.9090041727993,0,TCGA-E2-A1IO,10.0,Breast Cancer,Breast Invasive Ductal Carcinoma,0.4112,0.3354,0.52,13,IDC,Primary,Matched,205,No,Yes,Roswell Park,E2,0.433333333,Breast,Infiltrating Ductal Carcinoma,Pain,10033371,8.401430900668188,10.434390074680518,PD,2.3204399999,Low Risk
TCGA-E2-A1IU,188.48227060021057,1,TCGA-E2-A1IU,3.0,Breast Cancer,Breast Invasive Ductal Carcinoma,0.0515,0.3121,0.99,21,IDC,Primary,Matched,44,No,Yes,Roswell Park,E2,0.733333333,Breast,Infiltrating Ductal Carcinoma,Nausea,10028813,1.5128085429763145,1.7816697805511124,SD,0.8978699999,Low Risk
TCGA-E2-A1L6,1826.6518854493042,0,TCGA-E2-A1L6,5.0,Breast Cancer,Breast Invasive Ductal Carcinoma,0.1288,0.3113,0.3,19,IDC,Primary,Matched,16,No,Yes,Roswell Park,E2,0.666666667,Breast,Infiltrating Ductal Carcinoma,Anemia,10002034,4.76746547426497,3.586634530305103,SD,1.3009000001,Low Risk
TCGA-E2-A1L7,183.67106252866668,1,TCGA-E2-A1L7,6.0,Breast Cancer,Breast Invasive Ductal Carcinoma,0.4586,0.3365,0.93,61,IDC,Primary,Matched,192,No,Yes,Roswell Park,E2,2.066666667,Breast,Infiltrating Ductal Carcinoma,Anemia,10002034,5.1258828171829425,7.038058274536024,PD,2.0248800001,Low Risk
TCGA-E2-A1L8,169.25634384705268,1,TCGA-E2-A1L8,20.0,Breast Cancer,Breast Invasive Lobular Carcinoma,0.1645,0.329,0.53,27,ILC,Primary,Matched,64,No,Yes,Roswell Park,E2,0.9,Breast,Infiltrating Lobular Carcinoma,Pain,10033371,7.5250546866920685,5.033196514519046,PR,4.38515,High Risk
TCGA-E2-A1L9,29.787473486137735,1,TCGA-E2-A1L9,4.0,Breast Cancer,Breast Invasive Ductal Carcinoma,0.0944,0.3394,0.38,24,IDC,Primary,Matched,4,No,Yes,Roswell Park,E2,0.8,Breast,Infiltrating Ductal Carcinoma,Fatigue,10016256,6.168588175811899,3.415145028693483,PR,1.1362,Low Risk
TCGA-E2-A1LA,511.0286346363711,1,TCGA-E2-A1LA,3.0,Breast Cancer,Breast Invasive Ductal Carcinoma,0.3391,0.33,0.24,78,IDC,Primary,Matched,72,No,Yes,Roswell Park,E2,2.566666667,Breast,Infiltrating Ductal Carcinoma,Pain,10033371,7.0049110347476296,8.528233947156302,PD,1.5377300001,Low Risk
TCGA-E2-A1LB,665.6352829409444,0,TCGA-E2-A1LB,1.0,Breast Cancer,Breast Invasive Ductal Carcinoma,0.1072,0.3296,0.45,43,IDC,Primary,Matched,60,No,Yes,Roswell Park,E2,1.433333333,Breast,Infiltrating Ductal Carcinoma,Anemia,10002034,7.993443570865805,7.797410084462818,SD,0.7280799999,Low Risk
TCGA-E2-A1LE,54.37355214332518,0,TCGA-E2-A1LE,13.0,Breast Cancer,Breast Invasive Ductal Carcinoma,0.4304,0.2998,0.02,,IDC,Primary,Matched,581,No,Yes,Roswell Park,E2,0.0,Breast,Infiltrating Ductal Carcinoma,Anemia,10002034,8.759826762923698,11.81786494104138,PD,2.7890800000000002,Low Risk
TCGA-E2-A1LG,1195.2020748786979,0,TCGA-E2-A1LG,19.0,Breast Cancer,Breast Invasive Lobular Carcinoma,0.5605,0.3061,0.8,140,ILC,Primary,Matched,113,No,Yes,Roswell Park,E2,4.8,Breast,Infiltrating Lobular Carcinoma,Fatigue,10016256,3.8248794705022346,3.3788875891341013,SD,5.4693700000000005,High Risk
TCGA-E2-A1LH,483.06772023489737,1,TCGA-E2-A1LH,18.0,Breast Cancer,Breast Invasive Ductal Carcinoma,0.1889,0.3031,0.18,177,IDC,Primary,Matched,234,No,Yes,Roswell Park,E2,6.066666667,Breast,Infiltrating Ductal Carcinoma,Fatigue,10016256,5.842204348275127,3.904220075638924,PR,5.5372900001,High Risk
TCGA-E2-A1LI,594.5261236740774,1,TCGA-E2-A1LI,26.0,Breast Cancer,Breast Invasive Ductal Carcinoma,0.4015,0.3573,0.45,25,IDC,Primary,Matched,93,No,Yes,Roswell Park,E2,0.9,Breast,Infiltrating Ductal Carcinoma,Fatigue,10016256,8.5609727059528,11.441245132818272,PD,5.661910000000001,High Risk
TCGA-E2-A1LK,464.94517743006423,1,TCGA-E2-A1LK,16.0,Breast Cancer,Breast Invasive Ductal Carcinoma,0.3805,0.3073,2.89,36,IDC,Primary,Matched,168,No,Yes,Roswell Park,E2,1.2,Breast,Infiltrating Ductal Carcinoma,Pain,10033371,9.905060178685508,10.38951302339776,SD,3.7356100000000003,High Risk
TCGA-E2-A1LL,409.6785610199371,1,TCGA-E2-A1LL,13.0,Breast Cancer,Breast Invasive Ductal Carcinoma,0.3672,0.4091,2.8,43,IDC,Primary,Matched,713,No,Yes,Roswell Park,E2,1.433333333,Breast,Infiltrating Ductal Carcinoma,Fatigue,10016256,9.005673799393868,6.206672490182315,PR,3.2219799999000003,High Risk
TCGA-E2-A1LS,656.1307657102998,1,TCGA-E2-A1LS,0.0,Breast Cancer,Breast Invasive Ductal Carcinoma,0.0,0.3313,2.68,63,IDC,Primary,Matched,,No,Yes,Roswell Park,E2,2.1,Breast,Infiltrating Ductal Carcinoma,Anemia,10002034,4.343205363619392,5.300378328335931,PD,0.69626,Low Risk
TCGA-E2-A2P5,134.9624054087644,1,TCGA-E2-A2P5,26.0,Breast Cancer,Breast Invasive Lobular Carcinoma,0.6636,0.2955,0.01,,ILC,Primary,Matched,99,No,Yes,Roswell Park,E2,0.0,Breast,Infiltrating Lobular Carcinoma,Anemia,10002034,2.756498654967854,2.787133384515961,SD,5.4581800000000005,High Risk
TCGA-E2-A2P6,160.6440689669004,1,TCGA-E2-A2P6,6.0,Breast Cancer,Breast Invasive Lobular Carcinoma,0.1405,0.2847,0,104,ILC,Primary,Matched,72,No,Yes,Roswell Park,E2,3.5,Breast,Infiltrating Lobular Carcinoma,Nausea,10028813,5.404532836659299,5.9682957744669665,SD,2.3490900000000003,Low Risk
TCGA-E2-A3DX,1583.1594626369122,1,TCGA-E2-A3DX,2.0,Breast Cancer,Breast Invasive Lobular Carcinoma,0.0199,0.3153,0.01,,ILC,Primary,Matched,4,No,Yes,Roswell Park,E2,0.0,Breast,Infiltrating Lobular Carcinoma,Pain,10033371,7.67477306652438,7.374676685735909,SD,0.46903000000000006,Low Risk
TCGA-E2-A56Z,2336.729367411748,0,TCGA-E2-A56Z,17.0,Breast Cancer,Breast Invasive Ductal Carcinoma,0.4799,0.3253,0.18,43,IDC,Primary,Matched,152,No,Yes,Roswell Park,E2,1.5,Breast,Infiltrating Ductal Carcinoma,Nausea,10028813,5.433121636779679,7.21903752896515,PD,4.05903,High Risk
TCGA-E2-A570,373.8417499801109,0,TCGA-E2-A570,7.0,Breast Cancer,Breast Invasive Ductal Carcinoma,0.1371,0.3341,0.04,20,IDC,Primary,Matched,7,No,Yes,Roswell Park,E2,0.7,Breast,Infiltrating Ductal Carcinoma,Anemia,10002034,5.3486277698230165,7.111336062823664,PD,1.71795,Low Risk
TCGA-E2-A573,252.5850925541328,0,TCGA-E2-A573,27.0,Breast Cancer,Breast Invasive Ductal Carcinoma,0.3,0.3234,0.05,46,IDC,Primary,Matched,54,No,Yes,Roswell Park,E2,1.566666667,Breast,Infiltrating Ductal Carcinoma,Nausea,10028813,8.544073789736206,10.33310733414969,PD,6.0246800001,High Risk
TCGA-E2-A574,826.2586120755657,1,TCGA-E2-A574,27.0,Breast Cancer,Breast Invasive Ductal Carcinoma,0.6276,0.3525,1.55,90,IDC,Primary,Matched,199,No,Yes,Roswell Park,E2,3.033333333,Breast,Infiltrating Ductal Carcinoma,Anemia,10002034,4.252634011604677,2.5745504881885144,PR,6.5687799999,High Risk
TCGA-E2-A576,420.39165408579703,1,TCGA-E2-A576,10.0,Breast Cancer,Breast Invasive Lobular Carcinoma,0.3103,0.3386,0.16,44,ILC,Primary,Matched,72,No,Yes,Roswell Park,E2,1.466666667,Breast,Infiltrating Lobular Carcinoma,Nausea,10028813,8.73815207330481,11.699108649249192,PD,2.6008100001,Low Risk
TCGA-E2-A9RU,20.571318986117625,1,TCGA-E2-A9RU,27.0,Breast Cancer,Breast Invasive Ductal Carcinoma,0.4619,0.3405,0.78,64,IDC,Primary,Matched,587,No,Yes,Roswell Park,E2,2.2,Breast,Infiltrating Ductal Carcinoma,Fatigue,10016256,4.661243208565512,5.458376302651084,SD,6.26667,High Risk
TCGA-E9-A1N3,135.8268826396085,0,TCGA-E9-A1N3,1.0,Breast Cancer,Breast Invasive Carcinoma (NOS),0.0779,0.3674,0.03,24,BRCNOS,Primary,Matched,22,Yes,No,Asterand,E9,0.766666667,Breast,Mixed Histology (NOS),Nausea,10028813,3.9540979511050547,4.7331508022208375,SD,0.5268500001,Low Risk
TCGA-E9-A1N4,1006.9466078824364,1,TCGA-E9-A1N4,6.0,Breast Cancer,Breast Invasive Carcinoma (NOS),0.1888,0.2834,0.03,20,BRCNOS,Primary,Matched,51,Yes,No,Asterand,E9,0.666666667,Breast,Mixed Histology (NOS),Fatigue,10016256,5.085909200797291,4.389052368140231,SD,1.5133200001000002,Low Risk
TCGA-E9-A1N5,860.5198258540286,1,TCGA-E9-A1N5,7.0,Breast Cancer,Breast Invasive Carcinoma (NOS),0.1846,0.3403,1.19,30,BRCNOS,Primary,Matched,51,Yes,No,Asterand,E9,1.033333333,Breast,Mixed Histology (NOS),Fatigue,10016256,7.862022628073816,10.843927080945996,PD,1.8334399999000002,Low Risk
TCGA-E9-A1N6,21.975886307552077,0,TCGA-E9-A1N6,15.0,Breast Cancer,Breast Invasive Ductal Carcinoma,0.2459,0.0,,,IDC,Primary,Matched,241,Yes,No,Asterand,E9,0.0,Breast,Infiltrating Ductal Carcinoma,Pain,10033371,2.1340182507759486,2.6149653588837154,PD,3.07377,High Risk
TCGA-E9-A1N8,200.794379093364,1,TCGA-E9-A1N8,10.0,Breast Cancer,Breast Invasive Ductal Carcinoma,0.7276,0.361,2.08,32,IDC,Primary,Matched,133,Yes,No,Asterand,E9,1.066666667,Breast,Infiltrating Ductal Carcinoma,Fatigue,10016256,2.7677729428481563,1.6955113183062336,PR,2.6104800001,Low Risk
TCGA-E9-A1N9,210.2092631607448,1,TCGA-E9-A1N9,17.0,Breast Cancer,Breast Invasive Carcinoma (NOS),0.4243,0.3531,1.1,48,BRCNOS,Primary,Matched,456,Yes,No,Asterand,E9,1.6,Breast,Mixed Histology (NOS),Fatigue,10016256,9.563003430967827,8.681084457583363,SD,4.07791,High Risk
TCGA-E9-A1NA,891.5317782622815,1,TCGA-E9-A1NA,11.0,Breast Cancer,Breast Invasive Carcinoma (NOS),0.3875,0.3642,2.28,90,BRCNOS,Primary,Matched,1215,Yes,No,Asterand,E9,3.0,Breast,Mixed Histology (NOS),Nausea,10028813,2.5794246464322166,3.5760636749696073,PD,3.28909,High Risk
TCGA-E9-A1NC,15.925905033711524,1,TCGA-E9-A1NC,5.0,Breast Cancer,Breast Invasive Carcinoma (NOS),0.423,0.3228,0.17,65,BRCNOS,Primary,Matched,172,Yes,No,Asterand,E9,2.2,Breast,Mixed Histology (NOS),Anemia,10002034,6.109545861379491,3.34312334421573,PR,1.8514599999999999,Low Risk
TCGA-E9-A1ND,87.94884688109825,1,TCGA-E9-A1ND,16.0,Breast Cancer,Breast Invasive Ductal Carcinoma,0.1313,0.3721,1.26,84,IDC,Primary,Matched,231,Yes,No,Asterand,E9,2.833333333,Breast,Infiltrating Ductal Carcinoma,Pain,10033371,6.213830199957441,9.080994725851482,PD,4.1638099999,High Risk
TCGA-E9-A1NE,1287.2147418369932,1,TCGA-E9-A1NE,4.0,Breast Cancer,Breast Invasive Ductal Carcinoma,0.0132,0.2816,0,50,IDC,Primary,Matched,49,Yes,No,Asterand,E9,1.666666667,Breast,Infiltrating Ductal Carcinoma,Fatigue,10016256,5.406620158452203,6.375284111968821,SD,1.3602800001,Low Risk
TCGA-E9-A1NF,157.34216756142828,1,TCGA-E9-A1NF,21.0,Breast Cancer,Breast Invasive Carcinoma (NOS),0.4963,0.3237,0.77,51,BRCNOS,Primary,Matched,368,Yes,No,Asterand,E9,1.7,Breast,Mixed Histology (NOS),Pain,10033371,6.802707237191367,7.696419551099057,SD,4.92363,High Risk
TCGA-E9-A1NG,846.1592711364615,1,TCGA-E9-A1NG,5.0,Breast Cancer,Breast Invasive Ductal Carcinoma,0.0874,0.3399,0.05,16,IDC,Primary,Matched,57,Yes,No,Asterand,E9,0.566666667,Breast,Infiltrating Ductal Carcinoma,Nausea,10028813,3.068440532178566,2.3644152550531325,SD,1.2642000001,Low Risk
TCGA-E9-A1NH,217.63889776719617,0,TCGA-E9-A1NH,19.0,Breast Cancer,Breast Invasive Ductal Carcinoma,0.123,0.3135,0.38,25,IDC,Primary,Matched,12,Yes,No,Asterand,E9,0.833333333,Breast,Infiltrating Ductal Carcinoma,Fatigue,10016256,5.973960409990734,4.473252501253989,SD,4.1495999999,High Risk
TCGA-E9-A1NI,83.79202678789706,1,TCGA-E9-A1NI,22.0,Breast Cancer,Breast Invasive Carcinoma (NOS),0.3954,0.3235,0.65,32,BRCNOS,Primary,Matched,59,Yes,No,Asterand,E9,1.066666667,Breast,Mixed Histology (NOS),Nausea,10028813,4.349559297222074,6.2723177357121305,PD,4.903320000100001,High Risk
TCGA-E9-A1QZ,222.89561312915782,1,TCGA-E9-A1QZ,11.0,Breast Cancer,Breast Invasive Ductal Carcinoma,0.104,0.3184,0.12,21,IDC,Primary,Matched,26,Yes,No,Asterand,E9,0.7,Breast,Infiltrating Ductal Carcinoma,Pain,10033371,6.955005336662701,5.551989179309156,SD,2.50488,Low Risk
TCGA-E9-A1R0,1024.8758504776256,1,TCGA-E9-A1R0,5.0,Breast Cancer,Breast Invasive Ductal Carcinoma,0.097,0.2805,0,24,IDC,Primary,Matched,21,Yes,No,Asterand,E9,0.8,Breast,Infiltrating Ductal Carcinoma,Nausea,10028813,2.271011890358345,2.8966876950638967,PD,1.3252000000000002,Low Risk
TCGA-E9-A1R2,1548.6690699631436,0,TCGA-E9-A1R2,7.0,Breast Cancer,Breast Invasive Ductal Carcinoma,0.3226,0.3169,0.31,54,IDC,Primary,Matched,66,Yes,No,Asterand,E9,1.833333333,Breast,Infiltrating Ductal Carcinoma,Pain,10033371,6.137896751555286,5.481889383958447,SD,2.1101599999,Low Risk
TCGA-E9-A1R3,1418.6007999804515,1,TCGA-E9-A1R3,23.0,Breast Cancer,Breast Invasive Ductal Carcinoma,0.3326,0.2873,0,21,IDC,Primary,Matched,17,Yes,No,Asterand,E9,0.7,Breast,Infiltrating Ductal Carcinoma,Nausea,10028813,2.6674331984499133,1.7051675306553702,PR,4.96724,High Risk
TCGA-E9-A1R4,404.91399158007073,1,TCGA-E9-A1R4,17.0,Breast Cancer,Breast Invasive Ductal Carcinoma,0.3172,0.3146,0.37,110,IDC,Primary,Matched,135,Yes,No,Asterand,E9,3.7,Breast,Infiltrating Ductal Carcinoma,Pain,10033371,3.5077875680353277,1.7914807720612416,PR,4.668080000000001,High Risk
TCGA-E9-A1R5,882.301422723676,0,TCGA-E9-A1R5,10.0,Breast Cancer,Breast Invasive Ductal Carcinoma,0.2577,0.2892,0.22,42,IDC,Primary,Matched,91,Yes,No,Asterand,E9,1.4,Breast,Infiltrating Ductal Carcinoma,Anemia,10002034,2.968388202912249,3.099761160000631,SD,2.5551500000000003,Low Risk
TCGA-E9-A1R6,183.51472826318462,0,TCGA-E9-A1R6,21.0,Breast Cancer,Breast Invasive Ductal Carcinoma,0.4507,0.3151,0.43,28,IDC,Primary,Matched,161,Yes,No,Asterand,E9,0.933333333,Breast,Infiltrating Ductal Carcinoma,Nausea,10028813,2.645540018819354,3.9042319233971474,PD,4.6782299999,High Risk
TCGA-E9-A1R7,277.54687089001345,1,TCGA-E9-A1R7,13.0,Breast Cancer,Breast Invasive Ductal Carcinoma,0.3827,0.3563,0.96,45,IDC,Primary,Matched,269,Yes,No,Asterand,E9,1.566666667,Breast,Infiltrating Ductal Carcinoma,Nausea,10028813,8.431398564046003,7.328033656443335,SD,3.2560700001000003,High Risk
TCGA-E9-A1RA,1813.2789029047235,0,TCGA-E9-A1RA,25.0,Breast Cancer,Breast Invasive Ductal Carcinoma,0.0886,0.3227,0.28,16,IDC,Primary,Matched,1,Yes,No,Asterand,E9,0.5,Breast,Infiltrating Ductal Carcinoma,Anemia,10002034,3.571368108948013,3.061349364857474,SD,5.2411200000000004,High Risk
TCGA-E9-A1RB,10.469750717028003,1,TCGA-E9-A1RB,27.0,Breast Cancer,Breast Invasive Ductal Carcinoma,0.6044,0.315,0.76,26,IDC,Primary,Matched,131,Yes,No,Asterand,E9,0.866666667,Breast,Infiltrating Ductal Carcinoma,Anemia,10002034,9.344114036780043,7.887288334675348,SD,5.9043200001,High Risk
TCGA-E9-A1RC,71.5097117043593,1,TCGA-E9-A1RC,28.0,Breast Cancer,Breast Invasive Carcinoma (NOS),0.2996,0.3181,0.86,40,BRCNOS,Primary,Matched,92,Yes,No,Asterand,E9,1.266666667,Breast,Mixed Histology (NOS),Nausea,10028813,9.729338728106718,9.929216680020799,SD,6.133500000100001,High Risk
TCGA-E9-A1RD,186.44022419185217,1,TCGA-E9-A1RD,12.0,Breast Cancer,Breast Invasive Ductal Carcinoma,0.2262,0.3053,0.05,21,IDC,Primary,Matched,1,Yes,No,Asterand,E9,0.7,Breast,Infiltrating Ductal Carcinoma,Anemia,10002034,6.1413442294338765,5.776946853648876,SD,2.7389200000000002,Low Risk
TCGA-E9-A1RE,21.512428179453508,1,TCGA-E9-A1RE,18.0,Breast Cancer,Breast Invasive Ductal Carcinoma,0.5125,0.3168,1.16,48,IDC,Primary,Matched,205,Yes,No,Asterand,E9,1.633333333,Breast,Infiltrating Ductal Carcinoma,Fatigue,10016256,2.2870101039915376,3.1558786939703936,PD,4.3071099999,High Risk
TCGA-E9-A1RF,160.1624026322182,0,TCGA-E9-A1RF,16.0,Breast Cancer,Breast Invasive Ductal Carcinoma,0.4068,0.2913,0.41,127,IDC,Primary,Matched,337,Yes,No,Asterand,E9,4.266666667,Breast,Infiltrating Ductal Carcinoma,Pain,10033371,4.370934190416231,4.395065207718602,SD,4.6603000001,High Risk
TCGA-E9-A1RG,699.8149829954933,1,TCGA-E9-A1RG,20.0,Breast Cancer,Breast Invasive Ductal Carcinoma,0.6107,0.3466,2.11,33,IDC,Primary,Matched,252,Yes,No,Asterand,E9,1.1,Breast,Infiltrating Ductal Carcinoma,Pain,10033371,8.179590370133926,8.2430463086742,SD,4.58253,High Risk
TCGA-E9-A1RH,437.74905469424033,1,TCGA-E9-A1RH,23.0,Breast Cancer,Breast Invasive Ductal Carcinoma,0.4291,0.3174,0.33,87,IDC,Primary,Matched,342,Yes,No,Asterand,E9,2.933333333,Breast,Infiltrating Ductal Carcinoma,Pain,10033371,4.306516558273634,2.7491578429956225,PR,5.672209999900001,High Risk
TCGA-E9-A1RI,1785.490416657462,0,TCGA-E9-A1RI,6.0,Breast Cancer,Breast Invasive Carcinoma (NOS),0.1189,0.3058,0.08,14,BRCNOS,Primary,Matched,25,Yes,No,Asterand,E9,0.466666667,Breast,Mixed Histology (NOS),Fatigue,10016256,1.7831549647250986,2.643954373768568,PD,1.4368300001,Low Risk
TCGA-E9-A226,1360.5567224155827,0,TCGA-E9-A226,7.0,Breast Cancer,Breast Invasive Ductal Carcinoma,0.2557,0.3205,0.31,61,IDC,Primary,Matched,146,Yes,No,Asterand,E9,2.033333333,Breast,Infiltrating Ductal Carcinoma,Anemia,10002034,6.011064198353692,4.508135194037442,SD,2.1508099999,Low Risk
TCGA-E9-A227,334.6182441352256,1,TCGA-E9-A227,2.0,Breast Cancer,Breast Invasive Ductal Carcinoma,0.0506,0.2776,0.07,16,IDC,Primary,Matched,9,Yes,No,Asterand,E9,0.533333333,Breast,Infiltrating Ductal Carcinoma,Anemia,10002034,8.606087663464313,4.9344214276378064,PR,0.6306999999,Low Risk
TCGA-E9-A228,240.26100171782284,1,TCGA-E9-A228,3.0,Breast Cancer,Breast Invasive Ductal Carcinoma,0.1701,0.3505,0.39,39,IDC,Primary,Matched,165,Yes,No,Asterand,E9,1.3,Breast,Infiltrating Ductal Carcinoma,Nausea,10028813,8.163337484291521,9.495155373972398,SD,1.1111300000000002,Low Risk
TCGA-E9-A229,382.0318464868302,1,TCGA-E9-A229,4.0,Breast Cancer,Breast Invasive Ductal Carcinoma,0.1635,0.3246,0.02,21,IDC,Primary,Matched,130,Yes,No,Asterand,E9,0.7,Breast,Infiltrating Ductal Carcinoma,Anemia,10002034,2.576108261173179,2.821782355172398,SD,1.12397,Low Risk
TCGA-E9-A22A,713.8542001146442,0,TCGA-E9-A22A,9.0,Breast Cancer,Breast Invasive Ductal Carcinoma,0.3124,0.3325,0.15,27,IDC,Primary,Matched,122,Yes,No,Asterand,E9,0.9,Breast,Infiltrating Ductal Carcinoma,Nausea,10028813,7.0548815297122,6.456244171349814,SD,2.23022,Low Risk
TCGA-E9-A22B,249.6493678522183,1,TCGA-E9-A22B,9.0,Breast Cancer,Breast Invasive Carcinoma (NOS),0.2412,0.3157,0.1,51,BRCNOS,Primary,Matched,91,Yes,No,Asterand,E9,1.766666667,Breast,Mixed Histology (NOS),Fatigue,10016256,2.984538370920824,2.752318107382074,SD,2.4655000001,Low Risk
TCGA-E9-A22D,782.8497964376701,0,TCGA-E9-A22D,16.0,Breast Cancer,Breast Invasive Ductal Carcinoma,0.2295,0.3096,0.18,28,IDC,Primary,Matched,402,Yes,No,Asterand,E9,0.966666667,Breast,Infiltrating Ductal Carcinoma,Pain,10033371,2.96386781096955,3.808759590627833,PD,3.6207700001000003,High Risk
TCGA-E9-A22E,421.3088314238489,1,TCGA-E9-A22E,16.0,Breast Cancer,Breast Invasive Ductal Carcinoma,0.4323,0.4072,0.98,115,IDC,Primary,Matched,188,Yes,No,Asterand,E9,3.9,Breast,Infiltrating Ductal Carcinoma,Pain,10033371,8.866645959746666,6.16863766948424,PR,4.58113,High Risk
TCGA-E9-A22G,642.4538932118755,1,TCGA-E9-A22G,11.0,Breast Cancer,Breast Invasive Ductal Carcinoma,0.8768,0.3397,1.64,80,IDC,Primary,Matched,235,Yes,No,Asterand,E9,2.7,Breast,Infiltrating Ductal Carcinoma,Pain,10033371,3.2470205746620713,4.286889690379943,PD,3.34098,High Risk
TCGA-E9-A22H,458.34031607288966,1,TCGA-E9-A22H,4.0,Breast Cancer,Breast Invasive Ductal Carcinoma,0.1039,0.3074,0.5,25,IDC,Primary,Matched,21,Yes,No,Asterand,E9,0.866666667,Breast,Infiltrating Ductal Carcinoma,Anemia,10002034,3.369226118662101,3.870388779872802,SD,1.1526500001,Low Risk
TCGA-E9-A243,279.0399802098665,1,TCGA-E9-A243,21.0,Breast Cancer,Breast Invasive Ductal Carcinoma,0.1011,0.3063,0.01,65,IDC,Primary,Matched,87,Yes,No,Asterand,E9,2.3,Breast,Infiltrating Ductal Carcinoma,Nausea,10028813,1.005880516851696,0.9243737910204342,SD,4.98159,High Risk
TCGA-E9-A244,2372.213776921763,1,TCGA-E9-A244,13.0,Breast Cancer,Breast Invasive Ductal Carcinoma,0.3765,0.3557,1.22,81,IDC,Primary,Matched,346,Yes,No,Asterand,E9,2.7,Breast,Infiltrating Ductal Carcinoma,Nausea,10028813,8.83602130712966,8.465161268975013,SD,3.59409,High Risk
TCGA-E9-A245,1153.803602986109,0,TCGA-E9-A245,1.0,Breast Cancer,Breast Invasive Ductal Carcinoma,0.0345,0.3505,0.01,19,IDC,Primary,Matched,5,Yes,No,Asterand,E9,0.633333333,Breast,Infiltrating Ductal Carcinoma,Fatigue,10016256,8.133353318882213,6.1540790737899895,SD,0.4704499999,Low Risk
TCGA-E9-A247,120.76359849841668,1,TCGA-E9-A247,22.0,Breast Cancer,Breast Invasive Ductal Carcinoma,0.7006,0.3905,3.51,39,IDC,Primary,Matched,132,Yes,No,Asterand,E9,1.3,Breast,Infiltrating Ductal Carcinoma,Anemia,10002034,6.645960415816102,8.321502291180089,PD,5.07828,High Risk
TCGA-E9-A248,1622.803942175459,1,TCGA-E9-A248,15.0,Breast Cancer,Breast Invasive Ductal Carcinoma,0.079,0.31,0.31,29,IDC,Primary,Matched,263,Yes,No,Asterand,E9,0.966666667,Breast,Infiltrating Ductal Carcinoma,Fatigue,10016256,7.752391875449581,7.852201923095445,SD,3.3757000001,High Risk
TCGA-E9-A249,534.6562637295332,0,TCGA-E9-A249,23.0,Breast Cancer,Breast Invasive Ductal Carcinoma,0.4018,0.339,0.6,18,IDC,Primary,Matched,3,Yes,No,Asterand,E9,0.6,Breast,Infiltrating Ductal Carcinoma,Nausea,10028813,2.3684371068204264,1.9441423583508437,SD,4.96834,High Risk
TCGA-E9-A24A,1799.6315922317947,1,TCGA-E9-A24A,6.0,Breast Cancer,Breast Invasive Ductal Carcinoma,0.1266,0.3188,0.27,22,IDC,Primary,Matched,4,Yes,No,Asterand,E9,0.733333333,Breast,Infiltrating Ductal Carcinoma,Nausea,10028813,5.124912351288179,5.617160775894132,SD,1.5217399999,Low Risk
TCGA-E9-A295,1286.9715631439203,0,TCGA-E9-A295,23.0,Breast Cancer,Breast Invasive Lobular Carcinoma,0.4456,0.3216,0.32,87,ILC,Primary,Matched,69,Yes,No,Asterand,E9,2.933333333,Breast,Infiltrating Lobular Carcinoma,Pain,10033371,4.160974486139028,6.223712893024695,PD,5.677999999900001,High Risk
TCGA-E9-A2JS,443.00529540688586,1,TCGA-E9-A2JS,15.0,Breast Cancer,Breast Invasive Lobular Carcinoma,0.6188,0.3135,0.81,56,ILC,Primary,Matched,149,Yes,No,Asterand,E9,1.933333333,Breast,Infiltrating Lobular Carcinoma,Anemia,10002034,1.8439887363131484,1.724613109185243,SD,3.8283399999,High Risk
TCGA-E9-A2JT,18.180471582032094,1,TCGA-E9-A2JT,0.0,Breast Cancer,Breast Invasive Lobular Carcinoma,0.0019,0.3161,0.08,21,ILC,Primary,Matched,2,Yes,No,Asterand,E9,0.7,Breast,Infiltrating Lobular Carcinoma,Nausea,10028813,5.375174366934317,7.636464000789244,PD,0.27379,Low Risk
TCGA-E9-A3HO,250.32043822118933,1,TCGA-E9-A3HO,11.0,Breast Cancer,Breast Invasive Lobular Carcinoma,0.4019,0.2903,0.04,53,ILC,Primary,Matched,105,Yes,No,Asterand,E9,1.833333333,Breast,Infiltrating Lobular Carcinoma,Pain,10033371,9.286656853083718,7.847381427456619,SD,2.9286299999,High Risk
TCGA-E9-A3Q9,624.070204543837,1,TCGA-E9-A3Q9,0.0,Breast Cancer,Breast Invasive Lobular Carcinoma,0.0275,0.3186,0.01,,ILC,Primary,Matched,12,Yes,No,Asterand,E9,0.0,Breast,Infiltrating Lobular Carcinoma,Anemia,10002034,1.3605320714562503,0.7547316388571841,PR,0.07197,Low Risk
TCGA-E9-A3QA,802.9578655476291,0,TCGA-E9-A3QA,6.0,Breast Cancer,Breast Invasive Ductal Carcinoma,0.0908,0.2997,0,40,IDC,Primary,Matched,108,Yes,No,Asterand,E9,1.333333333,Breast,Medullary Carcinoma,Fatigue,10016256,3.623148221444145,2.5515735351548514,SD,1.6871799999000001,Low Risk
TCGA-E9-A3X8,238.6037439431511,1,TCGA-E9-A3X8,22.0,Breast Cancer,Breast Invasive Lobular Carcinoma,0.0767,0.2965,0,26,ILC,Primary,Matched,5,Yes,No,Asterand,E9,0.866666667,Breast,Infiltrating Lobular Carcinoma,Anemia,10002034,2.867868425851331,2.6346967945324287,SD,4.742310000100001,High Risk
TCGA-E9-A54X,120.05953506457243,1,TCGA-E9-A54X,9.0,Breast Cancer,Breast Invasive Mixed Mucinous Carcinoma,0.2207,0.2851,0.02,,IMMC,Primary,Matched,29,Yes,No,Asterand,E9,0.0,Breast,Mucinous Carcinoma,Anemia,10002034,3.1433198829912667,2.2620427795463094,SD,1.92323,Low Risk
TCGA-E9-A54Y,1441.1096697299133,1,TCGA-E9-A54Y,9.0,Breast Cancer,Breast Invasive Lobular Carcinoma,0.5066,0.3073,0.71,35,ILC,Primary,Matched,93,Yes,No,Asterand,E9,1.2,Breast,Infiltrating Lobular Carcinoma,Nausea,10028813,9.175910966914378,4.590038765933989,PR,2.37344,Low Risk
TCGA-E9-A5FK,3328.499330549787,1,TCGA-E9-A5FK,0.0,Breast Cancer,Breast Invasive Lobular Carcinoma,0.0837,0.2958,0,22,ILC,Primary,Matched,29,Yes,No,Asterand,E9,0.733333333,Breast,Infiltrating Lobular Carcinoma,Nausea,10028813,5.212621488108611,7.375867421369487,PD,0.3042699999,Low Risk
TCGA-E9-A5FL,596.7156375776696,0,TCGA-E9-A5FL,20.0,Breast Cancer,Metaplastic Breast Cancer,0.3713,0.3043,0.01,81,MBC,Primary,Matched,193,Yes,No,Asterand,E9,2.766666667,Breast,Metaplastic Carcinoma,Anemia,10002034,5.196694716458369,6.983731035900953,PD,5.0022500001,High Risk
TCGA-E9-A5UO,150.68389092805913,1,TCGA-E9-A5UO,9.0,Breast Cancer,Breast Invasive Mixed Mucinous Carcinoma,0.2246,0.2921,0.19,24,IMMC,Primary,Matched,174,Yes,No,Asterand,E9,0.8,Breast,Mucinous Carcinoma,Nausea,10028813,7.8451807820975406,9.746007140210466,PD,2.1658,Low Risk
TCGA-E9-A5UP,254.3011773831463,1,TCGA-E9-A5UP,23.0,Breast Cancer,Breast Invasive Carcinoma (NOS),0.5951,0.2997,0.24,,BRCNOS,Primary,Matched,43,Yes,No,Asterand,E9,0.0,Breast,Other,Nausea,10028813,2.390429836044332,1.5963639343781482,PR,4.838470000000001,High Risk
TCGA-E9-A6HE,14.849509928612806,0,TCGA-E9-A6HE,8.0,Breast Cancer,Breast Invasive Lobular Carcinoma,0.1661,0.3408,0,19,ILC,Primary,Matched,17,Yes,No,Asterand,E9,0.633333333,Breast,Infiltrating Lobular Carcinoma,Nausea,10028813,5.385388186900457,3.34089867490458,PR,1.9079899999,Low Risk
TCGA-EW-A1IW,1965.5108221548455,1,TCGA-EW-A1IW,6.0,Breast Cancer,Breast Invasive Lobular Carcinoma,0.1756,0.2984,0.17,79,ILC,Primary,Matched,83,No,Yes,University of Miami,EW,2.666666667,Breast,Infiltrating Lobular Carcinoma,Pain,10033371,4.869866927089538,2.764159597114501,PR,2.1123600001,Low Risk
TCGA-EW-A1IX,100.2248350769624,0,TCGA-EW-A1IX,3.0,Breast Cancer,Breast Invasive Carcinoma (NOS),0.0676,0.3778,0.24,32,BRCNOS,Primary,Matched,36,No,Yes,University of Miami,EW,1.066666667,Breast,Other,Pain,10033371,6.372196214919905,7.79975416365029,PD,1.0158400001,Low Risk
TCGA-EW-A1IY,687.3925350945246,1,TCGA-EW-A1IY,2.0,Breast Cancer,Breast Invasive Ductal Carcinoma,0.0644,0.333,0.36,28,IDC,Primary,Matched,12,No,Yes,University of Miami,EW,0.933333333,Breast,Infiltrating Ductal Carcinoma,Anemia,10002034,9.996019329253947,14.282391992828014,PD,0.7659199998999999,Low Risk
TCGA-EW-A1IZ,256.22506288223434,1,TCGA-EW-A1IZ,2.0,Breast Cancer,Breast Invasive Ductal Carcinoma,0.0078,0.5417,8.42,366,IDC,Primary,Matched,47,No,Yes,University of Miami,EW,12.3,Breast,Infiltrating Ductal Carcinoma,Nausea,10028813,7.925040046738424,7.374533645660432,SD,4.20068,High Risk
TCGA-EW-A1J1,646.2684123255882,1,TCGA-EW-A1J1,13.0,Breast Cancer,Breast Invasive Ductal Carcinoma,0.2787,0.3332,0.91,15,IDC,Primary,Matched,76,No,Yes,University of Miami,EW,0.5,Breast,Infiltrating Ductal Carcinoma,Pain,10033371,4.580791327156845,2.8361542205695587,PR,2.90025,High Risk
TCGA-EW-A1J2,843.1109071888216,0,TCGA-EW-A1J2,4.0,Breast Cancer,Breast Invasive Lobular Carcinoma,0.1378,0.3199,0.13,33,ILC,Primary,Matched,14,No,Yes,University of Miami,EW,1.1,Breast,Infiltrating Lobular Carcinoma,Anemia,10002034,8.447977470466423,8.552671740806787,SD,1.2353200000000002,Low Risk
TCGA-EW-A1J3,1416.351353937888,0,TCGA-EW-A1J3,9.0,Breast Cancer,Breast Invasive Lobular Carcinoma,0.1817,0.294,0.18,22,ILC,Primary,Matched,54,No,Yes,University of Miami,EW,0.733333333,Breast,Infiltrating Lobular Carcinoma,Nausea,10028813,2.5363752698123214,2.1529562583056903,SD,2.1333099999,Low Risk
TCGA-EW-A1J5,184.96202200362868,1,TCGA-EW-A1J5,8.0,Breast Cancer,Breast Invasive Lobular Carcinoma,0.1777,0.312,0.24,365,ILC,Primary,Matched,34,No,Yes,University of Miami,EW,12.26666667,Breast,Infiltrating Lobular Carcinoma,Fatigue,10016256,1.274173176780641,1.1146784529859206,SD,5.395710000999999,High Risk
TCGA-EW-A1J6,8.845383705357756,1,TCGA-EW-A1J6,16.0,Breast Cancer,Breast Invasive Ductal Carcinoma,0.9022,0.3472,1.86,31,IDC,Primary,Matched,172,No,Yes,University of Miami,EW,1.033333333,Breast,Infiltrating Ductal Carcinoma,Nausea,10028813,2.8400353521784574,3.1846186140825434,SD,3.8500999999000003,High Risk
TCGA-EW-A1OV,117.76645654991242,1,TCGA-EW-A1OV,18.0,Breast Cancer,Breast Invasive Ductal Carcinoma,0.3884,0.3521,0.96,97,IDC,Primary,Matched,51,No,Yes,University of Miami,EW,3.3,Breast,Infiltrating Ductal Carcinoma,Nausea,10028813,4.063704005028336,4.952509677864189,PD,4.77694,High Risk
TCGA-EW-A1OW,1842.2172230825454,1,TCGA-EW-A1OW,19.0,Breast Cancer,Breast Invasive Ductal Carcinoma,0.4637,0.0,,,IDC,Primary,Matched,82,No,Yes,University of Miami,EW,0.0,Breast,Infiltrating Ductal Carcinoma,Pain,10033371,5.595226817136039,3.4164656310548867,PR,3.9391100000000003,High Risk
TCGA-EW-A1OX,1656.481081642498,1,TCGA-EW-A1OX,1.0,Breast Cancer,Breast Invasive Mixed Mucinous Carcinoma,0.0924,0.3465,1.98,11,IMMC,Primary,Matched,84,No,Yes,University of Miami,EW,0.4,Breast,Mucinous Carcinoma,Anemia,10002034,6.536162264870798,3.500704656030732,PR,0.41702,Low Risk
TCGA-EW-A1OY,727.875448157194,0,TCGA-EW-A1OY,18.0,Breast Cancer,Breast Invasive Ductal Carcinoma,0.593,0.3431,1.39,57,IDC,Primary,Matched,195,No,Yes,University of Miami,EW,1.9,Breast,Infiltrating Ductal Carcinoma,Anemia,10002034,9.195451454929795,13.741041755977038,PD,4.41652,High Risk
TCGA-EW-A1OZ,734.0669748042775,1,TCGA-EW-A1OZ,16.0,Breast Cancer,Breast Invasive Ductal Carcinoma,0.6261,0.3658,3.86,53,IDC,Primary,Matched,312,No,Yes,University of Miami,EW,1.766666667,Breast,Infiltrating Ductal Carcinoma,Pain,10033371,5.588686085954119,4.09498872836848,SD,3.9909900001,High Risk
TCGA-EW-A1P0,874.98738352601,1,TCGA-EW-A1P0,5.0,Breast Cancer,Breast Invasive Carcinoma (NOS),0.2439,0.3252,0.37,20,BRCNOS,Primary,Matched,90,No,Yes,University of Miami,EW,0.666666667,Breast,Other,Nausea,10028813,5.511480801631564,3.052426305390504,PR,1.3382100001,Low Risk
TCGA-EW-A1P1,154.25762291084172,1,TCGA-EW-A1P1,0.0,Breast Cancer,Breast Invasive Ductal Carcinoma,0.0008,0.3277,1.16,2,IDC,Primary,Matched,2,No,Yes,University of Miami,EW,0.066666667,Breast,Infiltrating Ductal Carcinoma,Fatigue,10016256,1.452187088406839,1.001828045523514,PR,0.0857800001,Low Risk
TCGA-EW-A1P3,1966.5676486170412,1,TCGA-EW-A1P3,11.0,Breast Cancer,Breast Invasive Ductal Carcinoma,0.2396,0.3187,0.04,22,IDC,Primary,Matched,16,No,Yes,University of Miami,EW,0.733333333,Breast,Infiltrating Ductal Carcinoma,Nausea,10028813,1.3142039739060143,0.7083005434389787,PR,2.5556199999,Low Risk
TCGA-EW-A1P4,434.08770747705444,1,TCGA-EW-A1P4,17.0,Breast Cancer,Breast Invasive Ductal Carcinoma,0.4697,0.3721,0.97,60,IDC,Primary,Matched,234,No,Yes,University of Miami,EW,1.966666667,Breast,Medullary Carcinoma,Nausea,10028813,5.960439657247349,5.315585023041426,SD,4.2053300001,High Risk
TCGA-EW-A1P5,386.48863946229477,1,TCGA-EW-A1P5,19.0,Breast Cancer,Breast Invasive Ductal Carcinoma,0.2559,0.335,0.28,17,IDC,Primary,Matched,22,No,Yes,University of Miami,EW,0.566666667,Breast,Infiltrating Ductal Carcinoma,Fatigue,10016256,4.9436075192351,6.438563254678779,PD,4.113770000100001,High Risk
TCGA-EW-A1P6,585.3735460981449,0,TCGA-EW-A1P6,5.0,Breast Cancer,Breast Invasive Ductal Carcinoma,0.0919,0.3383,0.35,20,IDC,Primary,Matched,23,No,Yes,University of Miami,EW,0.666666667,Breast,Infiltrating Ductal Carcinoma,Pain,10033371,8.552623554822688,7.194847096361732,SD,1.2952300001000001,Low Risk
TCGA-EW-A1P7,38.483731433581774,1,TCGA-EW-A1P7,1.0,Breast Cancer,Breast Invasive Ductal Carcinoma,0.0027,0.3686,1.05,19,IDC,Primary,Matched,16,No,Yes,University of Miami,EW,0.666666667,Breast,Infiltrating Ductal Carcinoma,Anemia,10002034,2.4461162624066066,2.3095823862596463,SD,0.4745300001,Low Risk
TCGA-EW-A1P8,145.48936403941786,1,TCGA-EW-A1P8,18.0,Breast Cancer,Breast Invasive Ductal Carcinoma,0.9462,0.3189,1.23,28,IDC,Primary,Matched,95,No,Yes,University of Miami,EW,0.933333333,Breast,Infiltrating Ductal Carcinoma,Pain,10033371,1.2247449590534463,1.4397939748566257,SD,4.2276399999,High Risk
TCGA-EW-A1PA,1071.6312723391707,1,TCGA-EW-A1PA,9.0,Breast Cancer,Breast Invasive Ductal Carcinoma,0.3026,0.3289,2.02,29,IDC,Primary,Matched,185,No,Yes,University of Miami,EW,0.966666667,Breast,Infiltrating Ductal Carcinoma,Pain,10033371,5.0413489113711325,5.086187021835582,SD,2.2465600001,Low Risk
TCGA-EW-A1PB,69.14262053747487,0,TCGA-EW-A1PB,14.0,Breast Cancer,Breast Invasive Ductal Carcinoma,0.1579,0.3663,1.08,130,IDC,Primary,Matched,195,No,Yes,University of Miami,EW,4.366666667,Breast,Infiltrating Ductal Carcinoma,Nausea,10028813,3.1373070107703174,4.271273095537705,PD,4.2306300001,High Risk
TCGA-EW-A1PC,739.3617751880925,0,TCGA-EW-A1PC,25.0,Breast Cancer,Breast Invasive Ductal Carcinoma,0.59,0.3364,0.87,,IDC,Primary,Matched,166,No,Yes,University of Miami,EW,0.0,Breast,Infiltrating Ductal Carcinoma,Anemia,10002034,1.446529360049537,1.9760107108287754,PD,5.24428,High Risk
TCGA-EW-A1PD,225.20002688035262,1,TCGA-EW-A1PD,9.0,Breast Cancer,Breast Invasive Ductal Carcinoma,0.3329,0.3721,4.09,71,IDC,Primary,Matched,66,No,Yes,University of Miami,EW,2.366666667,Breast,Infiltrating Ductal Carcinoma,Anemia,10002034,7.52138458162866,3.8352344430747096,PR,2.6842900001,Low Risk
TCGA-EW-A1PE,394.5138055401507,0,TCGA-EW-A1PE,6.0,Breast Cancer,Breast Invasive Ductal Carcinoma,0.1758,0.3418,0.44,28,IDC,Primary,Matched,11,No,Yes,University of Miami,EW,0.933333333,Breast,Infiltrating Ductal Carcinoma,Pain,10033371,2.0043369996152274,2.5616354993058583,PD,1.6010999999000002,Low Risk
TCGA-EW-A1PF,272.5217535633168,1,TCGA-EW-A1PF,8.0,Breast Cancer,Breast Invasive Ductal Carcinoma,0.2254,0.0,,,IDC,Primary,Matched,41,No,Yes,University of Miami,EW,0.0,Breast,Infiltrating Ductal Carcinoma,Fatigue,10016256,6.474875500069945,6.220630450298807,SD,1.66762,Low Risk
TCGA-EW-A1PG,351.6387821782828,1,TCGA-EW-A1PG,0.0,Breast Cancer,Breast Invasive Lobular Carcinoma,0.0004,0.3521,0.21,9,ILC,Primary,Matched,17,No,Yes,University of Miami,EW,0.3,Breast,Infiltrating Lobular Carcinoma,Pain,10033371,3.529447751502002,5.254784900849237,PD,0.16054000000000002,Low Risk
TCGA-EW-A1PH,1015.6511893109493,1,TCGA-EW-A1PH,11.0,Breast Cancer,Breast Invasive Ductal Carcinoma,0.4664,0.2948,0.74,47,IDC,Primary,Matched,288,No,Yes,University of Miami,EW,1.566666667,Breast,Infiltrating Ductal Carcinoma,Fatigue,10016256,2.561464453195198,2.518514011596251,SD,2.8688800001000003,High Risk
TCGA-EW-A2FR,282.0572316844407,1,TCGA-EW-A2FR,22.0,Breast Cancer,Breast Invasive Ductal Carcinoma,0.0742,0.2905,0.02,39,IDC,Primary,Matched,182,No,Yes,University of Miami,EW,1.266666667,Breast,Infiltrating Ductal Carcinoma,Anemia,10002034,4.417763706273857,6.568754942542176,PD,4.8603600001,High Risk
TCGA-EW-A2FS,668.5148245645618,1,TCGA-EW-A2FS,4.0,Breast Cancer,Breast Invasive Ductal Carcinoma,0.1908,0.3517,0.97,27,IDC,Primary,Matched,155,No,Yes,University of Miami,EW,0.9,Breast,Infiltrating Ductal Carcinoma,Pain,10033371,8.213011986006583,10.303793200859335,PD,1.19758,Low Risk
TCGA-EW-A2FV,517.0878293522094,0,TCGA-EW-A2FV,21.0,Breast Cancer,Breast Invasive Carcinoma (NOS),0.1508,0.3338,1.49,3879,BRCNOS,Primary,Matched,105,No,Yes,University of Miami,EW,130.3,Breast,Other,Nausea,10028813,4.528842192141154,3.3903133866797015,SD,43.40200000000001,High Risk
TCGA-EW-A2FW,871.7327384741427,0,TCGA-EW-A2FW,5.0,Breast Cancer,Breast Invasive Carcinoma (NOS),0.2122,0.3328,0.25,23,BRCNOS,Primary,Matched,158,No,Yes,University of Miami,EW,0.766666667,Breast,Other,Pain,10033371,7.756926842899501,8.054753888363074,SD,1.3602200001,Low Risk
TCGA-EW-A3E8,2209.537318010375,1,TCGA-EW-A3E8,4.0,Breast Cancer,Breast Invasive Lobular Carcinoma,0.0997,0.2998,0,,ILC,Primary,Matched,72,Yes,No,University of Miami,EW,0.0,Breast,Infiltrating Lobular Carcinoma,Anemia,10002034,2.129376671192356,3.177318820960382,PD,0.88987,Low Risk
TCGA-EW-A3U0,1055.1242170040343,1,TCGA-EW-A3U0,12.0,Breast Cancer,Breast Invasive Ductal Carcinoma,0.4676,0.3219,0.07,,IDC,Primary,Matched,610,Yes,No,University of Miami,EW,0.0,Breast,Infiltrating Ductal Carcinoma,Nausea,10028813,7.954942776985712,10.79907830267319,PD,2.6046600000000004,Low Risk
TCGA-EW-A423,193.59649059523784,1,TCGA-EW-A423,28.0,Breast Cancer,Breast Invasive Lobular Carcinoma,0.6939,0.3097,0.45,43,ILC,Primary,Matched,87,Yes,No,University of Miami,EW,1.466666667,Breast,Infiltrating Lobular Carcinoma,Nausea,10028813,3.132399924159838,1.871192012807219,PR,6.310110000100001,High Risk
TCGA-EW-A424,25.343743059406275,1,TCGA-EW-A424,4.0,Breast Cancer,Breast Invasive Lobular Carcinoma,0.1872,0.0,0,,ILC,Primary,Matched,45,Yes,No,University of Miami,EW,0.0,Breast,Infiltrating Lobular Carcinoma,Fatigue,10016256,7.096538168999855,8.561064921374708,PD,0.85616,Low Risk
TCGA-EW-A6S9,243.3354416044703,1,TCGA-EW-A6S9,4.0,Breast Cancer,Breast Invasive Ductal Carcinoma,0.1839,0.3458,0.54,25,IDC,Primary,Matched,218,,,University of Miami,EW,0.833333333,Breast,Infiltrating Ductal Carcinoma,Nausea,10028813,6.092033993568967,5.151299581392963,SD,1.1743299999,Low Risk
TCGA-EW-A6SA,723.2485214984778,1,TCGA-EW-A6SA,16.0,Breast Cancer,Breast Invasive Ductal Carcinoma,0.5613,0.3435,0.78,65,IDC,Primary,Matched,172,Yes,No,University of Miami,EW,2.233333333,Breast,Infiltrating Ductal Carcinoma,Nausea,10028813,9.362302454905187,4.746521274995768,PR,4.1070899999,High Risk
TCGA-EW-A6SB,42.236222479819745,1,TCGA-EW-A6SB,23.0,Breast Cancer,Breast Invasive Ductal Carcinoma,0.2153,0.3424,0.01,65,IDC,Primary,Matched,104,,,University of Miami,EW,2.2,Breast,Infiltrating Ductal Carcinoma,Pain,10033371,4.485902661777827,4.052927683823827,SD,5.393070000000001,High Risk
TCGA-EW-A6SC,548.7247648209511,0,TCGA-EW-A6SC,5.0,Breast Cancer,Breast Invasive Lobular Carcinoma,0.1298,0.3447,0,27,ILC,Primary,Matched,91,,,University of Miami,EW,0.866666667,Breast,Infiltrating Lobular Carcinoma,Anemia,10002034,1.595486699509964,1.1722909072683265,SD,1.3678800001,Low Risk
TCGA-EW-A6SD,726.7430719900482,1,TCGA-EW-A6SD,24.0,Breast Cancer,Breast Invasive Ductal Carcinoma,0.4194,0.3517,0.34,43,IDC,Primary,Matched,315,Yes,No,University of Miami,EW,1.5,Breast,Infiltrating Ductal Carcinoma,Fatigue,10016256,1.1723993699612762,1.546241501819489,PD,5.446160000000001,High Risk
TCGA-GI-A2C8,325.4655023504803,1,TCGA-GI-A2C8,13.0,Breast Cancer,Breast Invasive Ductal Carcinoma,0.5576,0.3289,0.19,105,IDC,Primary,Matched,328,No,Yes,ABS - IUPUI,GI,3.533333333,Breast,Infiltrating Ductal Carcinoma,Pain,10033371,8.441727048754778,7.068516449443606,SD,3.8930599999,High Risk
TCGA-GI-A2C9,1178.9199673173878,0,TCGA-GI-A2C9,8.0,Breast Cancer,Breast Invasive Ductal Carcinoma,0.5638,0.3253,0.13,,IDC,Primary,Matched,228,No,Yes,ABS - IUPUI,GI,0.0,Breast,Infiltrating Ductal Carcinoma,Nausea,10028813,5.722620738952889,7.596914622471462,PD,1.8342,Low Risk
TCGA-GM-A2D9,90.17513181174239,1,TCGA-GM-A2D9,5.0,Breast Cancer,Breast Invasive Ductal Carcinoma,0.1545,0.3107,0.07,436,IDC,Primary,Matched,57,No,Yes,MD Anderson,GM,14.56666667,Breast,Infiltrating Ductal Carcinoma,Nausea,10028813,7.977196466514544,3.9933681088173927,PR,5.478490001000001,High Risk
TCGA-GM-A2DA,62.488404633797614,1,TCGA-GM-A2DA,5.0,Breast Cancer,Breast Invasive Ductal Carcinoma,0.1413,0.2922,0.08,32,IDC,Primary,Matched,66,No,Yes,MD Anderson,GM,1.066666667,Breast,Infiltrating Ductal Carcinoma,Fatigue,10016256,3.109830400103632,2.512180550537102,SD,1.4208300001,Low Risk
TCGA-GM-A2DB,1042.1179281731143,1,TCGA-GM-A2DB,20.0,Breast Cancer,Breast Invasive Ductal Carcinoma,0.2286,0.3153,0.08,125,IDC,Primary,Matched,261,No,Yes,MD Anderson,GM,4.166666667,Breast,Infiltrating Ductal Carcinoma,Anemia,10002034,4.105753709619103,3.043041828084731,SD,5.3816400001,High Risk
TCGA-GM-A2DC,547.3361813304549,1,TCGA-GM-A2DC,18.0,Breast Cancer,Breast Invasive Ductal Carcinoma,0.413,0.3191,0.34,15,IDC,Primary,Matched,79,No,Yes,MD Anderson,GM,0.5,Breast,Infiltrating Ductal Carcinoma,Fatigue,10016256,1.2709348499018704,0.9323163239326463,SD,3.93772,High Risk
TCGA-GM-A2DD,932.8341245865128,0,TCGA-GM-A2DD,20.0,Breast Cancer,Breast Invasive Ductal Carcinoma,0.117,0.3056,0.18,51,IDC,Primary,Matched,453,No,Yes,MD Anderson,GM,1.7,Breast,Infiltrating Ductal Carcinoma,Pain,10033371,9.65343092116701,5.48495028423728,PR,4.60622,High Risk
TCGA-GM-A2DF,456.49919930308585,1,TCGA-GM-A2DF,12.0,Breast Cancer,Breast Invasive Ductal Carcinoma,0.1934,0.299,0.04,37,IDC,Primary,Matched,205,No,Yes,MD Anderson,GM,1.233333333,Breast,Infiltrating Ductal Carcinoma,Fatigue,10016256,7.010811160307321,4.817298503511971,PR,2.8878199999000005,High Risk
TCGA-GM-A2DH,226.3170030068253,1,TCGA-GM-A2DH,16.0,Breast Cancer,Breast Invasive Ductal Carcinoma,0.2932,0.2942,0.05,173,IDC,Primary,Matched,234,No,Yes,MD Anderson,GM,5.766666667,Breast,Infiltrating Ductal Carcinoma,Nausea,10028813,9.398845789833755,9.92094763088029,SD,5.0768000001,High Risk
TCGA-GM-A2DI,1367.8589588569566,0,TCGA-GM-A2DI,9.0,Breast Cancer,Breast Invasive Ductal Carcinoma,0.0143,0.3132,0.14,67,IDC,Primary,Matched,44,No,Yes,MD Anderson,GM,2.266666667,Breast,Infiltrating Ductal Carcinoma,Pain,10033371,3.389467666861651,2.682292769196483,SD,2.5469300001,Low Risk
TCGA-GM-A2DK,1285.217251168152,0,TCGA-GM-A2DK,6.0,Breast Cancer,Breast Invasive Ductal Carcinoma,0.1815,0.2912,0,19,IDC,Primary,Matched,104,No,Yes,MD Anderson,GM,0.666666667,Breast,Infiltrating Ductal Carcinoma,Nausea,10028813,6.503172501030948,5.965976521032187,SD,1.5126900001,Low Risk
TCGA-GM-A2DL,949.1590557672971,0,TCGA-GM-A2DL,8.0,Breast Cancer,Breast Invasive Ductal Carcinoma,0.1835,0.3306,0.23,44,IDC,Primary,Matched,157,No,Yes,MD Anderson,GM,1.466666667,Breast,Infiltrating Ductal Carcinoma,Anemia,10002034,7.10649971463374,6.231454234959073,SD,2.1611700001000003,Low Risk
TCGA-GM-A2DM,254.12289199042567,1,TCGA-GM-A2DM,0.0,Breast Cancer,Breast Invasive Ductal Carcinoma,0.0055,0.2914,0.05,24,IDC,Primary,Matched,2,No,Yes,MD Anderson,GM,0.8,Breast,Infiltrating Ductal Carcinoma,Nausea,10028813,3.857947302318296,5.308168693649801,PD,0.29993000000000003,Low Risk
TCGA-GM-A2DN,713.7287037787714,1,TCGA-GM-A2DN,3.0,Breast Cancer,Breast Invasive Ductal Carcinoma,0.0649,0.2965,0.07,24,IDC,Primary,Matched,3,No,Yes,MD Anderson,GM,0.8,Breast,Infiltrating Ductal Carcinoma,Nausea,10028813,8.632983115140672,12.131922530181866,PD,0.9187700000000001,Low Risk
TCGA-GM-A2DO,358.24798046385763,0,TCGA-GM-A2DO,1.0,Breast Cancer,Breast Invasive Lobular Carcinoma,0.0343,0.3191,0.02,141,ILC,Primary,Matched,35,No,Yes,MD Anderson,GM,4.666666667,Breast,Infiltrating Lobular Carcinoma,Fatigue,10016256,9.52445316610223,9.457372172490938,SD,1.6741100001,Low Risk
TCGA-GM-A3NW,76.84058768532257,0,TCGA-GM-A3NW,7.0,Breast Cancer,Breast Invasive Lobular Carcinoma,0.2472,0.3265,0.06,52,ILC,Primary,Matched,62,No,Yes,MD Anderson,GM,1.7,Breast,Infiltrating Lobular Carcinoma,Nausea,10028813,8.963696059264038,7.441265620418576,SD,2.0494600000000003,Low Risk
TCGA-GM-A3NY,1994.1598748301133,1,TCGA-GM-A3NY,4.0,Breast Cancer,Breast Invasive Lobular Carcinoma,0.1117,0.3311,0.01,,ILC,Primary,Matched,21,No,Yes,MD Anderson,GM,0.0,Breast,Infiltrating Lobular Carcinoma,Pain,10033371,7.6516027834543525,4.642997955746546,PR,0.89973,Low Risk
TCGA-GM-A3XG,117.70435905561602,1,TCGA-GM-A3XG,0.0,Breast Cancer,Breast Invasive Lobular Carcinoma,0.0,0.2829,0,,ILC,Primary,Matched,0,No,Yes,MD Anderson,GM,0.0,Breast,Infiltrating Lobular Carcinoma,Pain,10033371,3.497182117524586,5.082814559333806,PD,0.05658,Low Risk
TCGA-GM-A3XL,2400.39252249821,1,TCGA-GM-A3XL,4.0,Breast Cancer,Breast Invasive Ductal Carcinoma,0.4806,0.296,0.06,87,IDC,Primary,Matched,172,No,Yes,MD Anderson,GM,2.933333333,Breast,Infiltrating Ductal Carcinoma,Anemia,10002034,3.5345443789506854,1.9801469990340617,PR,1.8833799999,Low Risk
TCGA-GM-A3XN,472.48081023269776,0,TCGA-GM-A3XN,9.0,Breast Cancer,Breast Invasive Lobular Carcinoma,0.1675,0.3013,0.01,,ILC,Primary,Matched,15,No,Yes,MD Anderson,GM,0.0,Breast,Infiltrating Lobular Carcinoma,Pain,10033371,9.67024288401434,7.713471920586728,SD,1.9105100000000002,Low Risk
TCGA-GM-A4E0,163.78422553077266,1,TCGA-GM-A4E0,7.0,Breast Cancer,Breast Invasive Lobular Carcinoma,0.0133,0.2859,0,21,ILC,Primary,Matched,13,No,Yes,MD Anderson,GM,0.7,Breast,Infiltrating Lobular Carcinoma,Fatigue,10016256,1.0925604634212283,0.8719355785911189,SD,1.67117,Low Risk
TCGA-GM-A5PV,624.5358769213892,1,TCGA-GM-A5PV,2.0,Breast Cancer,Breast Invasive Lobular Carcinoma,0.0368,0.2809,0,28,ILC,Primary,Matched,20,No,Yes,MD Anderson,GM,0.933333333,Breast,Infiltrating Lobular Carcinoma,Anemia,10002034,7.4444497591793,6.107436157036911,SD,0.7472199999,Low Risk
TCGA-GM-A5PX,1650.513435425647,1,TCGA-GM-A5PX,3.0,Breast Cancer,Breast Invasive Lobular Carcinoma,0.1005,0.2788,0,24,ILC,Primary,Matched,9,No,Yes,MD Anderson,GM,0.8,Breast,Infiltrating Lobular Carcinoma,Pain,10033371,7.356215462997359,4.8866371483462006,PR,0.9259100000000001,Low Risk
TCGA-HN-A2NL,1054.086223304379,1,TCGA-HN-A2NL,11.0,Breast Cancer,Breast Invasive Lobular Carcinoma,0.9228,0.3496,2.05,70,ILC,Primary,Matched,68,No,Yes,Ontario Institute for Cancer Research (OICR),HN,2.433333333,Breast,Infiltrating Lobular Carcinoma,Fatigue,10016256,6.604205868548177,8.474262252400957,PD,3.2767599999000003,High Risk
TCGA-HN-A2OB,1314.235060859006,0,TCGA-HN-A2OB,2.0,Breast Cancer,Breast Invasive Lobular Carcinoma,0.0273,0.2932,0,18,ILC,Primary,Matched,30,No,Yes,Ontario Institute for Cancer Research (OICR),HN,0.633333333,Breast,Infiltrating Lobular Carcinoma,Pain,10033371,9.910979614781793,6.16956362019017,PR,0.6568299999,Low Risk
TCGA-JL-A3YW,860.1901721363222,1,TCGA-JL-A3YW,15.0,Breast Cancer,Breast Invasive Lobular Carcinoma,0.1167,0.3065,0.02,,ILC,Primary,Matched,273,Yes,No,ABS - Research Metrics Pakistan,JL,0.0,Breast,Infiltrating Lobular Carcinoma,Pain,10033371,3.806914921873527,4.320493095663808,SD,3.09631,High Risk
TCGA-JL-A3YX,942.8430689132258,0,TCGA-JL-A3YX,15.0,Breast Cancer,Breast Invasive Lobular Carcinoma,0.2097,0.3019,0.04,29,ILC,Primary,Matched,20,Yes,No,ABS - Research Metrics Pakistan,JL,0.966666667,Breast,Infiltrating Lobular Carcinoma,Nausea,10028813,4.059746774139233,2.5326568944785204,PR,3.4132900001,High Risk
TCGA-LD-A66U,1513.4175904402236,0,TCGA-LD-A66U,10.0,Breast Cancer,Breast Invasive Lobular Carcinoma,0.2001,0.3459,0,31,ILC,Primary,Matched,12,Yes,No,Hartford Hospital,LD,1.066666667,Breast,Infiltrating Lobular Carcinoma,Pain,10033371,1.710454626519,0.97587532091484,PR,2.4492100001,Low Risk
TCGA-LD-A74U,229.7916124320961,1,TCGA-LD-A74U,7.0,Breast Cancer,Breast Invasive Carcinoma (NOS),0.0661,0.3334,0,193,BRCNOS,Primary,Matched,10,Yes,No,Hartford Hospital,LD,6.533333333,Breast,Other,Pain,10033371,4.9851832288936375,7.026264324082714,PD,3.4465099999,High Risk
TCGA-LD-A7W5,537.774132936993,1,TCGA-LD-A7W5,23.0,Breast Cancer,Breast Invasive Ductal Carcinoma,0.217,0.3317,0.01,41,IDC,Primary,Matched,259,Yes,No,Hartford Hospital,LD,1.4,Breast,Infiltrating Ductal Carcinoma,Fatigue,10016256,3.349436736113633,2.311542642556654,PR,5.151440000000001,High Risk
TCGA-LD-A7W6,200.01050328489788,1,TCGA-LD-A7W6,4.0,Breast Cancer,Breast Invasive Carcinoma (NOS),0.127,0.329,0.01,29,BRCNOS,Primary,Matched,50,Yes,No,Hartford Hospital,LD,0.966666667,Breast,Other,Fatigue,10016256,4.090480319598798,5.404547754493341,PD,1.1939000001000002,Low Risk
TCGA-LD-A9QF,3516.4467339242633,0,TCGA-LD-A9QF,0.0,Breast Cancer,Breast Invasive Ductal Carcinoma,0.0045,0.3232,0,19,IDC,Primary,Matched,68,Yes,No,Hartford Hospital,LD,0.633333333,Breast,Infiltrating Ductal Carcinoma,Nausea,10028813,8.511146112300649,8.89100597741274,SD,0.25598999990000004,Low Risk
TCGA-LL-A440,2306.7710298563316,1,TCGA-LL-A440,0.0,Breast Cancer,Breast Invasive Lobular Carcinoma,0.0068,0.304,0,3,ILC,Primary,Matched,59,Yes,No,Candler,LL,0.1,Breast,Infiltrating Lobular Carcinoma,Pain,10033371,9.419360621747462,5.4430389458228845,PR,0.09284,Low Risk
TCGA-LL-A441,32.18008096430327,1,TCGA-LL-A441,11.0,Breast Cancer,Breast Invasive Ductal Carcinoma,0.1771,0.2995,0,,IDC,Primary,Matched,102,Yes,No,Candler,LL,0.0,Breast,Infiltrating Ductal Carcinoma,Nausea,10028813,2.6715976480466708,3.8883719650997217,PD,2.3130300000000004,Low Risk
TCGA-LL-A442,978.1852505565831,0,TCGA-LL-A442,0.0,Breast Cancer,Breast Invasive Ductal Carcinoma,0.0052,0.0,0,,IDC,Primary,Matched,2,Yes,No,Candler,LL,0.0,Breast,Infiltrating Ductal Carcinoma,Pain,10033371,4.352580383981193,3.2512085230446117,SD,0.00156,Low Risk
TCGA-LL-A50Y,2074.8668459802043,1,TCGA-LL-A50Y,4.0,Breast Cancer,Breast Invasive Lobular Carcinoma,0.0849,0.2801,0,24,ILC,Primary,Matched,7,Yes,No,Candler,LL,0.8,Breast,Infiltrating Lobular Carcinoma,Anemia,10002034,9.357675059038547,12.723119337343938,PD,1.12149,Low Risk
TCGA-LL-A5YL,159.32226031028,0,TCGA-LL-A5YL,5.0,Breast Cancer,Breast Invasive Lobular Carcinoma,0.1994,0.3113,0,56,ILC,Primary,Matched,14,Yes,No,Candler,LL,1.866666667,Breast,Infiltrating Lobular Carcinoma,Anemia,10002034,1.5562761462030037,1.0408530583444102,PR,1.6820800001,Low Risk
TCGA-LL-A5YM,671.3623341167219,1,TCGA-LL-A5YM,16.0,Breast Cancer,Breast Invasive Ductal Carcinoma,0.4424,0.3208,0.2,23,IDC,Primary,Matched,114,Yes,No,Candler,LL,0.766666667,Breast,Infiltrating Ductal Carcinoma,Nausea,10028813,1.8312447530024065,2.479400798787224,PD,3.6268800001000003,High Risk
TCGA-LL-A5YN,1976.692211300424,1,TCGA-LL-A5YN,5.0,Breast Cancer,Breast Invasive Ductal Carcinoma,0.1778,0.3071,0,28,IDC,Primary,Matched,160,Yes,No,Candler,LL,0.933333333,Breast,Infiltrating Ductal Carcinoma,Nausea,10028813,2.465118902856064,1.2651700481832184,PR,1.3947599999,Low Risk
TCGA-LL-A5YO,27.62841883536945,1,TCGA-LL-A5YO,0.0,Breast Cancer,Breast Invasive Ductal Carcinoma,0.057,0.2957,0,40,IDC,Primary,Matched,50,Yes,No,Candler,LL,1.366666667,Breast,Infiltrating Ductal Carcinoma,Nausea,10028813,6.356915507141872,6.431802874189616,SD,0.4862400001,Low Risk
TCGA-LL-A5YP,956.3283655143083,0,TCGA-LL-A5YP,16.0,Breast Cancer,Breast Invasive Ductal Carcinoma,0.553,0.2939,0.1,64,IDC,Primary,Matched,250,Yes,No,Candler,LL,2.133333333,Breast,Infiltrating Ductal Carcinoma,Fatigue,10016256,2.354250439053977,2.988585749957013,PD,4.0646799999,High Risk
TCGA-LL-A6FP,282.31597179617023,1,TCGA-LL-A6FP,17.0,Breast Cancer,Breast Invasive Lobular Carcinoma,0.4119,0.3564,0.9,50,ILC,Primary,Matched,32,Yes,No,Candler,LL,1.7,Breast,Infiltrating Lobular Carcinoma,Fatigue,10016256,9.712687433056601,13.9357203917581,PD,4.104850000000001,High Risk
TCGA-LL-A6FQ,2065.7989370845407,0,TCGA-LL-A6FQ,21.0,Breast Cancer,Breast Invasive Ductal Carcinoma,0.4664,0.3469,0.06,39,IDC,Primary,Matched,180,Yes,No,Candler,LL,1.266666667,Breast,Infiltrating Ductal Carcinoma,Fatigue,10016256,5.020430745326683,7.074801730991088,PD,4.7893000001,High Risk
TCGA-LL-A6FR,2833.9759380978026,0,TCGA-LL-A6FR,15.0,Breast Cancer,Breast Invasive Ductal Carcinoma,0.5897,0.3539,0.28,36,IDC,Primary,Matched,195,Yes,No,Candler,LL,1.233333333,Breast,Infiltrating Ductal Carcinoma,Nausea,10028813,5.513661643151497,7.275965026573648,PD,3.6176899999,High Risk
TCGA-LL-A73Y,2309.7389449927796,1,TCGA-LL-A73Y,24.0,Breast Cancer,Breast Invasive Ductal Carcinoma,0.2373,0.3583,0.99,99,IDC,Primary,Matched,96,Yes,No,Candler,LL,3.433333333,Breast,Infiltrating Ductal Carcinoma,Pain,10033371,3.2199275422486586,4.469875560685771,PD,5.972849999900001,High Risk
TCGA-LL-A73Z,514.2891241587666,0,TCGA-LL-A73Z,11.0,Breast Cancer,Breast Invasive Ductal Carcinoma,0.0598,0.3448,0,40,IDC,Primary,Matched,85,Yes,No,Candler,LL,1.333333333,Breast,Infiltrating Ductal Carcinoma,Anemia,10002034,5.238642271912601,3.6629618035795577,PR,2.6868999999,Low Risk
TCGA-LL-A740,1584.6485653882864,1,TCGA-LL-A740,6.0,Breast Cancer,Breast Invasive Ductal Carcinoma,0.1924,0.3365,0,43,IDC,Primary,Matched,116,Yes,No,Candler,LL,1.433333333,Breast,Infiltrating Ductal Carcinoma,Nausea,10028813,6.957222693733104,5.455744778194751,SD,1.7550199999,Low Risk
TCGA-LL-A7SZ,1489.1418186392632,1,TCGA-LL-A7SZ,15.0,Breast Cancer,Breast Invasive Ductal Carcinoma,0.2933,0.3272,0,86,IDC,Primary,Matched,307,Yes,No,Candler,LL,2.866666667,Breast,Infiltrating Ductal Carcinoma,Fatigue,10016256,7.760594232586385,6.122864584194554,SD,4.0134300001,High Risk
TCGA-LL-A7T0,307.4724172156275,1,TCGA-LL-A7T0,24.0,Breast Cancer,Breast Invasive Ductal Carcinoma,0.3326,0.3499,0.23,40,IDC,Primary,Matched,163,Yes,No,Candler,LL,1.333333333,Breast,Infiltrating Ductal Carcinoma,Fatigue,10016256,7.784812744389217,6.827700619578686,SD,5.3697599999,High Risk
TCGA-LL-A8F5,1412.4780331157226,0,TCGA-LL-A8F5,17.0,Breast Cancer,Breast Invasive Ductal Carcinoma,0.6392,0.35,0.64,131,IDC,Primary,Matched,378,Yes,No,Candler,LL,4.433333333,Breast,Infiltrating Ductal Carcinoma,Nausea,10028813,6.201020014246795,5.5394993561989185,SD,4.9917599999,High Risk
TCGA-LL-A9Q3,30.16783621512778,1,TCGA-LL-A9Q3,13.0,Breast Cancer,Breast Invasive Lobular Carcinoma,0.2749,0.3216,0.07,47,ILC,Primary,Matched,83,Yes,No,Candler,LL,1.566666667,Breast,Infiltrating Lobular Carcinoma,Nausea,10028813,9.139237974944715,9.546439690014715,SD,3.2167900001,High Risk
TCGA-LQ-A4E4,725.6069122302455,1,TCGA-LQ-A4E4,7.0,Breast Cancer,Breast Invasive Lobular Carcinoma,0.1878,0.2937,0.06,,ILC,Primary,Matched,49,No,Yes,Gundersen Lutheran Health System,LQ,0.0,Breast,Infiltrating Lobular Carcinoma,Fatigue,10016256,8.356670625754983,5.51439783505449,PR,1.5150800000000002,Low Risk
TCGA-MS-A51U,209.10099295782857,1,TCGA-MS-A51U,18.0,Breast Cancer,Breast Invasive Lobular Carcinoma,0.1797,0.284,0,,ILC,Primary,Matched,48,Yes,No,University of Minnesota,MS,0.0,Breast,Infiltrating Lobular Carcinoma,Pain,10033371,7.813433032287628,9.307726032427883,SD,3.71071,High Risk
TCGA-OK-A5Q2,102.78221397731524,1,TCGA-OK-A5Q2,3.0,Breast Cancer,Breast Invasive Lobular Carcinoma,0.0911,0.2873,0,26,ILC,Primary,Matched,69,Yes,No,Mount Sinai School of Medicine,OK,0.866666667,Breast,Infiltrating Lobular Carcinoma,Fatigue,10016256,1.5004496951241455,1.0016500103745276,PR,0.9447900001,Low Risk
TCGA-OL-A5D6,64.0602746435062,1,TCGA-OL-A5D6,4.0,Breast Cancer,Breast Invasive Ductal Carcinoma,0.1517,0.2858,0.01,34,IDC,Primary,Matched,72,No,Yes,University of Chicago,OL,1.133333333,Breast,Infiltrating Ductal Carcinoma,Fatigue,10016256,1.0619016599768438,0.8604679222401357,SD,1.2426699999,Low Risk
TCGA-OL-A5D7,953.3423597505896,0,TCGA-OL-A5D7,14.0,Breast Cancer,Breast Invasive Ductal Carcinoma,0.3616,0.2907,0.15,52,IDC,Primary,Matched,339,No,Yes,University of Chicago,OL,1.766666667,Breast,Infiltrating Ductal Carcinoma,Nausea,10028813,2.9120254947592565,2.9217666003676768,SD,3.4966200001,High Risk
TCGA-OL-A5D8,332.26081045485364,0,TCGA-OL-A5D8,5.0,Breast Cancer,Breast Invasive Ductal Carcinoma,0.1753,0.3078,0.06,22,IDC,Primary,Matched,159,No,Yes,University of Chicago,OL,0.8,Breast,Infiltrating Ductal Carcinoma,Pain,10033371,6.9717123452210705,9.038410667618564,PD,1.35415,Low Risk
TCGA-OL-A5DA,1032.109149776302,1,TCGA-OL-A5DA,6.0,Breast Cancer,Breast Invasive Lobular Carcinoma,0.2379,0.3041,0,60,ILC,Primary,Matched,102,No,Yes,University of Chicago,OL,2.033333333,Breast,Infiltrating Lobular Carcinoma,Fatigue,10016256,4.700777399942912,5.8264689595331784,PD,1.9421899999,Low Risk
TCGA-OL-A5RU,54.07194839157946,0,TCGA-OL-A5RU,1.0,Breast Cancer,Breast Invasive Ductal Carcinoma,0.0399,0.3035,0.03,34,IDC,Primary,Matched,13,No,Yes,University of Chicago,OL,1.133333333,Breast,Infiltrating Ductal Carcinoma,Fatigue,10016256,4.621656333693806,5.294266113768548,SD,0.6126699999,Low Risk
TCGA-OL-A5RV,303.0083051341426,1,TCGA-OL-A5RV,2.0,Breast Cancer,Breast Invasive Ductal Carcinoma,0.0644,0.2967,0.01,11,IDC,Primary,Matched,7,No,Yes,University of Chicago,OL,0.366666667,Breast,Infiltrating Ductal Carcinoma,Anemia,10002034,8.961281994066525,5.876569112227374,PR,0.5886600001,Low Risk
TCGA-OL-A5RW,620.3388115200396,0,TCGA-OL-A5RW,17.0,Breast Cancer,Breast Invasive Ductal Carcinoma,0.7465,0.3301,0.97,146,IDC,Primary,Matched,397,No,Yes,University of Chicago,OL,4.866666667,Breast,Infiltrating Ductal Carcinoma,Nausea,10028813,9.060065633186548,9.486299552199627,SD,5.1499700001,High Risk
TCGA-OL-A5RX,1251.27786667039,1,TCGA-OL-A5RX,5.0,Breast Cancer,Breast Invasive Ductal Carcinoma,0.1288,0.2925,0,22,IDC,Primary,Matched,1,No,Yes,University of Chicago,OL,0.766666667,Breast,Infiltrating Ductal Carcinoma,Anemia,10002034,9.182577376482271,5.39427295732128,PR,1.3271400001,Low Risk
TCGA-OL-A5RY,307.06368563212715,1,TCGA-OL-A5RY,0.0,Breast Cancer,Breast Invasive Ductal Carcinoma,0.0041,0.2856,0,10,IDC,Primary,Matched,19,No,Yes,University of Chicago,OL,0.333333333,Breast,Infiltrating Ductal Carcinoma,Anemia,10002034,3.8249026886352455,3.35582877383907,SD,0.15834999989999998,Low Risk
TCGA-OL-A5RZ,786.5672691217301,1,TCGA-OL-A5RZ,13.0,Breast Cancer,Breast Invasive Ductal Carcinoma,0.4698,0.328,0.31,96,IDC,Primary,Matched,356,No,Yes,University of Chicago,OL,3.233333333,Breast,Infiltrating Ductal Carcinoma,Fatigue,10016256,7.219502314653356,6.5951347049024625,SD,3.7765399999,High Risk
TCGA-OL-A5S0,1737.089326979416,0,TCGA-OL-A5S0,21.0,Breast Cancer,Breast Invasive Ductal Carcinoma,0.6208,0.3131,0.04,31,IDC,Primary,Matched,141,No,Yes,University of Chicago,OL,1.033333333,Breast,Infiltrating Ductal Carcinoma,Nausea,10028813,3.444698631469327,1.8594877267102756,PR,4.7588599999,High Risk
TCGA-OL-A66H,765.405207257669,1,TCGA-OL-A66H,2.0,Breast Cancer,Breast Invasive Mixed Mucinous Carcinoma,0.0587,0.2986,0,18,IMMC,Primary,Matched,13,No,Yes,University of Chicago,OL,0.633333333,Breast,Mucinous Carcinoma,Pain,10033371,2.715488497670048,2.1017557814442096,SD,0.6673299999,Low Risk
TCGA-OL-A66I,212.1725143726796,1,TCGA-OL-A66I,21.0,Breast Cancer,Breast Invasive Ductal Carcinoma,0.409,0.3071,0.01,39,IDC,Primary,Matched,301,No,Yes,University of Chicago,OL,1.3,Breast,Infiltrating Ductal Carcinoma,Fatigue,10016256,2.661692116126323,3.874490710866697,PD,4.77412,High Risk
TCGA-OL-A66J,19.76273099532418,1,TCGA-OL-A66J,3.0,Breast Cancer,Breast Invasive Lobular Carcinoma,0.0664,0.3036,0.05,45,ILC,Primary,Matched,30,No,Yes,University of Chicago,OL,1.533333333,Breast,Infiltrating Lobular Carcinoma,Pain,10033371,4.078968587772346,5.929321745498902,PD,1.1406399999,Low Risk
TCGA-OL-A66K,1632.7853490993452,1,TCGA-OL-A66K,20.0,Breast Cancer,Breast Invasive Lobular Carcinoma,0.1883,0.3357,0.08,28,ILC,Primary,Matched,5,No,Yes,University of Chicago,OL,0.933333333,Breast,Infiltrating Lobular Carcinoma,Pain,10033371,4.869618578018395,4.150507657935858,SD,4.4036299999,High Risk
TCGA-OL-A66L,17.19909132820905,1,TCGA-OL-A66L,5.0,Breast Cancer,Breast Invasive Ductal Carcinoma,0.111,0.3475,0,57,IDC,Primary,Matched,6,No,Yes,University of Chicago,OL,1.866666667,Breast,Infiltrating Ductal Carcinoma,Nausea,10028813,8.478542539495615,4.604697376923069,PR,1.6628000000999998,Low Risk
TCGA-OL-A66N,1661.6462132833362,0,TCGA-OL-A66N,21.0,Breast Cancer,Breast Invasive Lobular Carcinoma,0.2094,0.3342,0,35,ILC,Primary,Matched,22,No,Yes,University of Chicago,OL,1.2,Breast,Infiltrating Lobular Carcinoma,Anemia,10002034,2.079019841254409,1.4118518529587485,PR,4.68966,High Risk
TCGA-OL-A66O,602.2109763756436,0,TCGA-OL-A66O,6.0,Breast Cancer,Breast Invasive Ductal Carcinoma,0.1667,0.3236,0,28,IDC,Primary,Matched,59,No,Yes,University of Chicago,OL,0.933333333,Breast,Infiltrating Ductal Carcinoma,Nausea,10028813,7.614332626554048,6.793643054533065,SD,1.5947299999000002,Low Risk
TCGA-OL-A66P,2238.3934742341303,1,TCGA-OL-A66P,3.0,Breast Cancer,Breast Invasive Ductal Carcinoma,0.1324,0.3535,0,91,IDC,Primary,Matched,314,No,Yes,University of Chicago,OL,3.166666667,Breast,Infiltrating Ductal Carcinoma,Pain,10033371,5.7830942277037485,8.372646414312529,PD,1.6604200001,Low Risk
TCGA-OL-A6VO,1282.6980184185002,0,TCGA-OL-A6VO,25.0,Breast Cancer,Breast Invasive Ductal Carcinoma,0.4348,0.3793,1.89,33,IDC,Primary,Matched,227,No,Yes,University of Chicago,OL,1.1,Breast,Infiltrating Ductal Carcinoma,Fatigue,10016256,3.5915080840839324,2.302871620200847,PR,5.5363,High Risk
TCGA-OL-A6VQ,4945.755528677861,1,TCGA-OL-A6VQ,8.0,Breast Cancer,Breast Invasive Lobular Carcinoma,0.1319,0.336,0,69,ILC,Primary,Matched,7,No,Yes,University of Chicago,OL,2.3,Breast,Infiltrating Lobular Carcinoma,Pain,10033371,5.4353762607954215,6.8676840218130994,PD,2.39677,Low Risk
TCGA-OL-A6VR,345.50289347862696,0,TCGA-OL-A6VR,2.0,Breast Cancer,Breast Invasive Ductal Carcinoma,0.1111,0.3456,0.12,22,IDC,Primary,Matched,12,No,Yes,University of Chicago,OL,0.766666667,Breast,Infiltrating Ductal Carcinoma,Fatigue,10016256,3.6994786279932037,2.2518080456493053,PR,0.7324500001,Low Risk
TCGA-OL-A97C,1166.0202072891661,0,TCGA-OL-A97C,8.0,Breast Cancer,Breast Invasive Carcinoma (NOS),0.2079,0.3453,0.05,60,BRCNOS,Primary,Matched,29,No,Yes,University of Chicago,OL,2.0,Breast,Other,Fatigue,10016256,6.364737597144754,9.427815793877814,PD,2.33143,Low Risk
TCGA-PE-A5DC,411.2392020983527,1,TCGA-PE-A5DC,0.0,Breast Cancer,Breast Invasive Lobular Carcinoma,0.3159,0.3164,0.06,93,ILC,Primary,Matched,183,No,Yes,Fox Chase,PE,3.166666667,Breast,Infiltrating Lobular Carcinoma,Nausea,10028813,4.904595305697198,4.323972142955861,SD,1.1080500001,Low Risk
TCGA-PE-A5DD,522.949843428153,0,TCGA-PE-A5DD,8.0,Breast Cancer,Breast Invasive Lobular Carcinoma,0.2365,0.2898,0.05,54,ILC,Primary,Matched,35,No,Yes,Fox Chase,PE,1.8,Breast,Infiltrating Lobular Carcinoma,Pain,10033371,2.4796497617099087,3.1621350205052896,PD,2.26891,Low Risk
TCGA-PE-A5DE,790.0263261024924,1,TCGA-PE-A5DE,23.0,Breast Cancer,Breast Invasive Lobular Carcinoma,0.5284,0.2918,0.01,386,ILC,Primary,Matched,16,No,Yes,Fox Chase,PE,13.06666667,Breast,Infiltrating Lobular Carcinoma,Anemia,10002034,2.0492476710012704,1.7266778140571504,SD,8.736880001000001,High Risk
TCGA-PL-A8LV,1655.131251225912,1,TCGA-PL-A8LV,24.0,Breast Cancer,Breast Invasive Ductal Carcinoma,0.7412,0.3512,0.21,97,IDC,Primary,Matched,85,Yes,No,Institute of Human Virology Nigeria,PL,3.233333333,Breast,Medullary Carcinoma,Pain,10033371,5.920261138649171,6.676094230707441,SD,6.062599999900001,High Risk
TCGA-PL-A8LX,3312.317629473047,0,TCGA-PL-A8LX,19.0,Breast Cancer,Breast Invasive Ductal Carcinoma,0.1356,0.324,0.04,29,IDC,Primary,Matched,51,Yes,No,Institute of Human Virology Nigeria,PL,0.966666667,Breast,Infiltrating Ductal Carcinoma,Pain,10033371,9.12171729957493,6.312375091757304,PR,4.1954800001,High Risk
TCGA-PL-A8LY,1169.75768827138,1,TCGA-PL-A8LY,0.0,Breast Cancer,Breast Invasive Ductal Carcinoma,0.0001,0.3461,0,4,IDC,Primary,Matched,0,Yes,No,Institute of Human Virology Nigeria,PL,0.133333333,Breast,Infiltrating Ductal Carcinoma,Anemia,10002034,4.09561917901917,2.6458560766821533,PR,0.1092499999,Low Risk
TCGA-PL-A8LZ,432.70735487291347,1,TCGA-PL-A8LZ,21.0,Breast Cancer,Breast Invasive Ductal Carcinoma,0.1729,0.3284,0.03,78,IDC,Primary,Matched,136,Yes,No,Institute of Human Virology Nigeria,PL,2.7,Breast,Infiltrating Ductal Carcinoma,Nausea,10028813,7.597000965003609,10.924974656036177,PD,5.12755,High Risk
TCGA-S3-A6ZF,437.6556606552193,1,TCGA-S3-A6ZF,19.0,Breast Cancer,Breast Invasive Ductal Carcinoma,0.602,0.3361,0.22,31,IDC,Primary,Matched,147,Yes,No,Albert Einstein Medical Center,S3,1.033333333,Breast,Infiltrating Ductal Carcinoma,Pain,10033371,6.927952194457903,9.82139256992529,PD,4.3578199999,High Risk
TCGA-S3-A6ZG,1070.2542207789324,0,TCGA-S3-A6ZG,17.0,Breast Cancer,Breast Invasive Carcinoma (NOS),0.1632,0.3316,0.05,39,BRCNOS,Primary,Matched,24,Yes,No,Albert Einstein Medical Center,S3,1.233333333,Breast,Mixed Histology (NOS),Pain,10033371,9.38399422878533,13.020000527576586,PD,3.8852799999000003,High Risk
TCGA-S3-A6ZH,218.26329604767545,1,TCGA-S3-A6ZH,20.0,Breast Cancer,Breast Invasive Ductal Carcinoma,0.3715,0.3286,0.59,33,IDC,Primary,Matched,42,Yes,No,Albert Einstein Medical Center,S3,1.1,Breast,Infiltrating Ductal Carcinoma,Fatigue,10016256,8.388829155692267,9.44106893954886,SD,4.50717,High Risk
TCGA-S3-AA0Z,93.65333566452918,1,TCGA-S3-AA0Z,12.0,Breast Cancer,Breast Invasive Ductal Carcinoma,0.3953,0.3531,1.27,46,IDC,Primary,Matched,83,Yes,No,Albert Einstein Medical Center,S3,1.566666667,Breast,Infiltrating Ductal Carcinoma,Pain,10033371,6.099447330149167,7.979713048022155,PD,3.0592100001,High Risk
TCGA-S3-AA10,350.3354652752932,0,TCGA-S3-AA10,22.0,Breast Cancer,Breast Invasive Ductal Carcinoma,0.5359,0.3339,0.53,133,IDC,Primary,Matched,133,Yes,No,Albert Einstein Medical Center,S3,4.533333333,Breast,Infiltrating Ductal Carcinoma,Anemia,10002034,6.9132744841069655,3.933908536463793,PR,5.987549999900001,High Risk
TCGA-S3-AA11,270.88728513426076,0,TCGA-S3-AA11,1.0,Breast Cancer,Breast Invasive Ductal Carcinoma,0.056,0.3311,0,59,IDC,Primary,Matched,15,Yes,No,Albert Einstein Medical Center,S3,2.0,Breast,Infiltrating Ductal Carcinoma,Fatigue,10016256,9.085478199256315,7.584457641075832,SD,0.8830199999999999,Low Risk
TCGA-S3-AA12,281.1317517858444,1,TCGA-S3-AA12,4.0,Breast Cancer,Breast Invasive Ductal Carcinoma,0.1373,0.341,0.34,36,IDC,Primary,Matched,71,Yes,No,Albert Einstein Medical Center,S3,1.2,Breast,Infiltrating Ductal Carcinoma,Nausea,10028813,4.595669061282413,3.7395102755152863,SD,1.26939,Low Risk
TCGA-S3-AA14,212.8489327675974,1,TCGA-S3-AA14,2.0,Breast Cancer,Breast Invasive Ductal Carcinoma,0.1821,0.3335,0.22,16,IDC,Primary,Matched,99,Yes,No,Albert Einstein Medical Center,S3,0.533333333,Breast,Infiltrating Ductal Carcinoma,Fatigue,10016256,3.941152352719996,4.475751232468999,SD,0.6813299999,Low Risk
TCGA-S3-AA15,34.403824749877856,1,TCGA-S3-AA15,0.0,Breast Cancer,Breast Invasive Ductal Carcinoma,0.0014,0.3124,0,36,IDC,Primary,Matched,6,Yes,No,Albert Einstein Medical Center,S3,1.166666667,Breast,Infiltrating Ductal Carcinoma,Anemia,10002034,1.0972997527167672,0.9392422531653284,SD,0.41290000010000005,Low Risk
TCGA-S3-AA17,14.428482265559248,1,TCGA-S3-AA17,9.0,Breast Cancer,Breast Invasive Ductal Carcinoma,0.346,0.3284,0.02,88,IDC,Primary,Matched,83,Yes,No,Albert Einstein Medical Center,S3,2.966666667,Breast,Infiltrating Ductal Carcinoma,Anemia,10002034,8.438959667723179,5.472722574535984,PR,2.8594800001,High Risk
TCGA-UL-AAZ6,3519.982383289842,1,TCGA-UL-AAZ6,19.0,Breast Cancer,Breast Invasive Ductal Carcinoma,0.5875,0.3254,0.98,80,IDC,Primary,Matched,406,Yes,No,Boston Medical Center,UL,2.7,Breast,Infiltrating Ductal Carcinoma,Fatigue,10016256,8.208826303630284,9.000707769719268,SD,4.851330000000001,High Risk
TCGA-UU-A93S,446.57579751368155,0,TCGA-UU-A93S,15.0,Breast Cancer,Breast Invasive Ductal Carcinoma,0.5014,0.3562,0.48,139,IDC,Primary,Matched,416,Yes,No,Mary Bird Perkins Cancer Center - Our Lady of the Lake,UU,4.633333333,Breast,Infiltrating Ductal Carcinoma,Nausea,10028813,1.9400906629013623,2.5500239719577698,PD,4.6116599999000005,High Risk
TCGA-V7-A7HQ,388.0309819642543,1,TCGA-V7-A7HQ,6.0,Breast Cancer,Breast Invasive Ductal Carcinoma,0.1209,0.3439,0.01,23,IDC,Primary,Matched,34,No,Yes,Medical College of Georgia,V7,0.733333333,Breast,Infiltrating Ductal Carcinoma,Fatigue,10016256,6.191716430194302,5.461858534108228,SD,1.5250499999000002,Low Risk
TCGA-W8-A86G,910.6661189011577,1,TCGA-W8-A86G,14.0,Breast Cancer,Breast Invasive Lobular Carcinoma,0.0915,0.3056,0,15,ILC,Primary,Matched,26,Yes,No,Greenville Health System,W8,0.5,Breast,Infiltrating Lobular Carcinoma,Nausea,10028813,5.1758352835019865,3.272518724261187,PR,3.0385700000000004,High Risk
TCGA-WT-AB41,196.98020475274666,1,TCGA-WT-AB41,8.0,Breast Cancer,Breast Invasive Ductal Carcinoma,0.3125,0.3366,0.01,40,IDC,Primary,Matched,77,No,Yes,University of Kansas,WT,1.3,Breast,Infiltrating Ductal Carcinoma,Fatigue,10016256,2.0683818595820034,1.4410172291067307,PR,2.1510700000000003,Low Risk
TCGA-WT-AB44,2395.9650029918207,0,TCGA-WT-AB44,18.0,Breast Cancer,Breast Invasive Lobular Carcinoma,0.3436,0.3186,0.24,31,ILC,Primary,Matched,12,No,Yes,University of Kansas,WT,1.033333333,Breast,Infiltrating Lobular Carcinoma,Anemia,10002034,9.825114043546511,7.245857578500812,SD,4.0767999999,High Risk
TCGA-XX-A899,1234.714225500469,1,TCGA-XX-A899,4.0,Breast Cancer,Breast Invasive Lobular Carcinoma,0.0625,0.31,0,37,ILC,Primary,Matched,59,No,Yes,Spectrum Health,XX,2.466666667,Breast,Infiltrating Lobular Carcinoma,Pain,10033371,2.932262987170199,2.345510105464411,SD,1.6207500001000001,Low Risk
TCGA-XX-A89A,74.93091091280556,0,TCGA-XX-A89A,32.0,Breast Cancer,Breast Invasive Lobular Carcinoma,0.1764,0.3036,0.01,151,ILC,Primary,Matched,51,No,Yes,Spectrum Health,XX,5.033333333,Breast,Infiltrating Lobular Carcinoma,Pain,10033371,1.6051076208150503,1.8343090766995498,SD,8.0236399999,High Risk
TCGA-Z7-A8R5,432.4518192267118,1,TCGA-Z7-A8R5,21.0,Breast Cancer,Breast Invasive Lobular Carcinoma,0.0452,0.3056,0,23,ILC,Primary,Matched,7,No,Yes,John Wayne Cancer Center,Z7,0.766666667,Breast,Infiltrating Lobular Carcinoma,Nausea,10028813,6.353626415517186,6.99499631260322,SD,4.5046800001000005,High Risk
TCGA-Z7-A8R6,1690.3543681126828,1,TCGA-Z7-A8R6,14.0,Breast Cancer,Breast Invasive Lobular Carcinoma,0.3367,0.3434,0.15,64,ILC,Primary,Matched,72,No,Yes,John Wayne Cancer Center,Z7,2.1,Breast,Infiltrating Lobular Carcinoma,Nausea,10028813,7.649800094197294,9.149771837683023,SD,3.5996900000000003,High Risk
