PATIENTID,ANEUPLOIDY_SCORE,CANCER_TYPE,CANCER_TYPE_DETAILED,FRACTION_GENOME_ALTERED,MSI_SCORE_MANTIS,MSI_SENSOR_SCORE,MUTATION_COUNT,ONCOTREE_CODE,SAMPLE_TYPE,SOMATIC_STATUS,TBL_SCORE,TISSUE_PROSPECTIVE_COLLECTION_INDICATOR,TISSUE_RETROSPECTIVE_COLLECTION_INDICATOR,TISSUE_SOURCE_SITE,TISSUE_SOURCE_SITE_CODE,TMB_NONSYNONYMOUS,TUMOR_TISSUE_SITE,TUMOR_TYPE
TCGA-3C-AAAU,19,Breast Cancer,Breast Invasive Lobular Carcinoma,0.7787,0.3319,0.55,24,ILC,Primary,Matched,205,No,Yes,Columbia University,3C,0.8,Breast,Infiltrating Lobular Carcinoma
TCGA-3C-AALI,22,Breast Cancer,Breast Invasive Ductal Carcinoma,0.7164,0.3449,0.74,459,IDC,Primary,Matched,190,No,Yes,Columbia University,3C,15.26666667,Breast,Infiltrating Ductal Carcinoma
TCGA-3C-AALJ,13,Breast Cancer,Breast Invasive Ductal Carcinoma,0.5340,0.3266,0.31,28,IDC,Primary,Matched,365,No,Yes,Columbia University,3C,0.933333333,Breast,Infiltrating Ductal Carcinoma
TCGA-3C-AALK,4,Breast Cancer,Breast Invasive Ductal Carcinoma,0.0764,0.3218,0.03,44,IDC,Primary,Matched,25,No,Yes,Columbia University,3C,1.5,Breast,Infiltrating Ductal Carcinoma
TCGA-4H-AAAK,7,Breast Cancer,Breast Invasive Lobular Carcinoma,0.2364,0.3411,0.01,20,ILC,Primary,Matched,36,Yes,No,"Proteogenex, Inc.",4H,0.7,Breast,Infiltrating Lobular Carcinoma
TCGA-5L-AAT0,3,Breast Cancer,Breast Invasive Lobular Carcinoma,0.0702,0.3208,0,139,ILC,Primary,Matched,28,No,Yes,University of Sao Paulo,5L,4.6,Breast,Infiltrating Lobular Carcinoma
TCGA-5T-A9QA,14,Breast Cancer,Breast Invasive Carcinoma (NOS),0.4133,0.3379,0.46,55,BRCNOS,Primary,Matched,99,Yes,No,Holy Cross,5T,1.9,Breast,Other
TCGA-A1-A0SB,0,Breast Cancer,Breast Invasive Carcinoma (NOS),0.0008,,0.2,15,BRCNOS,Primary,Matched,2,No,Yes,UCSF,A1,0.5,Breast,Other
TCGA-A1-A0SD,11,Breast Cancer,Breast Invasive Ductal Carcinoma,0.2474,0.2829,0.02,33,IDC,Primary,Matched,66,No,Yes,UCSF,A1,1.1,Breast,Infiltrating Ductal Carcinoma
TCGA-A1-A0SE,10,Breast Cancer,Breast Invasive Carcinoma (NOS),0.2134,0.2898,0.01,27,BRCNOS,Primary,Matched,49,No,Yes,UCSF,A1,0.933333333,Breast,Mixed Histology (NOS)
TCGA-A1-A0SF,14,Breast Cancer,Breast Invasive Ductal Carcinoma,0.2015,0.4042,0.36,50,IDC,Primary,Matched,58,No,Yes,UCSF,A1,1.666666667,Breast,Infiltrating Ductal Carcinoma
TCGA-A1-A0SG,4,Breast Cancer,Breast Invasive Carcinoma (NOS),0.0969,0.311,0,27,BRCNOS,Primary,Matched,30,No,Yes,UCSF,A1,0.9,Breast,Other
TCGA-A1-A0SH,2,Breast Cancer,Breast Invasive Ductal Carcinoma,0.1789,0.4765,0.02,94,IDC,Primary,Matched,35,No,Yes,UCSF,A1,3.133333333,Breast,Infiltrating Ductal Carcinoma
TCGA-A1-A0SI,15,Breast Cancer,Breast Invasive Ductal Carcinoma,0.3313,0.3411,0.63,180,IDC,Primary,Matched,22,No,Yes,UCSF,A1,6.033333333,Breast,Infiltrating Ductal Carcinoma
TCGA-A1-A0SJ,24,Breast Cancer,Breast Invasive Ductal Carcinoma,0.4600,0.292,0.37,30,IDC,Primary,Matched,297,No,Yes,UCSF,A1,1.033333333,Breast,Infiltrating Ductal Carcinoma
TCGA-A1-A0SK,16,Breast Cancer,Breast Invasive Carcinoma (NOS),0.4163,0.2902,1.02,62,BRCNOS,Primary,Matched,205,No,Yes,UCSF,A1,2.033333333,Breast,Other
TCGA-A1-A0SM,3,Breast Cancer,Breast Invasive Ductal Carcinoma,0.1807,0.259,0.12,19,IDC,Primary,Matched,60,No,Yes,UCSF,A1,0.633333333,Breast,Infiltrating Ductal Carcinoma
TCGA-A1-A0SN,18,Breast Cancer,Breast Invasive Ductal Carcinoma,0.5518,0.3423,0.57,51,IDC,Primary,Matched,224,No,Yes,UCSF,A1,1.7,Breast,Infiltrating Ductal Carcinoma
TCGA-A1-A0SO,,Breast Cancer,Breast Invasive Ductal Carcinoma,0.7700,0.3308,2.84,271,IDC,Primary,Matched,492,No,Yes,UCSF,A1,9.066666667,Breast,Infiltrating Ductal Carcinoma
TCGA-A1-A0SP,13,Breast Cancer,Breast Invasive Ductal Carcinoma,0.3918,0.2779,0.26,51,IDC,Primary,Matched,170,No,Yes,UCSF,A1,1.7,Breast,Infiltrating Ductal Carcinoma
TCGA-A1-A0SQ,3,Breast Cancer,Breast Invasive Ductal Carcinoma,0.1094,0.2921,0.18,23,IDC,Primary,Matched,108,No,Yes,UCSF,A1,0.766666667,Breast,Infiltrating Ductal Carcinoma
TCGA-A2-A04N,3,Breast Cancer,Breast Invasive Ductal Carcinoma,0.0862,0.2911,0,41,IDC,Primary,Matched,13,No,Yes,Walter Reed,A2,1.366666667,Breast,Infiltrating Ductal Carcinoma
TCGA-A2-A04P,9,Breast Cancer,Breast Invasive Ductal Carcinoma,0.6407,0.3046,1.12,128,IDC,Primary,Matched,298,No,Yes,Walter Reed,A2,4.266666667,Breast,Infiltrating Ductal Carcinoma
TCGA-A2-A04Q,11,Breast Cancer,Breast Invasive Ductal Carcinoma,0.0853,0.2846,0.03,46,IDC,Primary,Matched,48,No,Yes,Walter Reed,A2,1.566666667,Breast,Infiltrating Ductal Carcinoma
TCGA-A2-A04R,5,Breast Cancer,Breast Invasive Ductal Carcinoma,0.2643,0.3005,0.77,74,IDC,Primary,Matched,57,No,Yes,Walter Reed,A2,2.533333333,Breast,Infiltrating Ductal Carcinoma
TCGA-A2-A04T,14,Breast Cancer,Breast Invasive Ductal Carcinoma,0.6936,0.2887,1.39,89,IDC,Primary,Matched,206,No,Yes,Walter Reed,A2,2.933333333,Breast,Infiltrating Ductal Carcinoma
TCGA-A2-A04U,21,Breast Cancer,Breast Invasive Ductal Carcinoma,0.6677,0.294,1.39,49,IDC,Primary,Matched,1894,No,Yes,Walter Reed,A2,1.633333333,Breast,Infiltrating Ductal Carcinoma
TCGA-A2-A04V,6,Breast Cancer,Breast Invasive Ductal Carcinoma,0.1132,0.289,0.04,27,IDC,Primary,Matched,98,No,Yes,Walter Reed,A2,0.9,Breast,Infiltrating Ductal Carcinoma
TCGA-A2-A04W,17,Breast Cancer,Breast Invasive Carcinoma (NOS),0.1065,0.2769,0.04,125,BRCNOS,Primary,Matched,349,No,Yes,Walter Reed,A2,4.266666667,Breast,Other
TCGA-A2-A04X,8,Breast Cancer,Breast Invasive Ductal Carcinoma,0.2434,0.2774,0.05,27,IDC,Primary,Matched,142,No,Yes,Walter Reed,A2,0.933333333,Breast,Infiltrating Ductal Carcinoma
TCGA-A2-A04Y,4,Breast Cancer,Breast Invasive Ductal Carcinoma,0.1470,0.293,0.1,48,IDC,Primary,Matched,171,No,Yes,Walter Reed,A2,1.6,Breast,Infiltrating Ductal Carcinoma
TCGA-A2-A0CK,4,Breast Cancer,Breast Invasive Lobular Carcinoma,0.1005,0.3074,0,13,ILC,Primary,Matched,30,No,Yes,Walter Reed,A2,0.433333333,Breast,Infiltrating Lobular Carcinoma
TCGA-A2-A0CL,25,Breast Cancer,Breast Invasive Ductal Carcinoma,0.0591,0.2896,0.13,133,IDC,Primary,Matched,248,No,Yes,Walter Reed,A2,4.433333333,Breast,Infiltrating Ductal Carcinoma
TCGA-A2-A0CM,24,Breast Cancer,Breast Invasive Ductal Carcinoma,0.3928,0.2921,0.39,52,IDC,Primary,Matched,160,No,Yes,Walter Reed,A2,1.733333333,Breast,Infiltrating Ductal Carcinoma
TCGA-A2-A0CO,8,Breast Cancer,Breast Invasive Lobular Carcinoma,0.1329,0.2823,0.01,,ILC,Primary,Matched,8,No,Yes,Walter Reed,A2,0,Breast,Infiltrating Lobular Carcinoma
TCGA-A2-A0CP,5,Breast Cancer,Breast Invasive Ductal Carcinoma,0.0870,0.273,0.04,35,IDC,Primary,Matched,3,No,Yes,Walter Reed,A2,1.233333333,Breast,Infiltrating Ductal Carcinoma
TCGA-A2-A0CQ,5,Breast Cancer,Breast Invasive Ductal Carcinoma,0.1198,0.2894,0.07,29,IDC,Primary,Matched,2,No,Yes,Walter Reed,A2,1,Breast,Infiltrating Ductal Carcinoma
TCGA-A2-A0CR,6,Breast Cancer,Breast Invasive Lobular Carcinoma,0.0000,0.2975,0,134,ILC,Primary,Matched,11,No,Yes,Walter Reed,A2,4.5,Breast,Infiltrating Lobular Carcinoma
TCGA-A2-A0CS,17,Breast Cancer,Breast Invasive Ductal Carcinoma,0.1967,0.2726,0.27,31,IDC,Primary,Matched,3,No,Yes,Walter Reed,A2,1.033333333,Breast,Infiltrating Ductal Carcinoma
TCGA-A2-A0CT,25,Breast Cancer,Breast Invasive Ductal Carcinoma,0.7056,0.2932,1.11,79,IDC,Primary,Matched,90,No,Yes,Walter Reed,A2,2.666666667,Breast,Infiltrating Ductal Carcinoma
TCGA-A2-A0CU,20,Breast Cancer,Breast Invasive Ductal Carcinoma,0.4388,0.2981,0.06,43,IDC,Primary,Matched,99,No,Yes,Walter Reed,A2,1.433333333,Breast,Infiltrating Ductal Carcinoma
TCGA-A2-A0CV,24,Breast Cancer,Breast Invasive Ductal Carcinoma,0.6142,0.2792,0,22,IDC,Primary,Matched,5,No,Yes,Walter Reed,A2,0.733333333,Breast,Infiltrating Ductal Carcinoma
TCGA-A2-A0CW,15,Breast Cancer,Breast Invasive Ductal Carcinoma,0.3083,0.2846,0.32,64,IDC,Primary,Matched,343,No,Yes,Walter Reed,A2,2.166666667,Breast,Infiltrating Ductal Carcinoma
TCGA-A2-A0CX,19,Breast Cancer,Breast Invasive Ductal Carcinoma,0.3591,0.2663,0.41,250,IDC,Primary,Matched,163,No,Yes,Walter Reed,A2,8.333333333,Breast,Infiltrating Ductal Carcinoma
TCGA-A2-A0CZ,,Breast Cancer,Breast Invasive Ductal Carcinoma,,,0.01,23,IDC,Primary,Matched,132,No,Yes,Walter Reed,A2,0.8,Breast,Infiltrating Ductal Carcinoma
TCGA-A2-A0D0,17,Breast Cancer,Breast Invasive Ductal Carcinoma,0.7061,0.3096,1.96,73,IDC,Primary,Matched,428,No,Yes,Walter Reed,A2,2.466666667,Breast,Infiltrating Ductal Carcinoma
TCGA-A2-A0D1,10,Breast Cancer,Breast Invasive Ductal Carcinoma,0.2609,0.2684,0.63,44,IDC,Primary,Matched,180,No,Yes,Walter Reed,A2,1.466666667,Breast,Infiltrating Ductal Carcinoma
TCGA-A2-A0D2,13,Breast Cancer,Breast Invasive Ductal Carcinoma,0.5025,0.2742,0.35,81,IDC,Primary,Matched,316,No,Yes,Walter Reed,A2,2.7,Breast,Infiltrating Ductal Carcinoma
TCGA-A2-A0D3,5,Breast Cancer,Breast Invasive Ductal Carcinoma,0.1108,0.2747,0.01,25,IDC,Primary,Matched,17,No,Yes,Walter Reed,A2,0.833333333,Breast,Infiltrating Ductal Carcinoma
TCGA-A2-A0D4,19,Breast Cancer,Breast Invasive Ductal Carcinoma,0.3856,0.2711,0.86,36,IDC,Primary,Matched,113,No,Yes,Walter Reed,A2,1.2,Breast,Infiltrating Ductal Carcinoma
TCGA-A2-A0EM,5,Breast Cancer,Breast Invasive Ductal Carcinoma,0.1025,0.2606,0.06,31,IDC,Primary,Matched,3,No,Yes,Walter Reed,A2,1.033333333,Breast,Infiltrating Ductal Carcinoma
TCGA-A2-A0EN,9,Breast Cancer,Breast Invasive Lobular Carcinoma,0.2206,0.2756,0,33,ILC,Primary,Matched,14,No,Yes,Walter Reed,A2,1.1,Breast,Infiltrating Lobular Carcinoma
TCGA-A2-A0EO,22,Breast Cancer,Breast Invasive Ductal Carcinoma,0.2512,0.2627,0.08,28,IDC,Primary,Matched,14,No,Yes,Walter Reed,A2,0.933333333,Breast,Infiltrating Ductal Carcinoma
TCGA-A2-A0EP,,Breast Cancer,Breast Invasive Lobular Carcinoma,0.0000,0.2896,0,9,ILC,Primary,Matched,2,No,Yes,Walter Reed,A2,0.3,Breast,Infiltrating Lobular Carcinoma
TCGA-A2-A0EQ,21,Breast Cancer,Breast Invasive Ductal Carcinoma,0.2545,0.272,0.11,212,IDC,Primary,Matched,149,No,Yes,Walter Reed,A2,7.1,Breast,Infiltrating Ductal Carcinoma
TCGA-A2-A0ER,4,Breast Cancer,Breast Invasive Ductal Carcinoma,0.0756,0.2644,0.06,27,IDC,Primary,Matched,55,No,Yes,Walter Reed,A2,0.9,Breast,Infiltrating Ductal Carcinoma
TCGA-A2-A0ES,0,Breast Cancer,Breast Invasive Lobular Carcinoma,0.0056,0.2529,0.04,13,ILC,Primary,Matched,34,No,Yes,Walter Reed,A2,0.433333333,Breast,Infiltrating Lobular Carcinoma
TCGA-A2-A0ET,22,Breast Cancer,Breast Invasive Ductal Carcinoma,0.5078,0.2854,0.64,43,IDC,Primary,Matched,31,No,Yes,Walter Reed,A2,1.433333333,Breast,Infiltrating Ductal Carcinoma
TCGA-A2-A0EU,26,Breast Cancer,Breast Invasive Ductal Carcinoma,0.5175,0.2729,0.1,44,IDC,Primary,Matched,11,No,Yes,Walter Reed,A2,1.466666667,Breast,Infiltrating Ductal Carcinoma
TCGA-A2-A0EV,15,Breast Cancer,Breast Invasive Ductal Carcinoma,0.2086,0.3283,0.2,63,IDC,Primary,Matched,85,No,Yes,Walter Reed,A2,2.1,Breast,Infiltrating Ductal Carcinoma
TCGA-A2-A0EW,2,Breast Cancer,Breast Invasive Lobular Carcinoma,0.0724,0.2504,0,15,ILC,Primary,Matched,55,No,Yes,Walter Reed,A2,0.5,Breast,Infiltrating Lobular Carcinoma
TCGA-A2-A0EX,5,Breast Cancer,Breast Invasive Lobular Carcinoma,0.1003,0.2822,0.01,27,ILC,Primary,Matched,90,No,Yes,Walter Reed,A2,0.9,Breast,Infiltrating Lobular Carcinoma
TCGA-A2-A0EY,23,Breast Cancer,Breast Invasive Ductal Carcinoma,0.6388,0.3273,0.24,180,IDC,Primary,Matched,256,No,Yes,Walter Reed,A2,6.133333333,Breast,Infiltrating Ductal Carcinoma
TCGA-A2-A0ST,,Breast Cancer,Breast Invasive Ductal Carcinoma,0.0109,0.261,0.01,15,IDC,Primary,Matched,32,No,Yes,Walter Reed,A2,0.5,Breast,Infiltrating Ductal Carcinoma
TCGA-A2-A0SU,4,Breast Cancer,Breast Invasive Ductal Carcinoma,0.1178,0.2844,0.04,32,IDC,Primary,Matched,38,No,Yes,Walter Reed,A2,1.066666667,Breast,Infiltrating Ductal Carcinoma
TCGA-A2-A0SV,13,Breast Cancer,Breast Invasive Ductal Carcinoma,0.3799,0.3032,0.59,33,IDC,Primary,Matched,80,No,Yes,Walter Reed,A2,1.1,Breast,Infiltrating Ductal Carcinoma
TCGA-A2-A0SW,13,Breast Cancer,Breast Invasive Ductal Carcinoma,0.4298,0.2874,1.59,50,IDC,Primary,Matched,102,No,Yes,Walter Reed,A2,1.733333333,Breast,Infiltrating Ductal Carcinoma
TCGA-A2-A0SX,11,Breast Cancer,Breast Invasive Ductal Carcinoma,0.3822,0.2956,0.31,23,IDC,Primary,Matched,122,No,Yes,Walter Reed,A2,0.766666667,Breast,Infiltrating Ductal Carcinoma
TCGA-A2-A0SY,2,Breast Cancer,Breast Invasive Lobular Carcinoma,0.1043,0.2804,0,115,ILC,Primary,Matched,42,No,Yes,Walter Reed,A2,3.866666667,Breast,Infiltrating Lobular Carcinoma
TCGA-A2-A0T0,4,Breast Cancer,Breast Invasive Ductal Carcinoma,0.4533,0.2795,0.28,168,IDC,Primary,Matched,140,No,Yes,Walter Reed,A2,5.566666667,Breast,Infiltrating Ductal Carcinoma
TCGA-A2-A0T1,17,Breast Cancer,Breast Invasive Ductal Carcinoma,0.1868,0.2768,0.02,24,IDC,Primary,Matched,339,No,Yes,Walter Reed,A2,0.8,Breast,Infiltrating Ductal Carcinoma
TCGA-A2-A0T2,34,Breast Cancer,Breast Invasive Ductal Carcinoma,0.9463,0.3164,1.48,27,IDC,Primary,Matched,66,No,Yes,Walter Reed,A2,0.933333333,Breast,Infiltrating Ductal Carcinoma
TCGA-A2-A0T3,31,Breast Cancer,Breast Invasive Ductal Carcinoma,0.5528,0.2828,0.51,29,IDC,Primary,Matched,165,No,Yes,Walter Reed,A2,1,Breast,Infiltrating Ductal Carcinoma
TCGA-A2-A0T4,7,Breast Cancer,Breast Invasive Lobular Carcinoma,0.2209,0.3097,0.01,31,ILC,Primary,Matched,65,No,Yes,Walter Reed,A2,1.033333333,Breast,Infiltrating Lobular Carcinoma
TCGA-A2-A0T5,5,Breast Cancer,Breast Invasive Ductal Carcinoma,0.1153,0.2978,0.06,15,IDC,Primary,Matched,1,No,Yes,Walter Reed,A2,0.5,Breast,Infiltrating Ductal Carcinoma
TCGA-A2-A0T6,6,Breast Cancer,Breast Invasive Lobular Carcinoma,0.1161,0.2844,0.04,17,ILC,Primary,Matched,7,No,Yes,Walter Reed,A2,0.566666667,Breast,Infiltrating Lobular Carcinoma
TCGA-A2-A0T7,12,Breast Cancer,Breast Invasive Ductal Carcinoma,0.3425,0.3038,0.02,22,IDC,Primary,Matched,91,No,Yes,Walter Reed,A2,0.766666667,Breast,Infiltrating Ductal Carcinoma
TCGA-A2-A0YC,4,Breast Cancer,Breast Invasive Ductal Carcinoma,0.1110,0.2793,0.02,24,IDC,Primary,Matched,37,No,Yes,Walter Reed,A2,0.766666667,Breast,Infiltrating Ductal Carcinoma
TCGA-A2-A0YD,6,Breast Cancer,Breast Invasive Lobular Carcinoma,0.0935,0.3031,0.14,55,ILC,Primary,Matched,4,No,Yes,Walter Reed,A2,1.866666667,Breast,Infiltrating Lobular Carcinoma
TCGA-A2-A0YE,24,Breast Cancer,Breast Invasive Ductal Carcinoma,0.7810,0.3072,1.48,28,IDC,Primary,Matched,165,No,Yes,Walter Reed,A2,0.933333333,Breast,Infiltrating Ductal Carcinoma
TCGA-A2-A0YF,4,Breast Cancer,Breast Invasive Ductal Carcinoma,0.1229,0.2855,0.17,25,IDC,Primary,Matched,54,No,Yes,Walter Reed,A2,0.866666667,Breast,Infiltrating Ductal Carcinoma
TCGA-A2-A0YG,29,Breast Cancer,Breast Invasive Ductal Carcinoma,0.3672,0.2746,0.29,52,IDC,Primary,Matched,395,No,Yes,Walter Reed,A2,1.733333333,Breast,Infiltrating Ductal Carcinoma
TCGA-A2-A0YH,17,Breast Cancer,Breast Invasive Ductal Carcinoma,0.3154,0.3021,0.26,68,IDC,Primary,Matched,109,No,Yes,Walter Reed,A2,2.266666667,Breast,Infiltrating Ductal Carcinoma
TCGA-A2-A0YI,4,Breast Cancer,Breast Invasive Ductal Carcinoma,0.1891,0.2845,0,11,IDC,Primary,Matched,46,No,Yes,Walter Reed,A2,0.4,Breast,Infiltrating Ductal Carcinoma
TCGA-A2-A0YJ,25,Breast Cancer,Breast Invasive Ductal Carcinoma,0.5313,0.2988,0.47,74,IDC,Primary,Matched,211,No,Yes,Walter Reed,A2,2.5,Breast,Infiltrating Ductal Carcinoma
TCGA-A2-A0YK,6,Breast Cancer,Breast Invasive Lobular Carcinoma,0.1055,0.3819,0,317,ILC,Primary,Matched,33,No,Yes,Walter Reed,A2,10.6,Breast,Infiltrating Lobular Carcinoma
TCGA-A2-A0YL,4,Breast Cancer,Breast Invasive Lobular Carcinoma,0.1036,0.3028,0,27,ILC,Primary,Matched,32,No,Yes,Walter Reed,A2,0.933333333,Breast,Infiltrating Lobular Carcinoma
TCGA-A2-A0YM,27,Breast Cancer,Breast Invasive Ductal Carcinoma,0.4340,0.3077,1.2,75,IDC,Primary,Matched,272,No,Yes,Walter Reed,A2,2.566666667,Breast,Infiltrating Ductal Carcinoma
TCGA-A2-A0YT,25,Breast Cancer,Breast Invasive Ductal Carcinoma,0.5755,0.3009,0.84,58,IDC,Primary,Matched,232,No,Yes,Walter Reed,A2,1.933333333,Breast,Infiltrating Ductal Carcinoma
TCGA-A2-A1FV,12,Breast Cancer,Breast Invasive Lobular Carcinoma,0.3999,0.3124,0.21,39,ILC,Primary,Matched,108,Yes,No,Walter Reed,A2,1.3,Breast,Infiltrating Lobular Carcinoma
TCGA-A2-A1FW,21,Breast Cancer,Breast Invasive Ductal Carcinoma,0.6055,0.3305,0.89,60,IDC,Primary,Matched,441,Yes,No,Walter Reed,A2,2.033333333,Breast,Infiltrating Ductal Carcinoma
TCGA-A2-A1FX,14,Breast Cancer,Breast Invasive Ductal Carcinoma,0.4239,0.3239,0.3,23,IDC,Primary,Matched,63,No,Yes,Walter Reed,A2,0.8,Breast,Infiltrating Ductal Carcinoma
TCGA-A2-A1FZ,2,Breast Cancer,Breast Invasive Ductal Carcinoma,0.1009,0.3362,0.06,26,IDC,Primary,Matched,10,Yes,No,Walter Reed,A2,0.866666667,Breast,Infiltrating Ductal Carcinoma
TCGA-A2-A1G0,16,Breast Cancer,Breast Invasive Carcinoma (NOS),0.1485,0.3449,0.2,19,BRCNOS,Primary,Matched,46,Yes,No,Walter Reed,A2,0.666666667,Breast,Other
TCGA-A2-A1G1,20,Breast Cancer,Breast Invasive Ductal Carcinoma,0.1756,0.3368,1.11,28,IDC,Primary,Matched,149,Yes,No,Walter Reed,A2,0.966666667,Breast,Infiltrating Ductal Carcinoma
TCGA-A2-A1G4,4,Breast Cancer,Breast Invasive Ductal Carcinoma,0.1531,0.2954,0.24,28,IDC,Primary,Matched,77,Yes,No,Walter Reed,A2,0.933333333,Breast,Infiltrating Ductal Carcinoma
TCGA-A2-A1G6,,Breast Cancer,Breast Invasive Ductal Carcinoma,0.0001,0.3082,0.07,8,IDC,Primary,Matched,0,Yes,No,Walter Reed,A2,0.266666667,Breast,Infiltrating Ductal Carcinoma
TCGA-A2-A259,4,Breast Cancer,Breast Invasive Ductal Carcinoma,0.1071,0.3052,0.1,22,IDC,Primary,Matched,22,No,Yes,Walter Reed,A2,0.733333333,Breast,Infiltrating Ductal Carcinoma
TCGA-A2-A25A,5,Breast Cancer,Breast Invasive Lobular Carcinoma,0.1189,0.3222,0.08,300,ILC,Primary,Matched,14,No,Yes,Walter Reed,A2,10.1,Breast,Infiltrating Lobular Carcinoma
TCGA-A2-A25B,,Breast Cancer,Breast Invasive Ductal Carcinoma,0.4302,0.314,0.61,98,IDC,Primary,Matched,395,Yes,No,Walter Reed,A2,3.266666667,Breast,Infiltrating Ductal Carcinoma
TCGA-A2-A25C,10,Breast Cancer,Breast Invasive Ductal Carcinoma,0.3264,0.333,0.98,34,IDC,Primary,Matched,65,Yes,No,Walter Reed,A2,1.133333333,Breast,Infiltrating Ductal Carcinoma
TCGA-A2-A25D,7,Breast Cancer,Breast Invasive Lobular Carcinoma,0.2363,0.3005,0,49,ILC,Primary,Matched,134,Yes,No,Walter Reed,A2,1.7,Breast,Infiltrating Lobular Carcinoma
TCGA-A2-A25E,5,Breast Cancer,Breast Invasive Ductal Carcinoma,0.3373,0.3265,1.75,50,IDC,Primary,Matched,82,No,Yes,Walter Reed,A2,1.7,Breast,Infiltrating Ductal Carcinoma
TCGA-A2-A25F,,Breast Cancer,Breast Invasive Ductal Carcinoma,0.0021,0.3314,0.55,6,IDC,Primary,Matched,11,Yes,No,Walter Reed,A2,0.166666667,Breast,Infiltrating Ductal Carcinoma
TCGA-A2-A3KC,6,Breast Cancer,Breast Invasive Lobular Carcinoma,0.1404,0.2846,0.01,,ILC,Primary,Matched,45,Yes,No,Walter Reed,A2,0,Breast,Infiltrating Lobular Carcinoma
TCGA-A2-A3KD,5,Breast Cancer,Breast Invasive Mixed Mucinous Carcinoma,0.2021,0.2961,0,8,IMMC,Primary,Matched,23,Yes,No,Walter Reed,A2,0.233333333,Breast,Mucinous Carcinoma
TCGA-A2-A3XS,22,Breast Cancer,Breast Invasive Ductal Carcinoma,0.5445,0.3169,0.38,,IDC,Primary,Matched,120,No,Yes,Walter Reed,A2,0,Breast,Infiltrating Ductal Carcinoma
TCGA-A2-A3XT,14,Breast Cancer,Breast Invasive Ductal Carcinoma,0.4752,0.3073,0.16,69,IDC,Primary,Matched,101,No,Yes,Walter Reed,A2,2.266666667,Breast,Infiltrating Ductal Carcinoma
TCGA-A2-A3XU,10,Breast Cancer,Breast Invasive Ductal Carcinoma,0.3244,0.3179,0.6,21,IDC,Primary,Matched,51,No,Yes,Walter Reed,A2,0.7,Breast,Infiltrating Ductal Carcinoma
TCGA-A2-A3XV,6,Breast Cancer,Breast Invasive Ductal Carcinoma,0.1244,0.2941,0.01,37,IDC,Primary,Matched,16,Yes,No,Walter Reed,A2,1.3,Breast,Infiltrating Ductal Carcinoma
TCGA-A2-A3XW,,Breast Cancer,Breast Invasive Ductal Carcinoma,0.0011,0.2963,0,8,IDC,Primary,Matched,58,Yes,No,Walter Reed,A2,0.266666667,Breast,Infiltrating Ductal Carcinoma
TCGA-A2-A3XX,23,Breast Cancer,Breast Invasive Ductal Carcinoma,0.5550,0.3153,0.21,32,IDC,Primary,Matched,76,Yes,No,Walter Reed,A2,1.1,Breast,Infiltrating Ductal Carcinoma
TCGA-A2-A3XY,8,Breast Cancer,Breast Invasive Ductal Carcinoma,0.1367,0.2994,0.02,,IDC,Primary,Matched,182,Yes,No,Walter Reed,A2,0,Breast,Infiltrating Ductal Carcinoma
TCGA-A2-A3XZ,9,Breast Cancer,Breast Invasive Ductal Carcinoma,0.1157,0.292,0.03,32,IDC,Primary,Matched,125,No,Yes,Walter Reed,A2,1.066666667,Breast,Infiltrating Ductal Carcinoma
TCGA-A2-A3Y0,6,Breast Cancer,Breast Invasive Ductal Carcinoma,0.4308,0.3062,0.07,148,IDC,Primary,Matched,184,No,Yes,Walter Reed,A2,4.966666667,Breast,Infiltrating Ductal Carcinoma
TCGA-A2-A4RW,5,Breast Cancer,Breast Invasive Lobular Carcinoma,0.3425,0.2918,0,,ILC,Primary,Matched,111,Yes,No,Walter Reed,A2,0,Breast,Infiltrating Lobular Carcinoma
TCGA-A2-A4RX,20,Breast Cancer,Metaplastic Breast Cancer,0.3733,0.3083,0.03,,MBC,Primary,Matched,8,Yes,No,Walter Reed,A2,,Breast,Metaplastic Carcinoma
TCGA-A2-A4RY,0,Breast Cancer,Breast Invasive Lobular Carcinoma,0.0040,0.2929,0.01,,ILC,Primary,Matched,6,Yes,No,Walter Reed,A2,0,Breast,Infiltrating Lobular Carcinoma
TCGA-A2-A4S0,0,Breast Cancer,Breast Invasive Mixed Mucinous Carcinoma,0.0001,0.302,0,,IMMC,Primary,Matched,0,Yes,No,Walter Reed,A2,,Breast,Mucinous Carcinoma
TCGA-A2-A4S1,26,Breast Cancer,Metaplastic Breast Cancer,0.3185,0.2898,0.04,69,MBC,Primary,Matched,187,Yes,No,Walter Reed,A2,2.366666667,Breast,Metaplastic Carcinoma
TCGA-A2-A4S2,13,Breast Cancer,Breast Invasive Lobular Carcinoma,0.3280,0.2957,0,27,ILC,Primary,Matched,23,Yes,No,Walter Reed,A2,0.9,Breast,Infiltrating Lobular Carcinoma
TCGA-A2-A4S3,11,Breast Cancer,Breast Invasive Ductal Carcinoma,0.4494,0.3033,0.13,55,IDC,Primary,Matched,203,Yes,No,Walter Reed,A2,1.8,Breast,Infiltrating Ductal Carcinoma
TCGA-A7-A0CD,27,Breast Cancer,Breast Invasive Ductal Carcinoma,0.5843,0.2652,0.63,22,IDC,Primary,Matched,8,Yes,No,Christiana Healthcare,A7,0.733333333,Breast,Infiltrating Ductal Carcinoma
TCGA-A7-A0CE,10,Breast Cancer,Breast Invasive Ductal Carcinoma,0.4998,0.281,1.68,94,IDC,Primary,Matched,137,Yes,No,Christiana Healthcare,A7,6,Breast,Infiltrating Ductal Carcinoma
TCGA-A7-A0CG,7,Breast Cancer,Breast Invasive Carcinoma (NOS),0.1221,0.2301,0.16,47,BRCNOS,Primary,Matched,67,Yes,No,Christiana Healthcare,A7,1.566666667,Breast,Mixed Histology (NOS)
TCGA-A7-A0CH,3,Breast Cancer,Breast Invasive Ductal Carcinoma,0.0627,,0.32,30,IDC,Primary,Matched,9,Yes,No,Christiana Healthcare,A7,1.833333333,Breast,Infiltrating Ductal Carcinoma
TCGA-A7-A0CJ,22,Breast Cancer,Breast Invasive Ductal Carcinoma,0.5648,0.2683,1.26,55,IDC,Primary,Matched,293,Yes,No,Christiana Healthcare,A7,1.766666667,Breast,Infiltrating Ductal Carcinoma
TCGA-A7-A0D9,7,Breast Cancer,Breast Invasive Ductal Carcinoma,0.1867,0.2619,0.34,20,IDC,Primary,Matched,132,Yes,No,Christiana Healthcare,A7,1.333333333,Breast,Infiltrating Ductal Carcinoma
TCGA-A7-A0DA,16,Breast Cancer,Breast Invasive Ductal Carcinoma,0.7563,0.2908,1.1,143,IDC,Primary,Matched,270,Yes,No,Christiana Healthcare,A7,5.033333333,Breast,Infiltrating Ductal Carcinoma
TCGA-A7-A0DB,17,Breast Cancer,Breast Invasive Ductal Carcinoma,0.3296,0.298,0.64,31,IDC,Primary,Matched,3,Yes,No,Christiana Healthcare,A7,1.033333333,Breast,Infiltrating Ductal Carcinoma
TCGA-A7-A0DC,,Breast Cancer,Breast Invasive Ductal Carcinoma,0.3192,,,,IDC,Primary,Matched,66,Yes,No,Christiana Healthcare,A7,0,Breast,Infiltrating Ductal Carcinoma
TCGA-A7-A13D,28,Breast Cancer,Breast Invasive Ductal Carcinoma,0.7824,0.3088,2.07,89,IDC,Primary,Matched,576,Yes,No,Christiana Healthcare,A7,2.933333333,Breast,Infiltrating Ductal Carcinoma
TCGA-A7-A13E,22,Breast Cancer,Breast Invasive Ductal Carcinoma,0.6513,0.321,4.87,52,IDC,Primary,Matched,88,Yes,No,Christiana Healthcare,A7,3.1,Breast,Infiltrating Ductal Carcinoma
TCGA-A7-A13F,25,Breast Cancer,Breast Invasive Ductal Carcinoma,0.2607,0.28,0.27,36,IDC,Primary,Matched,90,Yes,No,Christiana Healthcare,A7,2.433333333,Breast,Infiltrating Ductal Carcinoma
TCGA-A7-A13G,4,Breast Cancer,Breast Invasive Ductal Carcinoma,0.1150,0.2762,0.18,20,IDC,Primary,Matched,40,Yes,No,Christiana Healthcare,A7,0.666666667,Breast,Infiltrating Ductal Carcinoma
TCGA-A7-A13H,5,Breast Cancer,Breast Invasive Lobular Carcinoma,0.1215,0.2918,0,,ILC,Primary,Matched,58,Yes,No,Christiana Healthcare,A7,,Breast,Infiltrating Lobular Carcinoma
TCGA-A7-A26E,5,Breast Cancer,Breast Invasive Lobular Carcinoma,,0.2833,3.15,38,ILC,Primary,Matched,3,Yes,No,Christiana Healthcare,A7,1.3,Breast,Infiltrating Lobular Carcinoma
TCGA-A7-A26F,9,Breast Cancer,Breast Invasive Carcinoma (NOS),0.3177,0.3293,1.3,39,BRCNOS,Primary,Matched,54,Yes,No,Christiana Healthcare,A7,1.233333333,Breast,Other
TCGA-A7-A26G,10,Breast Cancer,Breast Invasive Carcinoma (NOS),0.2490,0.3251,0.77,45,BRCNOS,Primary,Matched,417,Yes,No,Christiana Healthcare,A7,1.5,Breast,Other
TCGA-A7-A26H,8,Breast Cancer,Breast Invasive Ductal Carcinoma,0.2219,0.301,0.18,109,IDC,Primary,Matched,66,Yes,No,Christiana Healthcare,A7,3.666666667,Breast,Infiltrating Ductal Carcinoma
TCGA-A7-A26I,26,Breast Cancer,Breast Invasive Ductal Carcinoma,0.6589,0.3156,0.68,35,IDC,Primary,Matched,171,Yes,No,Christiana Healthcare,A7,1.166666667,Breast,Infiltrating Ductal Carcinoma
TCGA-A7-A26J,18,Breast Cancer,Breast Invasive Ductal Carcinoma,,0.3412,0.35,21,IDC,Primary,Matched,47,Yes,No,Christiana Healthcare,A7,0.766666667,Breast,Infiltrating Ductal Carcinoma
TCGA-A7-A2KD,17,Breast Cancer,Breast Invasive Ductal Carcinoma,0.3760,0.3212,0.11,31,IDC,Primary,Matched,268,Yes,No,Christiana Healthcare,A7,1.033333333,Breast,Infiltrating Ductal Carcinoma
TCGA-A7-A3IY,1,Breast Cancer,Breast Invasive Mixed Mucinous Carcinoma,0.0079,0.3096,0,,IMMC,Primary,Matched,15,Yes,No,Christiana Healthcare,A7,,Breast,Mucinous Carcinoma
TCGA-A7-A3IZ,5,Breast Cancer,Breast Invasive Lobular Carcinoma,0.1728,0.2964,0.02,,ILC,Primary,Matched,78,Yes,No,Christiana Healthcare,A7,0,Breast,Infiltrating Lobular Carcinoma
TCGA-A7-A3J0,11,Breast Cancer,Breast Invasive Mixed Mucinous Carcinoma,0.2240,0.2958,0,,IMMC,Primary,Matched,4,Yes,No,Christiana Healthcare,A7,0,Breast,Mucinous Carcinoma
TCGA-A7-A3J1,6,Breast Cancer,Breast Invasive Lobular Carcinoma,0.2148,0.2891,0.01,,ILC,Primary,Matched,26,Yes,No,Christiana Healthcare,A7,0,Breast,Infiltrating Lobular Carcinoma
TCGA-A7-A3RF,0,Breast Cancer,Breast Invasive Mixed Mucinous Carcinoma,0.0023,0.3081,0.01,32,IMMC,Primary,Matched,12,Yes,No,Christiana Healthcare,A7,1.066666667,Breast,Mucinous Carcinoma
TCGA-A7-A425,25,Breast Cancer,Breast Invasive Lobular Carcinoma,0.1447,0.3052,0,26,ILC,Primary,Matched,36,Yes,No,Christiana Healthcare,A7,0.933333333,Breast,Infiltrating Lobular Carcinoma
TCGA-A7-A426,7,Breast Cancer,Breast Invasive Lobular Carcinoma,0.1708,0.3006,0,,ILC,Primary,Matched,21,Yes,No,Christiana Healthcare,A7,0,Breast,Infiltrating Lobular Carcinoma
TCGA-A7-A4SA,10,Breast Cancer,Breast Invasive Lobular Carcinoma,0.3754,0.2899,0.03,,ILC,Primary,Matched,110,Yes,No,Christiana Healthcare,A7,0,Breast,Infiltrating Lobular Carcinoma
TCGA-A7-A4SB,18,Breast Cancer,Breast Invasive Lobular Carcinoma,0.5065,0.3188,0.27,,ILC,Primary,Matched,75,Yes,No,Christiana Healthcare,A7,0,Breast,Infiltrating Lobular Carcinoma
TCGA-A7-A4SC,,Breast Cancer,Breast Invasive Lobular Carcinoma,,0.3073,0.01,27,ILC,Primary,Matched,35,Yes,No,Christiana Healthcare,A7,1.8,Breast,Infiltrating Lobular Carcinoma
TCGA-A7-A4SD,20,Breast Cancer,Breast Invasive Ductal Carcinoma,0.3712,0.3243,0.21,44,IDC,Primary,Matched,241,Yes,No,Christiana Healthcare,A7,2.966666667,Breast,Infiltrating Ductal Carcinoma
TCGA-A7-A4SE,15,Breast Cancer,Breast Invasive Ductal Carcinoma,0.7743,0.3212,0.28,93,IDC,Primary,Matched,181,Yes,No,Christiana Healthcare,A7,6.133333333,Breast,Infiltrating Ductal Carcinoma
TCGA-A7-A4SF,22,Breast Cancer,Breast Invasive Ductal Carcinoma,0.5960,0.313,0.57,,IDC,Primary,Matched,150,Yes,No,Christiana Healthcare,A7,0,Breast,Infiltrating Ductal Carcinoma
TCGA-A7-A56D,14,Breast Cancer,Breast Invasive Ductal Carcinoma,0.4656,0.2912,0.06,125,IDC,Primary,Matched,220,Yes,No,Christiana Healthcare,A7,8.266666667,Breast,Infiltrating Ductal Carcinoma
TCGA-A7-A5ZV,19,Breast Cancer,Breast Invasive Carcinoma (NOS),0.5955,,0.91,161,BRCNOS,Primary,Matched,378,Yes,No,Christiana Healthcare,A7,5.4,Breast,Infiltrating Carcinoma (NOS)
TCGA-A7-A5ZW,2,Breast Cancer,Breast Invasive Ductal Carcinoma,0.0489,0.2967,0,28,IDC,Primary,Matched,1,Yes,No,Christiana Healthcare,A7,0.966666667,Breast,Infiltrating Ductal Carcinoma
TCGA-A7-A5ZX,3,Breast Cancer,Breast Invasive Lobular Carcinoma,0.0684,0.2904,0,31,ILC,Primary,Matched,28,Yes,No,Christiana Healthcare,A7,2.066666667,Breast,Infiltrating Lobular Carcinoma
TCGA-A7-A6VV,23,Breast Cancer,Breast Invasive Ductal Carcinoma,0.6645,0.3488,0.17,42,IDC,Primary,Matched,346,Yes,No,Christiana Healthcare,A7,1.433333333,Breast,Infiltrating Ductal Carcinoma
TCGA-A7-A6VW,13,Breast Cancer,Breast Invasive Ductal Carcinoma,0.5937,0.3487,0.47,56,IDC,Primary,Matched,137,Yes,No,Christiana Healthcare,A7,1.866666667,Breast,Infiltrating Ductal Carcinoma
TCGA-A7-A6VX,17,Breast Cancer,Breast Invasive Ductal Carcinoma,0.6347,0.355,1.31,119,IDC,Primary,Matched,264,Yes,No,Christiana Healthcare,A7,3.966666667,Breast,Infiltrating Ductal Carcinoma
TCGA-A7-A6VY,7,Breast Cancer,Breast Invasive Ductal Carcinoma,0.4614,0.3463,0.26,92,IDC,Primary,Matched,218,Yes,No,Christiana Healthcare,A7,3.166666667,Breast,Infiltrating Ductal Carcinoma
TCGA-A8-A06N,21,Breast Cancer,Breast Invasive Ductal Carcinoma,0.5584,,0.72,34,IDC,Primary,Matched,49,No,Yes,Indivumed,A8,1.133333333,Breast,Infiltrating Ductal Carcinoma
TCGA-A8-A06O,22,Breast Cancer,Breast Invasive Ductal Carcinoma,0.3914,0.2642,0.85,69,IDC,Primary,Matched,114,No,Yes,Indivumed,A8,2.3,Breast,Infiltrating Ductal Carcinoma
TCGA-A8-A06P,5,Breast Cancer,Breast Invasive Ductal Carcinoma,0.0945,0.2424,0.04,32,IDC,Primary,Matched,33,No,Yes,Indivumed,A8,1.066666667,Breast,Infiltrating Ductal Carcinoma
TCGA-A8-A06Q,20,Breast Cancer,Breast Invasive Ductal Carcinoma,0.6549,0.3039,0.37,212,IDC,Primary,Matched,446,No,Yes,Indivumed,A8,7.2,Breast,Infiltrating Ductal Carcinoma
TCGA-A8-A06R,20,Breast Cancer,Breast Invasive Ductal Carcinoma,0.5927,0.3035,1.23,58,IDC,Primary,Matched,1101,No,Yes,Indivumed,A8,1.933333333,Breast,Infiltrating Ductal Carcinoma
TCGA-A8-A06T,27,Breast Cancer,Breast Invasive Ductal Carcinoma,0.7708,0.2516,0.2,26,IDC,Primary,Matched,77,No,Yes,Indivumed,A8,0.866666667,Breast,Infiltrating Ductal Carcinoma
TCGA-A8-A06U,19,Breast Cancer,Breast Invasive Ductal Carcinoma,0.6192,0.2916,1.75,63,IDC,Primary,Matched,779,No,Yes,Indivumed,A8,2.1,Breast,Infiltrating Ductal Carcinoma
TCGA-A8-A06X,11,Breast Cancer,Breast Invasive Ductal Carcinoma,0.6033,0.2615,0.54,186,IDC,Primary,Matched,274,No,Yes,Indivumed,A8,6.166666667,Breast,Infiltrating Ductal Carcinoma
TCGA-A8-A06Y,12,Breast Cancer,Breast Invasive Ductal Carcinoma,0.3042,0.2632,0.87,28,IDC,Primary,Matched,20,No,Yes,Indivumed,A8,0.966666667,Breast,Infiltrating Ductal Carcinoma
TCGA-A8-A06Z,24,Breast Cancer,Breast Invasive Ductal Carcinoma,0.7074,0.2674,1.69,70,IDC,Primary,Matched,214,No,Yes,Indivumed,A8,2.333333333,Breast,Infiltrating Ductal Carcinoma
TCGA-A8-A075,19,Breast Cancer,Breast Invasive Ductal Carcinoma,0.5033,0.2806,0.47,77,IDC,Primary,Matched,137,No,Yes,Indivumed,A8,2.5,Breast,Infiltrating Ductal Carcinoma
TCGA-A8-A076,20,Breast Cancer,Breast Invasive Ductal Carcinoma,0.5527,0.2648,0.25,70,IDC,Primary,Matched,136,No,Yes,Indivumed,A8,2.366666667,Breast,Infiltrating Ductal Carcinoma
TCGA-A8-A079,14,Breast Cancer,Breast Invasive Ductal Carcinoma,0.3639,0.267,0.95,64,IDC,Primary,Matched,283,No,Yes,Indivumed,A8,2.133333333,Breast,Infiltrating Ductal Carcinoma
TCGA-A8-A07B,16,Breast Cancer,Breast Invasive Ductal Carcinoma,0.3844,0.2543,0.68,64,IDC,Primary,Matched,207,No,Yes,Indivumed,A8,2.133333333,Breast,Infiltrating Ductal Carcinoma
TCGA-A8-A07C,,Breast Cancer,Breast Invasive Ductal Carcinoma,,,1.74,136,IDC,Primary,Matched,312,No,Yes,Indivumed,A8,4.566666667,Breast,Infiltrating Ductal Carcinoma
TCGA-A8-A07E,6,Breast Cancer,Breast Invasive Ductal Carcinoma,0.2136,,0.03,57,IDC,Primary,Matched,93,No,Yes,Indivumed,A8,1.9,Breast,Infiltrating Ductal Carcinoma
TCGA-A8-A07F,22,Breast Cancer,Breast Invasive Ductal Carcinoma,0.6103,0.2604,0.11,27,IDC,Primary,Matched,9,No,Yes,Indivumed,A8,0.933333333,Breast,Infiltrating Ductal Carcinoma
TCGA-A8-A07G,5,Breast Cancer,Breast Invasive Ductal Carcinoma,0.2875,0.2784,0.03,59,IDC,Primary,Matched,119,No,Yes,Indivumed,A8,1.966666667,Breast,Infiltrating Ductal Carcinoma
TCGA-A8-A07I,5,Breast Cancer,Breast Invasive Ductal Carcinoma,0.2446,0.2736,0.43,38,IDC,Primary,Matched,273,No,Yes,Indivumed,A8,1.333333333,Breast,Infiltrating Ductal Carcinoma
TCGA-A8-A07J,6,Breast Cancer,Breast Invasive Ductal Carcinoma,0.1612,0.2569,0.08,37,IDC,Primary,Matched,20,No,Yes,Indivumed,A8,1.233333333,Breast,Infiltrating Ductal Carcinoma
TCGA-A8-A07L,5,Breast Cancer,Breast Invasive Ductal Carcinoma,0.4588,0.2776,1.33,81,IDC,Primary,Matched,274,No,Yes,Indivumed,A8,2.666666667,Breast,Infiltrating Ductal Carcinoma
TCGA-A8-A07O,11,Breast Cancer,Breast Invasive Ductal Carcinoma,0.3136,0.2673,0.07,38,IDC,Primary,Matched,239,No,Yes,Indivumed,A8,1.266666667,Breast,Infiltrating Ductal Carcinoma
TCGA-A8-A07P,5,Breast Cancer,Breast Invasive Ductal Carcinoma,0.2830,0.2679,0.54,46,IDC,Primary,Matched,62,No,Yes,Indivumed,A8,1.533333333,Breast,Infiltrating Ductal Carcinoma
TCGA-A8-A07R,13,Breast Cancer,Breast Invasive Ductal Carcinoma,0.7041,0.2971,3.2,,IDC,Primary,Matched,267,No,Yes,Indivumed,A8,0,Breast,Infiltrating Ductal Carcinoma
TCGA-A8-A07S,5,Breast Cancer,Breast Invasive Carcinoma (NOS),0.1065,,,,BRCNOS,Primary,Matched,13,No,Yes,Indivumed,A8,,Breast,Mixed Histology (NOS)
TCGA-A8-A07U,26,Breast Cancer,Breast Invasive Ductal Carcinoma,0.0901,0.2869,0.01,62,IDC,Primary,Matched,75,No,Yes,Indivumed,A8,2.066666667,Breast,Infiltrating Ductal Carcinoma
TCGA-A8-A07W,26,Breast Cancer,Breast Invasive Ductal Carcinoma,0.4787,0.2628,0.97,128,IDC,Primary,Matched,227,No,Yes,Indivumed,A8,4.3,Breast,Infiltrating Ductal Carcinoma
TCGA-A8-A07Z,11,Breast Cancer,Breast Invasive Ductal Carcinoma,0.8203,0.2957,2.61,14,IDC,Primary,Matched,8,No,Yes,Indivumed,A8,0.5,Breast,Infiltrating Ductal Carcinoma
TCGA-A8-A081,22,Breast Cancer,Breast Invasive Ductal Carcinoma,0.6450,0.2701,0.84,108,IDC,Primary,Matched,181,No,Yes,Indivumed,A8,3.666666667,Breast,Infiltrating Ductal Carcinoma
TCGA-A8-A082,5,Breast Cancer,Breast Invasive Ductal Carcinoma,0.1231,0.2483,0.1,20,IDC,Primary,Matched,38,No,Yes,Indivumed,A8,0.666666667,Breast,Infiltrating Ductal Carcinoma
TCGA-A8-A083,8,Breast Cancer,Breast Invasive Ductal Carcinoma,0.1819,0.2715,0.2,29,IDC,Primary,Matched,12,No,Yes,Indivumed,A8,0.966666667,Breast,Infiltrating Ductal Carcinoma
TCGA-A8-A085,4,Breast Cancer,Breast Invasive Ductal Carcinoma,0.2398,0.2599,0.45,61,IDC,Primary,Matched,87,No,Yes,Indivumed,A8,2,Breast,Infiltrating Ductal Carcinoma
TCGA-A8-A086,13,Breast Cancer,Breast Invasive Ductal Carcinoma,0.2758,,0.31,18,IDC,Primary,Matched,53,No,Yes,Indivumed,A8,0.6,Breast,Infiltrating Ductal Carcinoma
TCGA-A8-A08A,3,Breast Cancer,Breast Invasive Ductal Carcinoma,0.0864,,0.06,24,IDC,Primary,Matched,12,No,Yes,Indivumed,A8,0.8,Breast,Infiltrating Ductal Carcinoma
TCGA-A8-A08B,19,Breast Cancer,Breast Invasive Ductal Carcinoma,0.3997,0.2653,0.63,47,IDC,Primary,Matched,229,No,Yes,Indivumed,A8,1.566666667,Breast,Infiltrating Ductal Carcinoma
TCGA-A8-A08C,15,Breast Cancer,Breast Invasive Ductal Carcinoma,0.6502,0.2634,0.16,,IDC,Primary,Matched,1,No,Yes,Indivumed,A8,,Breast,Infiltrating Ductal Carcinoma
TCGA-A8-A08G,24,Breast Cancer,Breast Invasive Ductal Carcinoma,0.5338,0.2544,0.35,44,IDC,Primary,Matched,257,No,Yes,Indivumed,A8,1.466666667,Breast,Infiltrating Ductal Carcinoma
TCGA-A8-A08H,0,Breast Cancer,Breast Invasive Ductal Carcinoma,0.0000,0.2613,0.02,107,IDC,Primary,Matched,4,No,Yes,Indivumed,A8,3.566666667,Breast,Infiltrating Ductal Carcinoma
TCGA-A8-A08I,19,Breast Cancer,Breast Invasive Ductal Carcinoma,0.6372,,1.21,33,IDC,Primary,Matched,266,No,Yes,Indivumed,A8,1.133333333,Breast,Infiltrating Ductal Carcinoma
TCGA-A8-A08J,16,Breast Cancer,Breast Invasive Ductal Carcinoma,0.4491,0.271,0.49,35,IDC,Primary,Matched,383,No,Yes,Indivumed,A8,1.2,Breast,Infiltrating Ductal Carcinoma
TCGA-A8-A08L,9,Breast Cancer,Breast Invasive Ductal Carcinoma,0.5383,0.2911,1,195,IDC,Primary,Matched,149,No,Yes,Indivumed,A8,6.533333333,Breast,Infiltrating Ductal Carcinoma
TCGA-A8-A08O,7,Breast Cancer,Breast Invasive Ductal Carcinoma,0.6432,0.2784,0.08,21,IDC,Primary,Matched,317,No,Yes,Indivumed,A8,0.7,Breast,Infiltrating Ductal Carcinoma
TCGA-A8-A08P,,Breast Cancer,Breast Invasive Ductal Carcinoma,0.5434,0.26,0.19,66,IDC,Primary,Matched,517,No,Yes,Indivumed,A8,2.2,Breast,Infiltrating Ductal Carcinoma
TCGA-A8-A08R,17,Breast Cancer,Breast Invasive Ductal Carcinoma,0.5152,0.2989,0.41,227,IDC,Primary,Matched,179,No,Yes,Indivumed,A8,7.566666667,Breast,Infiltrating Ductal Carcinoma
TCGA-A8-A08T,8,Breast Cancer,Breast Invasive Ductal Carcinoma,0.2105,0.2501,0.24,39,IDC,Primary,Matched,83,No,Yes,Indivumed,A8,1.3,Breast,Infiltrating Ductal Carcinoma
TCGA-A8-A08X,23,Breast Cancer,Breast Invasive Ductal Carcinoma,0.3454,0.266,0,33,IDC,Primary,Matched,190,No,Yes,Indivumed,A8,1.1,Breast,Infiltrating Ductal Carcinoma
TCGA-A8-A08Z,6,Breast Cancer,Breast Invasive Ductal Carcinoma,0.1054,0.251,0.16,29,IDC,Primary,Matched,31,No,Yes,Indivumed,A8,0.966666667,Breast,Infiltrating Ductal Carcinoma
TCGA-A8-A090,17,Breast Cancer,Breast Invasive Ductal Carcinoma,0.2863,0.2517,0.5,34,IDC,Primary,Matched,141,No,Yes,Indivumed,A8,1.133333333,Breast,Infiltrating Ductal Carcinoma
TCGA-A8-A091,17,Breast Cancer,Breast Invasive Ductal Carcinoma,0.3068,0.277,0.28,19,IDC,Primary,Matched,90,No,Yes,Indivumed,A8,0.633333333,Breast,Infiltrating Ductal Carcinoma
TCGA-A8-A092,24,Breast Cancer,Breast Invasive Ductal Carcinoma,0.5728,0.2734,1.22,70,IDC,Primary,Matched,40,No,Yes,Indivumed,A8,2.366666667,Breast,Infiltrating Ductal Carcinoma
TCGA-A8-A093,22,Breast Cancer,Breast Invasive Ductal Carcinoma,0.4219,0.2626,0.42,91,IDC,Primary,Matched,29,No,Yes,Indivumed,A8,3.033333333,Breast,Infiltrating Ductal Carcinoma
TCGA-A8-A094,11,Breast Cancer,Breast Invasive Ductal Carcinoma,0.4871,0.2589,0.36,173,IDC,Primary,Matched,216,No,Yes,Indivumed,A8,5.766666667,Breast,Infiltrating Ductal Carcinoma
TCGA-A8-A095,9,Breast Cancer,Breast Invasive Ductal Carcinoma,0.0741,0.2437,0.2,128,IDC,Primary,Matched,9,No,Yes,Indivumed,A8,4.266666667,Breast,Infiltrating Ductal Carcinoma
TCGA-A8-A096,2,Breast Cancer,Breast Invasive Ductal Carcinoma,0.0683,0.2556,0.1,29,IDC,Primary,Matched,4,No,Yes,Indivumed,A8,0.966666667,Breast,Infiltrating Ductal Carcinoma
TCGA-A8-A097,17,Breast Cancer,Breast Invasive Ductal Carcinoma,0.3867,0.277,0.29,89,IDC,Primary,Matched,232,No,Yes,Indivumed,A8,3.033333333,Breast,Infiltrating Ductal Carcinoma
TCGA-A8-A099,5,Breast Cancer,Breast Invasive Ductal Carcinoma,0.1923,0.2753,0.62,27,IDC,Primary,Matched,27,No,Yes,Indivumed,A8,0.9,Breast,Infiltrating Ductal Carcinoma
TCGA-A8-A09A,13,Breast Cancer,Breast Invasive Ductal Carcinoma,0.4260,0.256,0.03,206,IDC,Primary,Matched,196,No,Yes,Indivumed,A8,6.966666667,Breast,Infiltrating Ductal Carcinoma
TCGA-A8-A09B,26,Breast Cancer,Breast Invasive Ductal Carcinoma,0.5104,0.2659,0.27,40,IDC,Primary,Matched,49,No,Yes,Indivumed,A8,1.333333333,Breast,Infiltrating Ductal Carcinoma
TCGA-A8-A09C,19,Breast Cancer,Breast Invasive Ductal Carcinoma,0.4981,0.2644,1.23,25,IDC,Primary,Matched,214,No,Yes,Indivumed,A8,0.8,Breast,Infiltrating Ductal Carcinoma
TCGA-A8-A09D,4,Breast Cancer,Breast Invasive Ductal Carcinoma,0.2338,0.2589,0.16,35,IDC,Primary,Matched,351,No,Yes,Indivumed,A8,1.3,Breast,Infiltrating Ductal Carcinoma
TCGA-A8-A09G,9,Breast Cancer,Breast Invasive Ductal Carcinoma,0.2213,0.2422,0.11,238,IDC,Primary,Matched,70,No,Yes,Indivumed,A8,8.033333333,Breast,Infiltrating Ductal Carcinoma
TCGA-A8-A09I,16,Breast Cancer,Breast Invasive Ductal Carcinoma,0.3571,0.275,0.21,128,IDC,Primary,Matched,231,No,Yes,Indivumed,A8,4.3,Breast,Infiltrating Ductal Carcinoma
TCGA-A8-A09M,2,Breast Cancer,Breast Invasive Ductal Carcinoma,0.4565,0.2519,0.31,131,IDC,Primary,Matched,148,No,Yes,Indivumed,A8,4.366666667,Breast,Infiltrating Ductal Carcinoma
TCGA-A8-A09N,14,Breast Cancer,Breast Invasive Ductal Carcinoma,0.6977,0.2927,0.97,58,IDC,Primary,Matched,327,No,Yes,Indivumed,A8,1.966666667,Breast,Infiltrating Ductal Carcinoma
TCGA-A8-A09Q,24,Breast Cancer,Breast Invasive Ductal Carcinoma,0.5959,0.2681,0.94,129,IDC,Primary,Matched,598,No,Yes,Indivumed,A8,4.3,Breast,Infiltrating Ductal Carcinoma
TCGA-A8-A09R,20,Breast Cancer,Breast Invasive Ductal Carcinoma,0.4749,,0.41,66,IDC,Primary,Matched,105,No,Yes,Indivumed,A8,2.166666667,Breast,Infiltrating Ductal Carcinoma
TCGA-A8-A09T,13,Breast Cancer,Breast Invasive Lobular Carcinoma,0.0930,0.282,0.26,22,ILC,Primary,Matched,27,No,Yes,Indivumed,A8,0.733333333,Breast,Infiltrating Lobular Carcinoma
TCGA-A8-A09V,3,Breast Cancer,Breast Invasive Lobular Carcinoma,0.0703,0.2656,0.18,30,ILC,Primary,Matched,25,No,Yes,Indivumed,A8,1.033333333,Breast,Infiltrating Lobular Carcinoma
TCGA-A8-A09W,7,Breast Cancer,Breast Invasive Lobular Carcinoma,0.3816,0.2509,0.52,80,ILC,Primary,Matched,111,No,Yes,Indivumed,A8,2.7,Breast,Infiltrating Lobular Carcinoma
TCGA-A8-A09X,21,Breast Cancer,Breast Invasive Lobular Carcinoma,0.1791,0.2478,0.01,47,ILC,Primary,Matched,92,No,Yes,Indivumed,A8,1.533333333,Breast,Infiltrating Lobular Carcinoma
TCGA-A8-A09Z,4,Breast Cancer,Breast Invasive Lobular Carcinoma,0.1205,0.7713,26.38,1095,ILC,Primary,Matched,15,No,Yes,Indivumed,A8,36.93333333,Breast,Infiltrating Lobular Carcinoma
TCGA-A8-A0A1,3,Breast Cancer,Breast Invasive Lobular Carcinoma,0.1170,0.2575,0.03,45,ILC,Primary,Matched,19,No,Yes,Indivumed,A8,1.5,Breast,Infiltrating Lobular Carcinoma
TCGA-A8-A0A2,17,Breast Cancer,Breast Invasive Lobular Carcinoma,0.3321,0.2664,0.12,28,ILC,Primary,Matched,28,No,Yes,Indivumed,A8,0.933333333,Breast,Infiltrating Lobular Carcinoma
TCGA-A8-A0A4,7,Breast Cancer,Breast Invasive Lobular Carcinoma,0.2609,0.2617,0.25,23,ILC,Primary,Matched,82,No,Yes,Indivumed,A8,0.8,Breast,Infiltrating Lobular Carcinoma
TCGA-A8-A0A6,17,Breast Cancer,Breast Invasive Lobular Carcinoma,0.1429,0.2919,0.12,25,ILC,Primary,Matched,56,No,Yes,Indivumed,A8,0.866666667,Breast,Infiltrating Lobular Carcinoma
TCGA-A8-A0A7,15,Breast Cancer,Breast Invasive Lobular Carcinoma,0.0491,0.217,0,194,ILC,Primary,Matched,58,No,Yes,Indivumed,A8,6.5,Breast,Infiltrating Lobular Carcinoma
TCGA-A8-A0A9,33,Breast Cancer,Breast Invasive Ductal Carcinoma,0.4832,0.2626,0.3,51,IDC,Primary,Matched,55,No,Yes,Indivumed,A8,1.733333333,Breast,Infiltrating Ductal Carcinoma
TCGA-A8-A0AB,17,Breast Cancer,Breast Invasive Lobular Carcinoma,0.2947,0.2865,0.22,30,ILC,Primary,Matched,40,No,Yes,Indivumed,A8,1,Breast,Infiltrating Lobular Carcinoma
TCGA-A8-A0AD,8,Breast Cancer,Breast Invasive Carcinoma (NOS),0.1633,0.2601,0.09,24,BRCNOS,Primary,Matched,248,No,Yes,Indivumed,A8,0.8,Breast,Mixed Histology (NOS)
TCGA-AC-A23C,4,Breast Cancer,Breast Invasive Ductal Carcinoma,0.1676,0.3232,0.77,111,IDC,Primary,Matched,196,No,Yes,International Genomics Consortium,AC,3.733333333,Breast,Infiltrating Ductal Carcinoma
TCGA-AC-A23E,19,Breast Cancer,Breast Invasive Ductal Carcinoma,0.1121,0.3013,0.05,19,IDC,Primary,Matched,11,,,International Genomics Consortium,AC,0.633333333,Breast,Infiltrating Ductal Carcinoma
TCGA-AC-A23G,18,Breast Cancer,Breast Invasive Lobular Carcinoma,0.0984,0.3164,0.01,,ILC,Primary,Matched,23,No,Yes,International Genomics Consortium,AC,,Breast,Infiltrating Lobular Carcinoma
TCGA-AC-A23H,16,Breast Cancer,Breast Invasive Ductal Carcinoma,0.2724,0.3208,0.54,4259,IDC,Primary,Matched,215,No,Yes,International Genomics Consortium,AC,142.6666667,Breast,Infiltrating Ductal Carcinoma
TCGA-AC-A2B8,3,Breast Cancer,Breast Invasive Lobular Carcinoma,0.1088,0.3158,0.54,83,ILC,Primary,Matched,28,Yes,No,International Genomics Consortium,AC,2.766666667,Breast,Infiltrating Lobular Carcinoma
TCGA-AC-A2BK,14,Breast Cancer,Breast Invasive Ductal Carcinoma,0.5065,0.3604,2.61,79,IDC,Primary,Matched,199,No,Yes,International Genomics Consortium,AC,2.633333333,Breast,Infiltrating Ductal Carcinoma
TCGA-AC-A2BM,18,Breast Cancer,Breast Invasive Ductal Carcinoma,0.3919,0.3186,0.26,20,IDC,Primary,Matched,267,No,Yes,International Genomics Consortium,AC,0.7,Breast,Infiltrating Ductal Carcinoma
TCGA-AC-A2FB,4,Breast Cancer,Breast Invasive Lobular Carcinoma,0.0024,0.3286,0.01,10,ILC,Primary,Matched,44,No,Yes,International Genomics Consortium,AC,0.333333333,Breast,Infiltrating Lobular Carcinoma
TCGA-AC-A2FE,5,Breast Cancer,Breast Invasive Lobular Carcinoma,0.1862,0.259,0,,ILC,Primary,Matched,60,No,Yes,International Genomics Consortium,AC,0,Breast,Infiltrating Lobular Carcinoma
TCGA-AC-A2FF,0,Breast Cancer,Breast Invasive Lobular Carcinoma,0.0011,0.322,0.21,16,ILC,Primary,Matched,38,No,Yes,International Genomics Consortium,AC,0.533333333,Breast,Infiltrating Lobular Carcinoma
TCGA-AC-A2FG,3,Breast Cancer,Breast Invasive Lobular Carcinoma,0.0788,0.3255,0.66,27,ILC,Primary,Matched,14,No,Yes,International Genomics Consortium,AC,0.9,Breast,Infiltrating Lobular Carcinoma
TCGA-AC-A2FK,0,Breast Cancer,Breast Invasive Lobular Carcinoma,0.0000,0.2964,0,1,ILC,Primary,Matched,0,No,Yes,International Genomics Consortium,AC,0.033333333,Breast,Infiltrating Lobular Carcinoma
TCGA-AC-A2FM,11,Breast Cancer,Breast Invasive Lobular Carcinoma,0.4843,0.3114,0.07,,ILC,Primary,Matched,124,No,Yes,International Genomics Consortium,AC,0,Breast,Infiltrating Lobular Carcinoma
TCGA-AC-A2FO,2,Breast Cancer,Breast Invasive Lobular Carcinoma,0.1185,0.3027,0,24,ILC,Primary,Matched,49,No,Yes,International Genomics Consortium,AC,0.8,Breast,Infiltrating Lobular Carcinoma
TCGA-AC-A2QH,18,Breast Cancer,Metaplastic Breast Cancer,0.4092,0.3517,1.54,27,MBC,Primary,Matched,163,Yes,No,International Genomics Consortium,AC,0.9,Breast,Metaplastic Carcinoma
TCGA-AC-A2QI,5,Breast Cancer,Breast Invasive Lobular Carcinoma,0.0938,0.3177,0,,ILC,Primary,Matched,12,Yes,No,International Genomics Consortium,AC,,Breast,Infiltrating Lobular Carcinoma
TCGA-AC-A2QJ,23,Breast Cancer,Metaplastic Breast Cancer,0.1854,0.3069,0,,MBC,Primary,Matched,25,Yes,No,International Genomics Consortium,AC,0,Breast,Metaplastic Carcinoma
TCGA-AC-A3BB,13,Breast Cancer,Breast Invasive Lobular Carcinoma,0.1171,0.3178,0,,ILC,Primary,Matched,8,Yes,No,International Genomics Consortium,AC,,Breast,Infiltrating Lobular Carcinoma
TCGA-AC-A3EH,13,Breast Cancer,Breast Invasive Lobular Carcinoma,0.3579,0.3295,0.18,,ILC,Primary,Matched,57,Yes,No,International Genomics Consortium,AC,0,Breast,Infiltrating Lobular Carcinoma
TCGA-AC-A3HN,5,Breast Cancer,Breast Invasive Lobular Carcinoma,0.1499,0.2907,0.02,13,ILC,Primary,Matched,19,Yes,No,International Genomics Consortium,AC,0.433333333,Breast,Infiltrating Lobular Carcinoma
TCGA-AC-A3OD,6,Breast Cancer,Breast Invasive Lobular Carcinoma,0.2670,0.2962,0.05,28,ILC,Primary,Matched,111.5,Yes,No,International Genomics Consortium,AC,0.933333333,Breast,Infiltrating Lobular Carcinoma
TCGA-AC-A3QP,2,Breast Cancer,Breast Invasive Lobular Carcinoma,0.0716,0.2972,0,22,ILC,Primary,Matched,15,Yes,No,International Genomics Consortium,AC,0.733333333,Breast,Infiltrating Lobular Carcinoma
TCGA-AC-A3QQ,6,Breast Cancer,Breast Invasive Lobular Carcinoma,0.1273,0.3129,0.45,26,ILC,Primary,Matched,53,Yes,No,International Genomics Consortium,AC,0.866666667,Breast,Infiltrating Lobular Carcinoma
TCGA-AC-A3TM,5,Breast Cancer,Breast Invasive Lobular Carcinoma,0.1223,0.3054,0,,ILC,Primary,Matched,54,Yes,No,International Genomics Consortium,AC,0,Breast,Infiltrating Lobular Carcinoma
TCGA-AC-A3TN,4,Breast Cancer,Breast Invasive Lobular Carcinoma,0.0710,0.3194,0,,ILC,Primary,Matched,3,Yes,No,International Genomics Consortium,AC,0,Breast,Infiltrating Lobular Carcinoma
TCGA-AC-A3W5,23,Breast Cancer,Breast Invasive Lobular Carcinoma,0.3754,0.3228,0.05,118,ILC,Primary,Matched,154,Yes,No,International Genomics Consortium,AC,4.033333333,Breast,Infiltrating Lobular Carcinoma
TCGA-AC-A3W6,6,Breast Cancer,Breast Invasive Lobular Carcinoma,0.1051,0.3196,0,,ILC,Primary,Matched,5,Yes,No,International Genomics Consortium,AC,,Breast,Infiltrating Lobular Carcinoma
TCGA-AC-A3W7,8,Breast Cancer,Breast Invasive Lobular Carcinoma,0.1454,0.3095,0.01,,ILC,Primary,Matched,9,Yes,No,International Genomics Consortium,AC,0,Breast,Infiltrating Lobular Carcinoma
TCGA-AC-A3YI,0,Breast Cancer,Breast Invasive Lobular Carcinoma,0.0325,0.281,0,14,ILC,Primary,Matched,48,Yes,No,International Genomics Consortium,AC,0.466666667,Breast,Infiltrating Lobular Carcinoma
TCGA-AC-A3YJ,1,Breast Cancer,Breast Invasive Carcinoma (NOS),0.0443,0.2942,0,17,BRCNOS,Primary,Matched,11,Yes,No,International Genomics Consortium,AC,0.566666667,Breast,Other
TCGA-AC-A4ZE,7,Breast Cancer,Breast Invasive Lobular Carcinoma,0.1820,0.3411,0.43,45,ILC,Primary,Matched,49,Yes,No,International Genomics Consortium,AC,1.5,Breast,Infiltrating Lobular Carcinoma
TCGA-AC-A5EH,25,Breast Cancer,Breast Invasive Ductal Carcinoma,0.2183,0.3111,0.08,130,IDC,Primary,Matched,138,Yes,No,International Genomics Consortium,AC,4.3,Breast,Infiltrating Ductal Carcinoma
TCGA-AC-A5EI,8,Breast Cancer,Breast Invasive Carcinoma (NOS),0.1868,0.3203,0.16,29,BRCNOS,Primary,Matched,48,Yes,No,International Genomics Consortium,AC,0.966666667,Breast,Other
TCGA-AC-A5XS,9,Breast Cancer,Breast Invasive Lobular Carcinoma,0.2478,0.3059,0,400,ILC,Primary,Matched,42,Yes,No,International Genomics Consortium,AC,27.13333333,Breast,Infiltrating Lobular Carcinoma
TCGA-AC-A5XU,4,Breast Cancer,Breast Invasive Ductal Carcinoma,0.5906,0.3039,0.25,57,IDC,Primary,Matched,435,Yes,No,International Genomics Consortium,AC,1.866666667,Breast,Infiltrating Ductal Carcinoma
TCGA-AC-A62V,18,Breast Cancer,Breast Invasive Ductal Carcinoma,0.4895,0.3584,0.07,68,IDC,Primary,Matched,313,Yes,No,International Genomics Consortium,AC,2.266666667,Breast,Infiltrating Ductal Carcinoma
TCGA-AC-A62X,29,Breast Cancer,Breast Invasive Ductal Carcinoma,0.5697,0.3234,0.68,53,IDC,Primary,Matched,58,Yes,No,International Genomics Consortium,AC,1.766666667,Breast,Infiltrating Ductal Carcinoma
TCGA-AC-A62Y,22,Breast Cancer,Breast Invasive Lobular Carcinoma,0.4145,0.2991,0.02,56,ILC,Primary,Matched,51,Yes,No,International Genomics Consortium,AC,1.9,Breast,Infiltrating Lobular Carcinoma
TCGA-AC-A6IV,6,Breast Cancer,Breast Invasive Lobular Carcinoma,0.0215,0.3393,0,18,ILC,Primary,Matched,24,Yes,No,International Genomics Consortium,AC,0.6,Breast,Infiltrating Lobular Carcinoma
TCGA-AC-A6IW,13,Breast Cancer,Breast Invasive Ductal Carcinoma,0.1742,0.3474,0.32,130,IDC,Primary,Matched,224,Yes,No,International Genomics Consortium,AC,4.366666667,Breast,Infiltrating Ductal Carcinoma
TCGA-AC-A6IX,5,Breast Cancer,Breast Invasive Lobular Carcinoma,0.1912,0.3363,0,48,ILC,Primary,Matched,116,Yes,No,International Genomics Consortium,AC,1.633333333,Breast,Infiltrating Lobular Carcinoma
TCGA-AC-A6NO,8,Breast Cancer,Breast Invasive Ductal Carcinoma,0.1481,0.331,0.01,26,IDC,Primary,Matched,4,Yes,No,International Genomics Consortium,AC,0.866666667,Breast,Infiltrating Ductal Carcinoma
TCGA-AC-A7VB,8,Breast Cancer,Breast Invasive Ductal Carcinoma,0.2511,0.3405,0.19,21,IDC,Primary,Matched,257,Yes,No,International Genomics Consortium,AC,0.733333333,Breast,Infiltrating Ductal Carcinoma
TCGA-AC-A7VC,1,Breast Cancer,Metaplastic Breast Cancer,0.2899,0.3371,0.02,16,MBC,Primary,Matched,33,Yes,No,International Genomics Consortium,AC,0.5,Breast,Metaplastic Carcinoma
TCGA-AC-A8OP,20,Breast Cancer,Breast Invasive Ductal Carcinoma,0.2658,0.3014,0.05,137,IDC,Primary,Matched,186,Yes,No,International Genomics Consortium,AC,4.633333333,Breast,Infiltrating Ductal Carcinoma
TCGA-AC-A8OQ,23,Breast Cancer,Breast Invasive Ductal Carcinoma,0.2666,0.3364,0.32,77,IDC,Primary,Matched,457,Yes,No,International Genomics Consortium,AC,2.6,Breast,Infiltrating Ductal Carcinoma
TCGA-AC-A8OR,1,Breast Cancer,Breast Invasive Mixed Mucinous Carcinoma,0.0328,0.3115,0.06,58,IMMC,Primary,Matched,13,Yes,No,International Genomics Consortium,AC,1.933333333,Breast,Mucinous Carcinoma
TCGA-AC-A8OS,8,Breast Cancer,Breast Invasive Lobular Carcinoma,0.1344,0.3361,0.01,41,ILC,Primary,Matched,5,Yes,No,International Genomics Consortium,AC,1.366666667,Breast,Infiltrating Lobular Carcinoma
TCGA-AN-A03X,14,Breast Cancer,Breast Invasive Ductal Carcinoma,0.3072,0.271,0.22,35,IDC,Primary,Matched,56,No,Yes,Cureline,AN,1.166666667,Breast,Infiltrating Ductal Carcinoma
TCGA-AN-A03Y,24,Breast Cancer,Breast Invasive Ductal Carcinoma,0.3773,0.2659,0.92,26,IDC,Primary,Matched,41,No,Yes,Cureline,AN,0.933333333,Breast,Infiltrating Ductal Carcinoma
TCGA-AN-A041,14,Breast Cancer,Breast Invasive Ductal Carcinoma,0.3265,0.2731,0.32,28,IDC,Primary,Matched,117,No,Yes,Cureline,AN,0.933333333,Breast,Infiltrating Ductal Carcinoma
TCGA-AN-A046,7,Breast Cancer,Breast Invasive Ductal Carcinoma,0.0264,0.2695,0.04,5400,IDC,Primary,Matched,23,No,Yes,Cureline,AN,180.8333333,Breast,Infiltrating Ductal Carcinoma
TCGA-AN-A049,10,Breast Cancer,Breast Invasive Ductal Carcinoma,0.3796,0.2375,0.37,28,IDC,Primary,Matched,127,No,Yes,Cureline,AN,0.966666667,Breast,Infiltrating Ductal Carcinoma
TCGA-AN-A04A,14,Breast Cancer,Breast Invasive Ductal Carcinoma,0.5374,0.2812,0.34,40,IDC,Primary,Matched,163,No,Yes,Cureline,AN,1.366666667,Breast,Infiltrating Ductal Carcinoma
TCGA-AN-A04C,19,Breast Cancer,Breast Invasive Ductal Carcinoma,0.3390,0.2757,0.75,67,IDC,Primary,Matched,260,No,Yes,Cureline,AN,2.233333333,Breast,Infiltrating Ductal Carcinoma
TCGA-AN-A04D,4,Breast Cancer,Breast Invasive Ductal Carcinoma,0.3686,0.2756,0.66,83,IDC,Primary,Matched,93,No,Yes,Cureline,AN,2.8,Breast,Infiltrating Ductal Carcinoma
TCGA-AN-A0AJ,16,Breast Cancer,Breast Invasive Ductal Carcinoma,0.6855,0.252,1.25,77,IDC,Primary,Matched,438,No,Yes,Cureline,AN,2.566666667,Breast,Infiltrating Ductal Carcinoma
TCGA-AN-A0AK,12,Breast Cancer,Breast Invasive Ductal Carcinoma,0.2818,0.8283,32.92,1118,IDC,Primary,Matched,32,No,Yes,Cureline,AN,37.36666667,Breast,Infiltrating Ductal Carcinoma
TCGA-AN-A0AL,6,Breast Cancer,Breast Invasive Ductal Carcinoma,0.4407,0.3054,0.87,80,IDC,Primary,Matched,196,No,Yes,Cureline,AN,2.666666667,Breast,Infiltrating Ductal Carcinoma
TCGA-AN-A0AM,21,Breast Cancer,Breast Invasive Ductal Carcinoma,0.2787,0.2894,0.09,88,IDC,Primary,Matched,700,No,Yes,Cureline,AN,2.933333333,Breast,Infiltrating Ductal Carcinoma
TCGA-AN-A0AR,10,Breast Cancer,Breast Invasive Ductal Carcinoma,0.5378,0.2932,2.5,111,IDC,Primary,Matched,394,No,Yes,Cureline,AN,3.666666667,Breast,Infiltrating Ductal Carcinoma
TCGA-AN-A0AS,24,Breast Cancer,Breast Invasive Ductal Carcinoma,0.2493,0.2944,0.25,42,IDC,Primary,Matched,391,No,Yes,Cureline,AN,1.4,Breast,Infiltrating Ductal Carcinoma
TCGA-AN-A0AT,8,Breast Cancer,Breast Invasive Ductal Carcinoma,0.4552,0.2819,1.3,117,IDC,Primary,Matched,270,No,Yes,Cureline,AN,3.933333333,Breast,Infiltrating Ductal Carcinoma
TCGA-AN-A0FD,6,Breast Cancer,Breast Invasive Ductal Carcinoma,0.1710,0.3047,0.25,31,IDC,Primary,Matched,255,No,Yes,Cureline,AN,1.066666667,Breast,Infiltrating Ductal Carcinoma
TCGA-AN-A0FF,4,Breast Cancer,Breast Invasive Ductal Carcinoma,0.1509,0.2735,0.05,20,IDC,Primary,Matched,25,No,Yes,Cureline,AN,0.666666667,Breast,Infiltrating Ductal Carcinoma
TCGA-AN-A0FJ,12,Breast Cancer,Breast Invasive Ductal Carcinoma,0.6191,0.2694,1.15,78,IDC,Primary,Matched,557,No,Yes,Cureline,AN,2.633333333,Breast,Infiltrating Ductal Carcinoma
TCGA-AN-A0FK,23,Breast Cancer,Breast Invasive Ductal Carcinoma,0.5521,0.2848,0.07,34,IDC,Primary,Matched,27,No,Yes,Cureline,AN,1.166666667,Breast,Infiltrating Ductal Carcinoma
TCGA-AN-A0FL,7,Breast Cancer,Breast Invasive Ductal Carcinoma,0.5381,0.2919,0.62,151,IDC,Primary,Matched,293,No,Yes,Cureline,AN,5.066666667,Breast,Infiltrating Ductal Carcinoma
TCGA-AN-A0FN,3,Breast Cancer,Breast Invasive Lobular Carcinoma,0.0004,0.3094,0.05,38,ILC,Primary,Matched,10,No,Yes,Cureline,AN,1.333333333,Breast,Infiltrating Lobular Carcinoma
TCGA-AN-A0FS,3,Breast Cancer,Breast Invasive Lobular Carcinoma,0.1049,0.3024,0.1,61,ILC,Primary,Matched,49,No,Yes,Cureline,AN,2.033333333,Breast,Infiltrating Lobular Carcinoma
TCGA-AN-A0FT,19,Breast Cancer,Breast Invasive Ductal Carcinoma,0.5805,0.2927,0.5,83,IDC,Primary,Matched,400,No,Yes,Cureline,AN,2.8,Breast,Infiltrating Ductal Carcinoma
TCGA-AN-A0FV,19,Breast Cancer,Breast Invasive Ductal Carcinoma,0.5399,0.2554,0.67,81,IDC,Primary,Matched,199,No,Yes,Cureline,AN,2.7,Breast,Infiltrating Ductal Carcinoma
TCGA-AN-A0FW,20,Breast Cancer,Breast Invasive Ductal Carcinoma,0.1949,0.3358,0.56,108,IDC,Primary,Matched,290,No,Yes,Cureline,AN,3.566666667,Breast,Infiltrating Ductal Carcinoma
TCGA-AN-A0FX,14,Breast Cancer,Breast Invasive Ductal Carcinoma,0.5402,0.3678,0.53,117,IDC,Primary,Matched,193,No,Yes,Cureline,AN,4,Breast,Infiltrating Ductal Carcinoma
TCGA-AN-A0FY,19,Breast Cancer,Breast Invasive Ductal Carcinoma,0.3500,0.2826,1.39,49,IDC,Primary,Matched,195,No,Yes,Cureline,AN,1.6,Breast,Infiltrating Ductal Carcinoma
TCGA-AN-A0FZ,16,Breast Cancer,Breast Invasive Ductal Carcinoma,0.4504,0.2641,0.5,67,IDC,Primary,Matched,446,No,Yes,Cureline,AN,2.233333333,Breast,Infiltrating Ductal Carcinoma
TCGA-AN-A0G0,,Breast Cancer,Breast Invasive Ductal Carcinoma,,0.3083,0.73,32,IDC,Primary,Matched,3662,No,Yes,Cureline,AN,1.066666667,Breast,Infiltrating Ductal Carcinoma
TCGA-AN-A0XL,13,Breast Cancer,Breast Invasive Ductal Carcinoma,0.3332,,0.09,33,IDC,Primary,Matched,37,No,Yes,Cureline,AN,1.1,Breast,Infiltrating Ductal Carcinoma
TCGA-AN-A0XN,12,Breast Cancer,Breast Invasive Ductal Carcinoma,0.5133,0.3135,0.45,146,IDC,Primary,Matched,443,No,Yes,Cureline,AN,4.866666667,Breast,Infiltrating Ductal Carcinoma
TCGA-AN-A0XO,4,Breast Cancer,Breast Invasive Ductal Carcinoma,0.2092,0.3185,0.1,34,IDC,Primary,Matched,44,No,Yes,Cureline,AN,1.1,Breast,Infiltrating Ductal Carcinoma
TCGA-AN-A0XP,14,Breast Cancer,Breast Invasive Ductal Carcinoma,0.1617,0.2804,0.03,25,IDC,Primary,Matched,9,No,Yes,Cureline,AN,0.866666667,Breast,Infiltrating Ductal Carcinoma
TCGA-AN-A0XR,6,Breast Cancer,Breast Invasive Ductal Carcinoma,0.1201,0.2961,0.36,30,IDC,Primary,Matched,53,No,Yes,Cureline,AN,1,Breast,Infiltrating Ductal Carcinoma
TCGA-AN-A0XS,19,Breast Cancer,Breast Invasive Ductal Carcinoma,0.0804,0.2944,0.04,26,IDC,Primary,Matched,6,No,Yes,Cureline,AN,0.866666667,Breast,Infiltrating Ductal Carcinoma
TCGA-AN-A0XT,9,Breast Cancer,Breast Invasive Ductal Carcinoma,0.3076,0.2982,0.31,11,IDC,Primary,Matched,125,No,Yes,Cureline,AN,0.366666667,Breast,Infiltrating Ductal Carcinoma
TCGA-AN-A0XU,10,Breast Cancer,Breast Invasive Ductal Carcinoma,0.4834,0.3016,1.04,114,IDC,Primary,Matched,341,No,Yes,Cureline,AN,3.833333333,Breast,Infiltrating Ductal Carcinoma
TCGA-AN-A0XV,2,Breast Cancer,Breast Invasive Ductal Carcinoma,0.0851,0.2715,0.08,32,IDC,Primary,Matched,132,No,Yes,Cureline,AN,1.066666667,Breast,Infiltrating Ductal Carcinoma
TCGA-AN-A0XW,6,Breast Cancer,Breast Invasive Ductal Carcinoma,0.2488,0.2638,0.21,288,IDC,Primary,Matched,158,No,Yes,Cureline,AN,9.6,Breast,Infiltrating Ductal Carcinoma
TCGA-AO-A03L,23,Breast Cancer,Breast Invasive Ductal Carcinoma,0.6527,0.2649,0.1,27,IDC,Primary,Matched,201,No,Yes,MSKCC,AO,0.933333333,Breast,Infiltrating Ductal Carcinoma
TCGA-AO-A03M,14,Breast Cancer,Breast Invasive Ductal Carcinoma,0.1630,,0.07,754,IDC,Primary,Matched,131,No,Yes,MSKCC,AO,25.26666667,Breast,Infiltrating Ductal Carcinoma
TCGA-AO-A03N,23,Breast Cancer,Breast Invasive Ductal Carcinoma,0.4975,,0.23,91,IDC,Primary,Matched,138,No,Yes,MSKCC,AO,3,Breast,Infiltrating Ductal Carcinoma
TCGA-AO-A03O,24,Breast Cancer,Breast Invasive Ductal Carcinoma,0.3537,0.2729,0.88,72,IDC,Primary,Matched,499,No,Yes,MSKCC,AO,2.466666667,Breast,Infiltrating Ductal Carcinoma
TCGA-AO-A03P,11,Breast Cancer,Breast Invasive Ductal Carcinoma,0.4219,0.239,1.02,41,IDC,Primary,Matched,392,No,Yes,MSKCC,AO,1.333333333,Breast,Infiltrating Ductal Carcinoma
TCGA-AO-A03R,8,Breast Cancer,Breast Invasive Ductal Carcinoma,0.2442,0.2568,0.09,36,IDC,Primary,Matched,37,No,Yes,MSKCC,AO,1.233333333,Breast,Infiltrating Ductal Carcinoma
TCGA-AO-A03T,6,Breast Cancer,Breast Invasive Ductal Carcinoma,0.2679,0.2639,0.02,89,IDC,Primary,Matched,50,No,Yes,MSKCC,AO,2.966666667,Breast,Infiltrating Ductal Carcinoma
TCGA-AO-A03U,1,Breast Cancer,Breast Invasive Carcinoma (NOS),0.0010,,0.01,5,BRCNOS,Primary,Matched,6,No,Yes,MSKCC,AO,0.166666667,Breast,Other
TCGA-AO-A03V,7,Breast Cancer,Breast Invasive Ductal Carcinoma,0.3132,0.2742,0.23,51,IDC,Primary,Matched,302,No,Yes,MSKCC,AO,1.7,Breast,Infiltrating Ductal Carcinoma
TCGA-AO-A0J2,9,Breast Cancer,Breast Invasive Ductal Carcinoma,0.7158,0.2894,1.15,53,IDC,Primary,Matched,298,No,Yes,MSKCC,AO,1.766666667,Breast,Infiltrating Ductal Carcinoma
TCGA-AO-A0J3,12,Breast Cancer,Breast Invasive Carcinoma (NOS),0.5363,0.288,0.77,76,BRCNOS,Primary,Matched,220,No,Yes,MSKCC,AO,2.533333333,Breast,Other
TCGA-AO-A0J4,19,Breast Cancer,Breast Invasive Ductal Carcinoma,0.4434,0.2752,0.14,101,IDC,Primary,Matched,159,No,Yes,MSKCC,AO,3.466666667,Breast,Infiltrating Ductal Carcinoma
TCGA-AO-A0J5,3,Breast Cancer,Breast Invasive Carcinoma (NOS),0.1273,0.277,0.12,54,BRCNOS,Primary,Matched,111,No,Yes,MSKCC,AO,1.766666667,Breast,Other
TCGA-AO-A0J6,5,Breast Cancer,Breast Invasive Ductal Carcinoma,0.4668,0.2929,0.67,100,IDC,Primary,Matched,164,No,Yes,MSKCC,AO,3.333333333,Breast,Infiltrating Ductal Carcinoma
TCGA-AO-A0J7,15,Breast Cancer,Breast Invasive Carcinoma (NOS),0.7671,0.2727,1.24,18,BRCNOS,Primary,Matched,5,No,Yes,MSKCC,AO,0.6,Breast,Other
TCGA-AO-A0J8,6,Breast Cancer,Breast Invasive Lobular Carcinoma,0.1308,0.2595,0.15,22,ILC,Primary,Matched,3,No,Yes,MSKCC,AO,0.733333333,Breast,Infiltrating Lobular Carcinoma
TCGA-AO-A0J9,17,Breast Cancer,Breast Invasive Lobular Carcinoma,0.3623,0.2677,0.05,106,ILC,Primary,Matched,16,No,Yes,MSKCC,AO,3.566666667,Breast,Infiltrating Lobular Carcinoma
TCGA-AO-A0JA,10,Breast Cancer,Breast Invasive Ductal Carcinoma,0.3029,0.2673,0.11,19,IDC,Primary,Matched,60,No,Yes,MSKCC,AO,0.7,Breast,Infiltrating Ductal Carcinoma
TCGA-AO-A0JB,7,Breast Cancer,Breast Invasive Ductal Carcinoma,0.4249,0.2855,0.96,93,IDC,Primary,Matched,161,No,Yes,MSKCC,AO,3.133333333,Breast,Infiltrating Ductal Carcinoma
TCGA-AO-A0JC,,Breast Cancer,Breast Invasive Ductal Carcinoma,0.0001,0.2592,0.01,136,IDC,Primary,Matched,0,No,Yes,MSKCC,AO,4.566666667,Breast,Infiltrating Ductal Carcinoma
TCGA-AO-A0JD,7,Breast Cancer,Breast Invasive Ductal Carcinoma,0.3929,0.2721,0.18,100,IDC,Primary,Matched,286,No,Yes,MSKCC,AO,3.366666667,Breast,Infiltrating Ductal Carcinoma
TCGA-AO-A0JE,12,Breast Cancer,Breast Invasive Ductal Carcinoma,0.3619,0.2746,0.15,45,IDC,Primary,Matched,259,No,Yes,MSKCC,AO,1.5,Breast,Infiltrating Ductal Carcinoma
TCGA-AO-A0JF,2,Breast Cancer,Breast Invasive Ductal Carcinoma,0.0531,0.2755,0,26,IDC,Primary,Matched,3,No,Yes,MSKCC,AO,0.866666667,Breast,Infiltrating Ductal Carcinoma
TCGA-AO-A0JG,6,Breast Cancer,Breast Invasive Carcinoma (NOS),0.2284,0.2799,0.02,16,BRCNOS,Primary,Matched,109,No,Yes,MSKCC,AO,0.533333333,Breast,Other
TCGA-AO-A0JI,7,Breast Cancer,Breast Invasive Ductal Carcinoma,0.2489,0.2769,0.28,15,IDC,Primary,Matched,48,No,Yes,MSKCC,AO,0.466666667,Breast,Infiltrating Ductal Carcinoma
TCGA-AO-A0JJ,4,Breast Cancer,Breast Invasive Lobular Carcinoma,0.1567,0.2537,0.03,16,ILC,Primary,Matched,13,No,Yes,MSKCC,AO,0.5,Breast,Infiltrating Lobular Carcinoma
TCGA-AO-A0JL,25,Breast Cancer,Breast Invasive Ductal Carcinoma,0.6310,,1.34,,IDC,Primary,Matched,243,No,Yes,MSKCC,AO,0,Breast,Infiltrating Ductal Carcinoma
TCGA-AO-A0JM,15,Breast Cancer,Breast Invasive Ductal Carcinoma,0.3307,0.2626,0.38,35,IDC,Primary,Matched,245,No,Yes,MSKCC,AO,1.166666667,Breast,Infiltrating Ductal Carcinoma
TCGA-AO-A124,15,Breast Cancer,Breast Invasive Carcinoma (NOS),0.7327,0.3181,2.42,135,BRCNOS,Primary,Matched,412,No,Yes,MSKCC,AO,4.533333333,Breast,Other
TCGA-AO-A125,5,Breast Cancer,Breast Invasive Carcinoma (NOS),0.1154,,0.2,31,BRCNOS,Primary,Matched,2,No,Yes,MSKCC,AO,1.033333333,Breast,Other
TCGA-AO-A126,4,Breast Cancer,Breast Invasive Ductal Carcinoma,0.1535,,0.16,20,IDC,Primary,Matched,83,No,Yes,MSKCC,AO,0.633333333,Breast,Infiltrating Ductal Carcinoma
TCGA-AO-A128,25,Breast Cancer,Breast Invasive Ductal Carcinoma,0.1548,0.3857,1.03,826,IDC,Primary,Matched,65,No,Yes,MSKCC,AO,27.96666667,Breast,Infiltrating Ductal Carcinoma
TCGA-AO-A129,9,Breast Cancer,Breast Invasive Ductal Carcinoma,0.3991,,0.07,109,IDC,Primary,Matched,278,No,Yes,MSKCC,AO,3.666666667,Breast,Infiltrating Ductal Carcinoma
TCGA-AO-A12A,25,Breast Cancer,Breast Invasive Ductal Carcinoma,0.1372,0.2771,0.02,14,IDC,Primary,Matched,3,No,Yes,MSKCC,AO,0.466666667,Breast,Infiltrating Ductal Carcinoma
TCGA-AO-A12B,19,Breast Cancer,Breast Invasive Ductal Carcinoma,0.1121,,0.15,18,IDC,Primary,Matched,3,No,Yes,MSKCC,AO,0.6,Breast,Infiltrating Ductal Carcinoma
TCGA-AO-A12D,16,Breast Cancer,Breast Invasive Ductal Carcinoma,0.3250,0.2829,0.07,53,IDC,Primary,Matched,306,No,Yes,MSKCC,AO,1.766666667,Breast,Infiltrating Ductal Carcinoma
TCGA-AO-A12E,18,Breast Cancer,Breast Invasive Lobular Carcinoma,0.4013,,0,27,ILC,Primary,Matched,47,No,Yes,MSKCC,AO,0.9,Breast,Infiltrating Lobular Carcinoma
TCGA-AO-A12F,21,Breast Cancer,Breast Invasive Ductal Carcinoma,0.6214,0.3132,1.59,35,IDC,Primary,Matched,290,No,Yes,MSKCC,AO,1.166666667,Breast,Infiltrating Ductal Carcinoma
TCGA-AO-A12G,6,Breast Cancer,Breast Invasive Carcinoma (NOS),0.2741,,0.16,34,BRCNOS,Primary,Matched,83,No,Yes,MSKCC,AO,1.133333333,Breast,Other
TCGA-AO-A12H,0,Breast Cancer,Breast Invasive Carcinoma (NOS),0.0000,0.2725,0.02,21,BRCNOS,Primary,Matched,4,No,Yes,MSKCC,AO,0.7,Breast,Other
TCGA-AO-A1KO,,Breast Cancer,Breast Invasive Lobular Carcinoma,0.0000,0.3223,0.53,5,ILC,Primary,Matched,2,No,Yes,MSKCC,AO,0.166666667,Breast,Infiltrating Lobular Carcinoma
TCGA-AO-A1KP,7,Breast Cancer,Breast Invasive Ductal Carcinoma,0.1817,0.2922,0.23,16,IDC,Primary,Matched,29,No,Yes,MSKCC,AO,0.533333333,Breast,Infiltrating Ductal Carcinoma
TCGA-AO-A1KQ,,Breast Cancer,Breast Invasive Ductal Carcinoma,0.5026,,,,IDC,Primary,Matched,145,No,Yes,MSKCC,AO,0,Breast,Infiltrating Ductal Carcinoma
TCGA-AO-A1KR,13,Breast Cancer,Breast Invasive Ductal Carcinoma,0.4509,0.313,0.18,63,IDC,Primary,Matched,326,No,Yes,MSKCC,AO,2.133333333,Breast,Infiltrating Ductal Carcinoma
TCGA-AO-A1KS,24,Breast Cancer,Breast Invasive Lobular Carcinoma,0.4859,0.3351,0.26,33,ILC,Primary,Matched,119,No,Yes,MSKCC,AO,1.1,Breast,Infiltrating Lobular Carcinoma
TCGA-AO-A1KT,11,Breast Cancer,Breast Invasive Ductal Carcinoma,0.3513,0.3339,0.96,35,IDC,Primary,Matched,69,No,Yes,MSKCC,AO,1.166666667,Breast,Infiltrating Ductal Carcinoma
TCGA-AQ-A04H,15,Breast Cancer,Breast Invasive Ductal Carcinoma,0.4203,0.2685,0.73,60,IDC,Primary,Matched,240,No,Yes,UNC,AQ,2,Breast,Infiltrating Ductal Carcinoma
TCGA-AQ-A04J,5,Breast Cancer,Breast Invasive Ductal Carcinoma,0.3431,0.2782,0.01,69,IDC,Primary,Matched,118,No,Yes,UNC,AQ,2.3,Breast,Infiltrating Ductal Carcinoma
TCGA-AQ-A04L,19,Breast Cancer,Breast Invasive Ductal Carcinoma,0.5876,,1.8,,IDC,Primary,Matched,488,No,Yes,UNC,AQ,0,Breast,Infiltrating Ductal Carcinoma
TCGA-AQ-A0Y5,20,Breast Cancer,Breast Invasive Ductal Carcinoma,0.4961,0.3277,0.27,56,IDC,Primary,Matched,213,Yes,No,UNC,AQ,1.833333333,Breast,Infiltrating Ductal Carcinoma
TCGA-AQ-A1H2,10,Breast Cancer,Breast Invasive Ductal Carcinoma,0.3295,0.306,0.19,24,IDC,Primary,Matched,89,Yes,No,UNC,AQ,0.8,Breast,Infiltrating Ductal Carcinoma
TCGA-AQ-A1H3,9,Breast Cancer,Breast Invasive Ductal Carcinoma,0.2038,0.3378,0.28,19,IDC,Primary,Matched,6,Yes,No,UNC,AQ,0.666666667,Breast,Infiltrating Ductal Carcinoma
TCGA-AQ-A54N,23,Breast Cancer,Breast Invasive Ductal Carcinoma,0.6816,0.331,1.1,,IDC,Primary,Matched,494,Yes,No,UNC,AQ,0,Breast,Infiltrating Ductal Carcinoma
TCGA-AQ-A54O,20,Breast Cancer,Breast Invasive Ductal Carcinoma,0.4149,0.2926,0.08,18,IDC,Primary,Matched,129,Yes,No,UNC,AQ,0.6,Breast,Infiltrating Ductal Carcinoma
TCGA-AQ-A7U7,10,Breast Cancer,Breast Invasive Lobular Carcinoma,0.2481,0.3192,0,58,ILC,Primary,Matched,51,Yes,No,UNC,AQ,1.933333333,Breast,Infiltrating Lobular Carcinoma
TCGA-AR-A0TP,5,Breast Cancer,Breast Invasive Ductal Carcinoma,0.5144,0.3145,1.38,54,IDC,Primary,Matched,145,No,Yes,Mayo,AR,1.8,Breast,Infiltrating Ductal Carcinoma
TCGA-AR-A0TQ,11,Breast Cancer,Breast Invasive Ductal Carcinoma,0.1275,0.2818,0.13,31,IDC,Primary,Matched,91,No,Yes,Mayo,AR,1.066666667,Breast,Infiltrating Ductal Carcinoma
TCGA-AR-A0TR,19,Breast Cancer,Breast Invasive Ductal Carcinoma,0.6024,0.2857,0.26,31,IDC,Primary,Matched,23,No,Yes,Mayo,AR,1.033333333,Breast,Infiltrating Ductal Carcinoma
TCGA-AR-A0TS,14,Breast Cancer,Breast Invasive Ductal Carcinoma,0.0895,0.2793,0,69,IDC,Primary,Matched,103,No,Yes,Mayo,AR,2.3,Breast,Infiltrating Ductal Carcinoma
TCGA-AR-A0TT,12,Breast Cancer,Breast Invasive Ductal Carcinoma,0.3875,0.2872,0.22,55,IDC,Primary,Matched,485,No,Yes,Mayo,AR,1.833333333,Breast,Infiltrating Ductal Carcinoma
TCGA-AR-A0TU,,Breast Cancer,Breast Invasive Ductal Carcinoma,,0.3095,1.08,64,IDC,Primary,Matched,211,No,Yes,Mayo,AR,2.066666667,Breast,Infiltrating Ductal Carcinoma
TCGA-AR-A0TV,15,Breast Cancer,Breast Invasive Ductal Carcinoma,0.3859,0.2892,0.3,57,IDC,Primary,Matched,278,No,Yes,Mayo,AR,1.9,Breast,Infiltrating Ductal Carcinoma
TCGA-AR-A0TW,16,Breast Cancer,Breast Invasive Ductal Carcinoma,0.4849,0.2729,0.2,48,IDC,Primary,Matched,436,No,Yes,Mayo,AR,1.6,Breast,Infiltrating Ductal Carcinoma
TCGA-AR-A0TX,7,Breast Cancer,Breast Invasive Ductal Carcinoma,0.2237,0.2842,0.08,276,IDC,Primary,Matched,193,No,Yes,Mayo,AR,9.3,Breast,Infiltrating Ductal Carcinoma
TCGA-AR-A0TY,8,Breast Cancer,Breast Invasive Ductal Carcinoma,0.3607,0.2519,0.75,78,IDC,Primary,Matched,263,No,Yes,Mayo,AR,2.7,Breast,Infiltrating Ductal Carcinoma
TCGA-AR-A0TZ,9,Breast Cancer,Breast Invasive Ductal Carcinoma,0.8185,0.3295,0.45,55,IDC,Primary,Matched,83,No,Yes,Mayo,AR,1.866666667,Breast,Infiltrating Ductal Carcinoma
TCGA-AR-A0U0,20,Breast Cancer,Breast Invasive Ductal Carcinoma,0.4875,0.2984,0.78,37,IDC,Primary,Matched,73,No,Yes,Mayo,AR,1.233333333,Breast,Infiltrating Ductal Carcinoma
TCGA-AR-A0U1,6,Breast Cancer,Breast Invasive Ductal Carcinoma,0.4237,0.2682,0.15,78,IDC,Primary,Matched,193,No,Yes,Mayo,AR,2.566666667,Breast,Infiltrating Ductal Carcinoma
TCGA-AR-A0U2,22,Breast Cancer,Breast Invasive Ductal Carcinoma,0.6621,0.3097,1.19,43,IDC,Primary,Matched,167,No,Yes,Mayo,AR,1.433333333,Breast,Infiltrating Ductal Carcinoma
TCGA-AR-A0U3,14,Breast Cancer,Breast Invasive Ductal Carcinoma,0.5081,0.2992,0.58,31,IDC,Primary,Matched,226,No,Yes,Mayo,AR,1.033333333,Breast,Infiltrating Ductal Carcinoma
TCGA-AR-A0U4,11,Breast Cancer,Breast Invasive Ductal Carcinoma,0.4452,,0.17,145,IDC,Primary,Matched,330,No,Yes,Mayo,AR,4.833333333,Breast,Infiltrating Ductal Carcinoma
TCGA-AR-A1AH,12,Breast Cancer,Breast Invasive Ductal Carcinoma,0.9025,0.2878,1.35,79,IDC,Primary,Matched,229,No,Yes,Mayo,AR,2.666666667,Breast,Infiltrating Ductal Carcinoma
TCGA-AR-A1AI,22,Breast Cancer,Breast Invasive Ductal Carcinoma,0.4681,0.2776,0.79,70,IDC,Primary,Matched,258,No,Yes,Mayo,AR,2.333333333,Breast,Medullary Carcinoma
TCGA-AR-A1AJ,33,Breast Cancer,Breast Invasive Ductal Carcinoma,0.0657,0.2632,0,42,IDC,Primary,Matched,42,No,Yes,Mayo,AR,1.4,Breast,Infiltrating Ductal Carcinoma
TCGA-AR-A1AK,14,Breast Cancer,Breast Invasive Lobular Carcinoma,0.2941,0.2496,0.07,57,ILC,Primary,Matched,34,No,Yes,Mayo,AR,1.933333333,Breast,Infiltrating Lobular Carcinoma
TCGA-AR-A1AL,3,Breast Cancer,Breast Invasive Lobular Carcinoma,0.0817,0.251,0.01,24,ILC,Primary,Matched,10,No,Yes,Mayo,AR,0.8,Breast,Infiltrating Lobular Carcinoma
TCGA-AR-A1AM,3,Breast Cancer,Breast Invasive Lobular Carcinoma,0.1216,0.306,0,,ILC,Primary,Matched,14,No,Yes,Mayo,AR,,Breast,Infiltrating Lobular Carcinoma
TCGA-AR-A1AN,9,Breast Cancer,Breast Invasive Ductal Carcinoma,0.3367,0.2497,0.23,26,IDC,Primary,Matched,229,No,Yes,Mayo,AR,0.833333333,Breast,Infiltrating Ductal Carcinoma
TCGA-AR-A1AO,0,Breast Cancer,Breast Invasive Ductal Carcinoma,0.0002,0.261,0,89,IDC,Primary,Matched,7,No,Yes,Mayo,AR,3,Breast,Infiltrating Ductal Carcinoma
TCGA-AR-A1AP,12,Breast Cancer,Breast Invasive Ductal Carcinoma,0.2882,0.288,0.69,32,IDC,Primary,Matched,169,No,Yes,Mayo,AR,1.066666667,Breast,Infiltrating Ductal Carcinoma
TCGA-AR-A1AQ,18,Breast Cancer,Breast Invasive Ductal Carcinoma,0.4982,0.283,0.39,39,IDC,Primary,Matched,90,No,Yes,Mayo,AR,1.266666667,Breast,Infiltrating Ductal Carcinoma
TCGA-AR-A1AR,17,Breast Cancer,Breast Invasive Ductal Carcinoma,0.4696,0.2662,0.03,47,IDC,Primary,Matched,179,No,Yes,Mayo,AR,1.566666667,Breast,Infiltrating Ductal Carcinoma
TCGA-AR-A1AS,6,Breast Cancer,Breast Invasive Ductal Carcinoma,0.1378,0.2916,0.17,29,IDC,Primary,Matched,23,No,Yes,Mayo,AR,0.966666667,Breast,Infiltrating Ductal Carcinoma
TCGA-AR-A1AT,,Breast Cancer,Breast Invasive Lobular Carcinoma,,0.2816,0.07,27,ILC,Primary,Matched,,No,Yes,Mayo,AR,0.9,Breast,Infiltrating Lobular Carcinoma
TCGA-AR-A1AU,6,Breast Cancer,Breast Invasive Ductal Carcinoma,0.2156,0.2861,0.16,19,IDC,Primary,Matched,180,No,Yes,Mayo,AR,0.6,Breast,Infiltrating Ductal Carcinoma
TCGA-AR-A1AV,23,Breast Cancer,Breast Invasive Ductal Carcinoma,0.1890,0.2618,0.47,41,IDC,Primary,Matched,44,No,Yes,Mayo,AR,1.4,Breast,Infiltrating Ductal Carcinoma
TCGA-AR-A1AW,12,Breast Cancer,Breast Invasive Ductal Carcinoma,0.1214,0.2572,0.02,29,IDC,Primary,Matched,78,No,Yes,Mayo,AR,1,Breast,Infiltrating Ductal Carcinoma
TCGA-AR-A1AX,7,Breast Cancer,Breast Invasive Ductal Carcinoma,0.0366,0.2683,0,26,IDC,Primary,Matched,20,No,Yes,Mayo,AR,0.866666667,Breast,Infiltrating Ductal Carcinoma
TCGA-AR-A1AY,13,Breast Cancer,Breast Invasive Ductal Carcinoma,0.5101,0.2776,1.18,57,IDC,Primary,Matched,115,No,Yes,Mayo,AR,1.9,Breast,Infiltrating Ductal Carcinoma
TCGA-AR-A24H,15,Breast Cancer,Breast Invasive Lobular Carcinoma,0.4579,0.2995,0.61,125,ILC,Primary,Matched,164,No,Yes,Mayo,AR,4.166666667,Breast,Infiltrating Lobular Carcinoma
TCGA-AR-A24K,18,Breast Cancer,Breast Invasive Ductal Carcinoma,0.2005,0.3624,1.28,29,IDC,Primary,Matched,103,No,Yes,Mayo,AR,0.966666667,Breast,Infiltrating Ductal Carcinoma
TCGA-AR-A24L,8,Breast Cancer,Breast Invasive Ductal Carcinoma,0.3426,0.3085,0.09,40,IDC,Primary,Matched,84,No,Yes,Mayo,AR,1.333333333,Breast,Infiltrating Ductal Carcinoma
TCGA-AR-A24M,4,Breast Cancer,Breast Invasive Carcinoma (NOS),0.1579,0.3199,0.28,14,BRCNOS,Primary,Matched,26,No,Yes,Mayo,AR,0.466666667,Breast,Mixed Histology (NOS)
TCGA-AR-A24N,3,Breast Cancer,Breast Invasive Ductal Carcinoma,0.1106,0.3066,0.05,32,IDC,Primary,Matched,5,No,Yes,Mayo,AR,1.066666667,Breast,Infiltrating Ductal Carcinoma
TCGA-AR-A24O,5,Breast Cancer,Breast Invasive Carcinoma (NOS),0.0332,0.3187,0.08,20,BRCNOS,Primary,Matched,21,No,Yes,Mayo,AR,0.666666667,Breast,Mixed Histology (NOS)
TCGA-AR-A24P,8,Breast Cancer,Breast Invasive Ductal Carcinoma,0.1587,0.3262,0.21,21,IDC,Primary,Matched,1,No,Yes,Mayo,AR,0.7,Breast,Infiltrating Ductal Carcinoma
TCGA-AR-A24Q,16,Breast Cancer,Breast Invasive Ductal Carcinoma,0.6640,0.3299,0.42,162,IDC,Primary,Matched,196,No,Yes,Mayo,AR,5.433333333,Breast,Infiltrating Ductal Carcinoma
TCGA-AR-A24R,17,Breast Cancer,Breast Invasive Ductal Carcinoma,0.3412,0.3522,0.72,22,IDC,Primary,Matched,145,No,Yes,Mayo,AR,0.733333333,Breast,Infiltrating Ductal Carcinoma
TCGA-AR-A24S,16,Breast Cancer,Breast Invasive Ductal Carcinoma,0.3411,0.3249,0.04,44,IDC,Primary,Matched,144,No,Yes,Mayo,AR,1.466666667,Breast,Infiltrating Ductal Carcinoma
TCGA-AR-A24T,,Breast Cancer,Breast Invasive Lobular Carcinoma,0.2168,0.3378,0.17,23,ILC,Primary,Matched,33,No,Yes,Mayo,AR,0.766666667,Breast,Infiltrating Lobular Carcinoma
TCGA-AR-A24U,8,Breast Cancer,Breast Invasive Ductal Carcinoma,0.1646,0.3456,0.49,34,IDC,Primary,Matched,178,No,Yes,Mayo,AR,1.133333333,Breast,Infiltrating Ductal Carcinoma
TCGA-AR-A24V,23,Breast Cancer,Breast Invasive Ductal Carcinoma,0.2671,0.3138,0.59,20,IDC,Primary,Matched,91,No,Yes,Mayo,AR,0.666666667,Breast,Infiltrating Ductal Carcinoma
TCGA-AR-A24W,28,Breast Cancer,Breast Invasive Ductal Carcinoma,0.1024,0.3248,0.03,15,IDC,Primary,Matched,60,No,Yes,Mayo,AR,0.466666667,Breast,Infiltrating Ductal Carcinoma
TCGA-AR-A24X,4,Breast Cancer,Breast Invasive Carcinoma (NOS),0.0713,0.3918,1.71,27,BRCNOS,Primary,Matched,2,No,Yes,Mayo,AR,0.9,Breast,Mixed Histology (NOS)
TCGA-AR-A24Z,18,Breast Cancer,Breast Invasive Ductal Carcinoma,0.5036,0.3301,1.07,42,IDC,Primary,Matched,480,No,Yes,Mayo,AR,1.433333333,Breast,Infiltrating Ductal Carcinoma
TCGA-AR-A250,19,Breast Cancer,Breast Invasive Ductal Carcinoma,0.3845,0.3337,1.63,116,IDC,Primary,Matched,165,No,Yes,Mayo,AR,3.933333333,Breast,Infiltrating Ductal Carcinoma
TCGA-AR-A251,13,Breast Cancer,Breast Invasive Ductal Carcinoma,0.6718,0.3554,1.79,159,IDC,Primary,Matched,393,No,Yes,Mayo,AR,5.3,Breast,Infiltrating Ductal Carcinoma
TCGA-AR-A252,16,Breast Cancer,Breast Invasive Ductal Carcinoma,0.0162,0.3281,0.21,14,IDC,Primary,Matched,99,No,Yes,Mayo,AR,0.466666667,Breast,Infiltrating Ductal Carcinoma
TCGA-AR-A254,11,Breast Cancer,Breast Invasive Ductal Carcinoma,0.2369,0.3291,0.52,33,IDC,Primary,Matched,269,No,Yes,Mayo,AR,1.1,Breast,Infiltrating Ductal Carcinoma
TCGA-AR-A255,25,Breast Cancer,Breast Invasive Ductal Carcinoma,0.6568,0.3501,1.78,67,IDC,Primary,Matched,135,No,Yes,Mayo,AR,2.233333333,Breast,Infiltrating Ductal Carcinoma
TCGA-AR-A256,17,Breast Cancer,Breast Invasive Ductal Carcinoma,0.6832,0.3504,4.53,171,IDC,Primary,Matched,570,No,Yes,Mayo,AR,5.666666667,Breast,Infiltrating Ductal Carcinoma
TCGA-AR-A2LE,4,Breast Cancer,Breast Invasive Lobular Carcinoma,0.0725,0.3011,0.03,256,ILC,Primary,Matched,8,No,Yes,Mayo,AR,8.633333333,Breast,Infiltrating Lobular Carcinoma
TCGA-AR-A2LH,3,Breast Cancer,Breast Invasive Lobular Carcinoma,0.0000,0.3086,0.01,59,ILC,Primary,Matched,3,No,Yes,Mayo,AR,2,Breast,Infiltrating Lobular Carcinoma
TCGA-AR-A2LJ,3,Breast Cancer,Breast Invasive Lobular Carcinoma,0.0874,0.2971,0.01,,ILC,Primary,Matched,45,No,Yes,Mayo,AR,0,Breast,Infiltrating Lobular Carcinoma
TCGA-AR-A2LK,26,Breast Cancer,Breast Invasive Lobular Carcinoma,0.6563,0.3271,1.05,33,ILC,Primary,Matched,32,No,Yes,Mayo,AR,1.066666667,Breast,Infiltrating Lobular Carcinoma
TCGA-AR-A2LM,4,Breast Cancer,Breast Invasive Lobular Carcinoma,0.1000,0.2864,0.13,11,ILC,Primary,Matched,45,No,Yes,Mayo,AR,0.366666667,Breast,Infiltrating Lobular Carcinoma
TCGA-AR-A2LN,2,Breast Cancer,Breast Invasive Lobular Carcinoma,0.0982,0.2847,0.03,38,ILC,Primary,Matched,44,No,Yes,Mayo,AR,1.266666667,Breast,Infiltrating Lobular Carcinoma
TCGA-AR-A2LO,11,Breast Cancer,Breast Invasive Lobular Carcinoma,0.2232,0.3064,0.09,16,ILC,Primary,Matched,44,No,Yes,Mayo,AR,0.533333333,Breast,Infiltrating Lobular Carcinoma
TCGA-AR-A2LQ,1,Breast Cancer,Breast Invasive Lobular Carcinoma,0.0000,0.3312,0,10,ILC,Primary,Matched,1,No,Yes,Mayo,AR,0.333333333,Breast,Infiltrating Lobular Carcinoma
TCGA-AR-A5QM,19,Breast Cancer,Breast Invasive Lobular Carcinoma,0.3151,0.2924,0.04,27,ILC,Primary,Matched,10,No,Yes,Mayo,AR,0.866666667,Breast,Infiltrating Lobular Carcinoma
TCGA-AR-A5QN,6,Breast Cancer,Breast Invasive Lobular Carcinoma,0.2012,0.2848,0.03,30,ILC,Primary,Matched,61,No,Yes,Mayo,AR,1,Breast,Infiltrating Lobular Carcinoma
TCGA-AR-A5QP,8,Breast Cancer,Breast Invasive Lobular Carcinoma,0.1282,0.3078,0,27,ILC,Primary,Matched,28,No,Yes,Mayo,AR,0.866666667,Breast,Infiltrating Lobular Carcinoma
TCGA-AR-A5QQ,7,Breast Cancer,Breast Invasive Carcinoma (NOS),0.0004,0.3139,0,66,BRCNOS,Primary,Matched,26,No,Yes,Mayo,AR,2.233333333,Breast,Other
TCGA-B6-A0I1,9,Breast Cancer,Breast Invasive Ductal Carcinoma,0.3742,0.2998,0.82,50,IDC,Primary,Matched,236,No,Yes,Duke,B6,1.7,Breast,Infiltrating Ductal Carcinoma
TCGA-B6-A0I2,23,Breast Cancer,Breast Invasive Ductal Carcinoma,0.8535,0.2733,0.46,52,IDC,Primary,Matched,73,No,Yes,Duke,B6,1.8,Breast,Infiltrating Ductal Carcinoma
TCGA-B6-A0I5,11,Breast Cancer,Breast Invasive Ductal Carcinoma,0.2451,0.2711,0.08,25,IDC,Primary,Matched,4,No,Yes,Duke,B6,0.833333333,Breast,Infiltrating Ductal Carcinoma
TCGA-B6-A0I6,,Breast Cancer,Breast Invasive Ductal Carcinoma,,0.2894,2.69,,IDC,Primary,Matched,402,No,Yes,Duke,B6,0,Breast,Infiltrating Ductal Carcinoma
TCGA-B6-A0I8,,Breast Cancer,Breast Invasive Ductal Carcinoma,,0.2944,0.57,111,IDC,Primary,Matched,506,No,Yes,Duke,B6,3.733333333,Breast,Infiltrating Ductal Carcinoma
TCGA-B6-A0I9,12,Breast Cancer,Breast Invasive Ductal Carcinoma,0.4950,0.2882,0.58,71,IDC,Primary,Matched,442,No,Yes,Duke,B6,2.4,Breast,Infiltrating Ductal Carcinoma
TCGA-B6-A0IA,6,Breast Cancer,Breast Invasive Carcinoma (NOS),0.2386,0.2676,0.3,26,BRCNOS,Primary,Matched,49,No,Yes,Duke,B6,0.9,Breast,Other
TCGA-B6-A0IB,21,Breast Cancer,Breast Invasive Ductal Carcinoma,0.5461,0.278,0.25,66,IDC,Primary,Matched,32,No,Yes,Duke,B6,2.2,Breast,Infiltrating Ductal Carcinoma
TCGA-B6-A0IC,4,Breast Cancer,Breast Invasive Carcinoma (NOS),0.0787,0.269,0.11,29,BRCNOS,Primary,Matched,30,No,Yes,Duke,B6,1,Breast,Other
TCGA-B6-A0IE,12,Breast Cancer,Breast Invasive Carcinoma (NOS),0.3490,0.2736,0.22,29,BRCNOS,Primary,Matched,112,No,Yes,Duke,B6,1,Breast,Mixed Histology (NOS)
TCGA-B6-A0IG,11,Breast Cancer,Breast Invasive Ductal Carcinoma,0.3174,,0.24,37,IDC,Primary,Matched,157,No,Yes,Duke,B6,1.233333333,Breast,Infiltrating Ductal Carcinoma
TCGA-B6-A0IH,27,Breast Cancer,Breast Invasive Lobular Carcinoma,0.1988,0.2791,0.02,37,ILC,Primary,Matched,36,No,Yes,Duke,B6,1.233333333,Breast,Infiltrating Lobular Carcinoma
TCGA-B6-A0IJ,14,Breast Cancer,Breast Invasive Ductal Carcinoma,0.5979,0.2882,0.38,131,IDC,Primary,Matched,306,No,Yes,Duke,B6,4.4,Breast,Infiltrating Ductal Carcinoma
TCGA-B6-A0IK,13,Breast Cancer,Breast Invasive Ductal Carcinoma,0.3518,0.2595,0.25,114,IDC,Primary,Matched,131,No,Yes,Duke,B6,3.8,Breast,Infiltrating Ductal Carcinoma
TCGA-B6-A0IM,9,Breast Cancer,Breast Invasive Carcinoma (NOS),0.2215,0.2982,0.17,28,BRCNOS,Primary,Matched,53,No,Yes,Duke,B6,0.933333333,Breast,Other
TCGA-B6-A0IN,7,Breast Cancer,Breast Invasive Carcinoma (NOS),0.2325,0.2872,0.12,29,BRCNOS,Primary,Matched,257,No,Yes,Duke,B6,0.966666667,Breast,Other
TCGA-B6-A0IO,21,Breast Cancer,Breast Invasive Ductal Carcinoma,0.3270,,0.24,58,IDC,Primary,Matched,194,No,Yes,Duke,B6,1.933333333,Breast,Infiltrating Ductal Carcinoma
TCGA-B6-A0IP,2,Breast Cancer,Breast Invasive Lobular Carcinoma,0.0661,,0.01,36,ILC,Primary,Matched,7,No,Yes,Duke,B6,1.2,Breast,Infiltrating Lobular Carcinoma
TCGA-B6-A0IQ,14,Breast Cancer,Breast Invasive Ductal Carcinoma,0.5981,,0.53,65,IDC,Primary,Matched,290,No,Yes,Duke,B6,2.166666667,Breast,Infiltrating Ductal Carcinoma
TCGA-B6-A0RE,20,Breast Cancer,Breast Invasive Ductal Carcinoma,0.5386,0.3045,1.22,141,IDC,Primary,Matched,139,No,Yes,Duke,B6,4.666666667,Breast,Infiltrating Ductal Carcinoma
TCGA-B6-A0RG,7,Breast Cancer,Breast Invasive Ductal Carcinoma,0.3585,0.2716,0.49,68,IDC,Primary,Matched,58,No,Yes,Duke,B6,2.266666667,Breast,Infiltrating Ductal Carcinoma
TCGA-B6-A0RH,10,Breast Cancer,Breast Invasive Ductal Carcinoma,0.2783,0.2945,0.22,36,IDC,Primary,Matched,194,No,Yes,Duke,B6,1.266666667,Breast,Infiltrating Ductal Carcinoma
TCGA-B6-A0RI,3,Breast Cancer,Breast Invasive Ductal Carcinoma,0.0928,0.2565,0.02,20,IDC,Primary,Matched,19,No,Yes,Duke,B6,0.666666667,Breast,Infiltrating Ductal Carcinoma
TCGA-B6-A0RL,9,Breast Cancer,Breast Invasive Ductal Carcinoma,0.3215,0.2985,0.93,53,IDC,Primary,Matched,141,No,Yes,Duke,B6,1.733333333,Breast,Infiltrating Ductal Carcinoma
TCGA-B6-A0RM,4,Breast Cancer,Breast Invasive Ductal Carcinoma,0.0804,0.2781,0.09,28,IDC,Primary,Matched,16,No,Yes,Duke,B6,0.933333333,Breast,Infiltrating Ductal Carcinoma
TCGA-B6-A0RN,4,Breast Cancer,Breast Invasive Ductal Carcinoma,0.0741,0.264,0.04,25,IDC,Primary,Matched,5,No,Yes,Duke,B6,0.833333333,Breast,Infiltrating Ductal Carcinoma
TCGA-B6-A0RO,19,Breast Cancer,Breast Invasive Ductal Carcinoma,0.4705,0.2783,0.13,35,IDC,Primary,Matched,52,No,Yes,Duke,B6,1.166666667,Breast,Infiltrating Ductal Carcinoma
TCGA-B6-A0RP,20,Breast Cancer,Breast Invasive Carcinoma (NOS),0.4882,0.2791,0.01,21,BRCNOS,Primary,Matched,5,No,Yes,Duke,B6,0.7,Breast,Mixed Histology (NOS)
TCGA-B6-A0RQ,,Breast Cancer,Breast Invasive Lobular Carcinoma,0.0134,0.2823,0.02,41,ILC,Primary,Matched,2,No,Yes,Duke,B6,1.366666667,Breast,Infiltrating Lobular Carcinoma
TCGA-B6-A0RS,13,Breast Cancer,Breast Invasive Ductal Carcinoma,0.4276,0.3095,0.22,137,IDC,Primary,Matched,247,No,Yes,Duke,B6,4.633333333,Breast,Infiltrating Ductal Carcinoma
TCGA-B6-A0RT,2,Breast Cancer,Breast Invasive Ductal Carcinoma,0.0237,0.2897,0.01,56,IDC,Primary,Matched,48,No,Yes,Duke,B6,1.866666667,Breast,Infiltrating Ductal Carcinoma
TCGA-B6-A0RU,13,Breast Cancer,Breast Invasive Carcinoma (NOS),0.3834,0.2802,0.25,45,BRCNOS,Primary,Matched,62,No,Yes,Duke,B6,1.533333333,Breast,Other
TCGA-B6-A0RV,7,Breast Cancer,Breast Invasive Carcinoma (NOS),0.1644,0.2622,0,38,BRCNOS,Primary,Matched,110,No,Yes,Duke,B6,1.266666667,Breast,Mixed Histology (NOS)
TCGA-B6-A0WS,9,Breast Cancer,Breast Invasive Ductal Carcinoma,0.2277,0.2843,0.12,14,IDC,Primary,Matched,62,No,Yes,Duke,B6,0.466666667,Breast,Infiltrating Ductal Carcinoma
TCGA-B6-A0WT,3,Breast Cancer,Breast Invasive Ductal Carcinoma,0.1520,0.2875,0.05,15,IDC,Primary,Matched,49,No,Yes,Duke,B6,0.466666667,Breast,Infiltrating Ductal Carcinoma
TCGA-B6-A0WV,24,Breast Cancer,Breast Invasive Ductal Carcinoma,0.4345,0.2725,0.52,29,IDC,Primary,Matched,45,No,Yes,Duke,B6,0.966666667,Breast,Infiltrating Ductal Carcinoma
TCGA-B6-A0WW,9,Breast Cancer,Breast Invasive Ductal Carcinoma,0.3127,0.2824,0.67,34,IDC,Primary,Matched,70,No,Yes,Duke,B6,1.133333333,Breast,Infiltrating Ductal Carcinoma
TCGA-B6-A0WX,16,Breast Cancer,Breast Invasive Carcinoma (NOS),0.4622,0.3032,0.18,27,BRCNOS,Primary,Matched,110,No,Yes,Duke,B6,0.9,Breast,Other
TCGA-B6-A0WY,25,Breast Cancer,Breast Invasive Ductal Carcinoma,0.0836,0.2894,0.08,31,IDC,Primary,Matched,69,No,Yes,Duke,B6,1.033333333,Breast,Infiltrating Ductal Carcinoma
TCGA-B6-A0WZ,11,Breast Cancer,Breast Invasive Ductal Carcinoma,0.2496,0.2808,0.04,55,IDC,Primary,Matched,11,No,Yes,Duke,B6,1.866666667,Breast,Infiltrating Ductal Carcinoma
TCGA-B6-A0X0,5,Breast Cancer,Breast Invasive Carcinoma (NOS),0.1143,0.263,0.05,18,BRCNOS,Primary,Matched,9,No,Yes,Duke,B6,0.633333333,Breast,Other
TCGA-B6-A0X1,13,Breast Cancer,Breast Invasive Ductal Carcinoma,0.8331,0.2987,1.54,66,IDC,Primary,Matched,448,No,Yes,Duke,B6,2.266666667,Breast,Infiltrating Ductal Carcinoma
TCGA-B6-A0X4,0,Breast Cancer,Breast Invasive Ductal Carcinoma,0.0305,0.2706,0,18,IDC,Primary,Matched,5,No,Yes,Duke,B6,0.6,Breast,Infiltrating Ductal Carcinoma
TCGA-B6-A0X5,3,Breast Cancer,Breast Invasive Ductal Carcinoma,0.0827,0.2756,0.01,36,IDC,Primary,Matched,6,No,Yes,Duke,B6,1.2,Breast,Infiltrating Ductal Carcinoma
TCGA-B6-A0X7,5,Breast Cancer,Breast Invasive Carcinoma (NOS),0.1698,,0.16,16,BRCNOS,Primary,Matched,51,No,Yes,Duke,B6,0.533333333,Breast,Mixed Histology (NOS)
TCGA-B6-A1KC,27,Breast Cancer,Breast Invasive Ductal Carcinoma,0.5293,0.3311,1.45,26,IDC,Primary,Matched,38,No,Yes,Duke,B6,0.866666667,Breast,Infiltrating Ductal Carcinoma
TCGA-B6-A1KF,22,Breast Cancer,Breast Invasive Ductal Carcinoma,0.5575,0.3198,0.99,46,IDC,Primary,Matched,93,No,Yes,Duke,B6,1.566666667,Breast,Infiltrating Ductal Carcinoma
TCGA-B6-A1KI,29,Breast Cancer,Breast Invasive Ductal Carcinoma,0.1086,0.3202,0.28,21,IDC,Primary,Matched,5,No,Yes,Duke,B6,0.7,Breast,Infiltrating Ductal Carcinoma
TCGA-B6-A1KN,17,Breast Cancer,Breast Invasive Ductal Carcinoma,0.2858,0.3308,0.82,59,IDC,Primary,Matched,293,No,Yes,Duke,B6,1.966666667,Breast,Infiltrating Ductal Carcinoma
TCGA-B6-A2IU,9,Breast Cancer,Breast Invasive Lobular Carcinoma,0.2248,0.3032,0.03,38,ILC,Primary,Matched,17,No,Yes,Duke,B6,1.233333333,Breast,Infiltrating Lobular Carcinoma
TCGA-B6-A3ZX,19,Breast Cancer,Breast Invasive Carcinoma (NOS),0.0451,0.3137,0,,BRCNOS,Primary,Matched,60,No,Yes,Duke,B6,0,Breast,Mixed Histology (NOS)
TCGA-B6-A400,6,Breast Cancer,Breast Invasive Ductal Carcinoma,0.3384,0.3369,0.48,,IDC,Primary,Matched,170,No,Yes,Duke,B6,0,Breast,Infiltrating Ductal Carcinoma
TCGA-B6-A401,24,Breast Cancer,Breast Invasive Ductal Carcinoma,0.3026,0.3196,0,19,IDC,Primary,Matched,47,No,Yes,Duke,B6,0.633333333,Breast,Infiltrating Ductal Carcinoma
TCGA-B6-A402,17,Breast Cancer,Breast Invasive Ductal Carcinoma,0.5552,0.3349,0.48,,IDC,Primary,Matched,234,No,Yes,Duke,B6,0,Breast,Infiltrating Ductal Carcinoma
TCGA-B6-A408,21,Breast Cancer,Breast Invasive Carcinoma (NOS),0.2495,0.3131,0.05,,BRCNOS,Primary,Matched,66,No,Yes,Duke,B6,0,Breast,Mixed Histology (NOS)
TCGA-B6-A409,30,Breast Cancer,Breast Invasive Ductal Carcinoma,0.5715,0.3125,0.07,28,IDC,Primary,Matched,72,No,Yes,Duke,B6,0.966666667,Breast,Infiltrating Ductal Carcinoma
TCGA-B6-A40B,7,Breast Cancer,Breast Invasive Lobular Carcinoma,0.2049,0.2948,0.01,41,ILC,Primary,Matched,24,No,Yes,Duke,B6,1.366666667,Breast,Infiltrating Lobular Carcinoma
TCGA-B6-A40C,8,Breast Cancer,Breast Invasive Lobular Carcinoma,0.2042,0.2977,0.05,34,ILC,Primary,Matched,22,No,Yes,Duke,B6,1.133333333,Breast,Infiltrating Lobular Carcinoma
TCGA-BH-A0AU,25,Breast Cancer,Breast Invasive Ductal Carcinoma,0.4255,0.284,0.16,17,IDC,Primary,Matched,162,No,Yes,University of Pittsburgh,BH,0.566666667,Breast,Infiltrating Ductal Carcinoma
TCGA-BH-A0AV,12,Breast Cancer,Breast Invasive Ductal Carcinoma,0.6161,0.2952,0.11,57,IDC,Primary,Matched,150,No,Yes,University of Pittsburgh,BH,1.866666667,Breast,Infiltrating Ductal Carcinoma
TCGA-BH-A0AW,16,Breast Cancer,Breast Invasive Ductal Carcinoma,0.2907,0.2784,0.21,136,IDC,Primary,Matched,264,No,Yes,University of Pittsburgh,BH,4.6,Breast,Infiltrating Ductal Carcinoma
TCGA-BH-A0AY,25,Breast Cancer,Breast Invasive Ductal Carcinoma,0.2207,0.263,0.73,52,IDC,Primary,Matched,62,No,Yes,University of Pittsburgh,BH,3.4,Breast,Infiltrating Ductal Carcinoma
TCGA-BH-A0AZ,3,Breast Cancer,Breast Invasive Ductal Carcinoma,0.2853,0.2615,0.16,58,IDC,Primary,Matched,68,No,Yes,University of Pittsburgh,BH,1.933333333,Breast,Infiltrating Ductal Carcinoma
TCGA-BH-A0B0,9,Breast Cancer,Breast Invasive Ductal Carcinoma,0.2342,0.2849,0.08,66,IDC,Primary,Matched,6,No,Yes,University of Pittsburgh,BH,2.2,Breast,Infiltrating Ductal Carcinoma
TCGA-BH-A0B1,,Breast Cancer,Breast Invasive Ductal Carcinoma,,0.2667,0.6,49,IDC,Primary,Matched,229,No,Yes,University of Pittsburgh,BH,1.633333333,Breast,Infiltrating Ductal Carcinoma
TCGA-BH-A0B2,8,Breast Cancer,Breast Invasive Ductal Carcinoma,0.2464,,,,IDC,Primary,Matched,109,No,Yes,University of Pittsburgh,BH,0,Breast,Infiltrating Ductal Carcinoma
TCGA-BH-A0B3,8,Breast Cancer,Breast Invasive Ductal Carcinoma,0.2146,0.265,0.41,37,IDC,Primary,Matched,149,No,Yes,University of Pittsburgh,BH,2.466666667,Breast,Infiltrating Ductal Carcinoma
TCGA-BH-A0B4,4,Breast Cancer,Breast Invasive Ductal Carcinoma,0.3681,0.2519,0.08,65,IDC,Primary,Matched,123,No,Yes,University of Pittsburgh,BH,2.166666667,Breast,Infiltrating Ductal Carcinoma
TCGA-BH-A0B5,21,Breast Cancer,Breast Invasive Lobular Carcinoma,0.2328,0.2673,0.18,61,ILC,Primary,Matched,16,No,Yes,University of Pittsburgh,BH,2.033333333,Breast,Infiltrating Lobular Carcinoma
TCGA-BH-A0B7,10,Breast Cancer,Breast Invasive Ductal Carcinoma,0.1253,0.2803,0.02,37,IDC,Primary,Matched,204,No,Yes,University of Pittsburgh,BH,2.366666667,Breast,Infiltrating Ductal Carcinoma
TCGA-BH-A0B8,,Breast Cancer,Breast Invasive Ductal Carcinoma,,0.2567,1.28,63,IDC,Primary,Matched,54,No,Yes,University of Pittsburgh,BH,4,Breast,Infiltrating Ductal Carcinoma
TCGA-BH-A0B9,8,Breast Cancer,Breast Invasive Ductal Carcinoma,0.3070,0.2664,0.51,30,IDC,Primary,Matched,390,No,Yes,University of Pittsburgh,BH,1,Breast,Infiltrating Ductal Carcinoma
TCGA-BH-A0BA,34,Breast Cancer,Breast Invasive Carcinoma (NOS),0.8633,0.2723,0.78,37,BRCNOS,Primary,Matched,224,No,Yes,University of Pittsburgh,BH,2.4,Breast,Mixed Histology (NOS)
TCGA-BH-A0BC,3,Breast Cancer,Breast Invasive Ductal Carcinoma,0.1967,0.2513,0.04,29,IDC,Primary,Matched,67,No,Yes,University of Pittsburgh,BH,1.933333333,Breast,Infiltrating Ductal Carcinoma
TCGA-BH-A0BD,5,Breast Cancer,Breast Invasive Ductal Carcinoma,0.1794,0.2827,0.18,30,IDC,Primary,Matched,25,No,Yes,University of Pittsburgh,BH,0.966666667,Breast,Infiltrating Ductal Carcinoma
TCGA-BH-A0BF,12,Breast Cancer,Breast Invasive Ductal Carcinoma,0.2904,0.2908,0.02,21,IDC,Primary,Matched,100,No,Yes,University of Pittsburgh,BH,0.7,Breast,Infiltrating Ductal Carcinoma
TCGA-BH-A0BG,19,Breast Cancer,Breast Invasive Ductal Carcinoma,0.4262,0.3111,0.7,34,IDC,Primary,Matched,61,No,Yes,University of Pittsburgh,BH,1.133333333,Breast,Infiltrating Ductal Carcinoma
TCGA-BH-A0BJ,16,Breast Cancer,Breast Invasive Ductal Carcinoma,0.4003,0.2558,0.66,27,IDC,Primary,Matched,31,No,Yes,University of Pittsburgh,BH,1.7,Breast,Infiltrating Ductal Carcinoma
TCGA-BH-A0BL,17,Breast Cancer,Breast Invasive Ductal Carcinoma,0.3435,0.2584,0.08,56,IDC,Primary,Matched,113,No,Yes,University of Pittsburgh,BH,3.6,Breast,Infiltrating Ductal Carcinoma
TCGA-BH-A0BM,4,Breast Cancer,Breast Invasive Ductal Carcinoma,0.0936,0.2664,0.04,24,IDC,Primary,Matched,6,No,Yes,University of Pittsburgh,BH,1.733333333,Breast,Infiltrating Ductal Carcinoma
TCGA-BH-A0BO,3,Breast Cancer,Breast Invasive Ductal Carcinoma,0.0180,0.2673,0,27,IDC,Primary,Matched,7,No,Yes,University of Pittsburgh,BH,1.733333333,Breast,Infiltrating Ductal Carcinoma
TCGA-BH-A0BP,15,Breast Cancer,Breast Invasive Ductal Carcinoma,0.6741,0.2933,0.47,139,IDC,Primary,Matched,569,No,Yes,University of Pittsburgh,BH,4.633333333,Breast,Infiltrating Ductal Carcinoma
TCGA-BH-A0BQ,5,Breast Cancer,Breast Invasive Ductal Carcinoma,0.1009,0.2795,0,23,IDC,Primary,Matched,10,No,Yes,University of Pittsburgh,BH,1.5,Breast,Infiltrating Ductal Carcinoma
TCGA-BH-A0BR,12,Breast Cancer,Breast Invasive Ductal Carcinoma,0.4653,0.2842,0.09,49,IDC,Primary,Matched,268,No,Yes,University of Pittsburgh,BH,1.7,Breast,Infiltrating Ductal Carcinoma
TCGA-BH-A0BS,2,Breast Cancer,Breast Invasive Ductal Carcinoma,0.0493,0.2639,0.06,12,IDC,Primary,Matched,2,No,Yes,University of Pittsburgh,BH,0.433333333,Breast,Infiltrating Ductal Carcinoma
TCGA-BH-A0BT,21,Breast Cancer,Breast Invasive Ductal Carcinoma,0.3749,0.2597,0.72,37,IDC,Primary,Matched,59,No,Yes,University of Pittsburgh,BH,1.233333333,Breast,Infiltrating Ductal Carcinoma
TCGA-BH-A0BV,14,Breast Cancer,Breast Invasive Ductal Carcinoma,0.1734,0.2495,0.27,27,IDC,Primary,Matched,39,No,Yes,University of Pittsburgh,BH,1.766666667,Breast,Infiltrating Ductal Carcinoma
TCGA-BH-A0BW,10,Breast Cancer,Breast Invasive Ductal Carcinoma,0.3953,0.2932,0.68,83,IDC,Primary,Matched,72,No,Yes,University of Pittsburgh,BH,4.7,Breast,Infiltrating Ductal Carcinoma
TCGA-BH-A0BZ,20,Breast Cancer,Breast Invasive Ductal Carcinoma,0.1500,0.2835,0.32,243,IDC,Primary,Matched,114,No,Yes,University of Pittsburgh,BH,8.2,Breast,Infiltrating Ductal Carcinoma
TCGA-BH-A0C0,16,Breast Cancer,Breast Invasive Ductal Carcinoma,0.3023,0.251,0.3,92,IDC,Primary,Matched,286,No,Yes,University of Pittsburgh,BH,6.166666667,Breast,Infiltrating Ductal Carcinoma
TCGA-BH-A0C1,19,Breast Cancer,Breast Invasive Lobular Carcinoma,0.1678,0.3007,0.08,32,ILC,Primary,Matched,46,No,Yes,University of Pittsburgh,BH,1.066666667,Breast,Infiltrating Lobular Carcinoma
TCGA-BH-A0C3,11,Breast Cancer,Breast Invasive Carcinoma (NOS),0.1667,0.2808,0.05,11,BRCNOS,Primary,Matched,33,No,Yes,University of Pittsburgh,BH,0.366666667,Breast,Mixed Histology (NOS)
TCGA-BH-A0C7,19,Breast Cancer,Breast Invasive Ductal Carcinoma,0.3045,0.2837,0.03,43,IDC,Primary,Matched,146,No,Yes,University of Pittsburgh,BH,1.433333333,Breast,Infiltrating Ductal Carcinoma
TCGA-BH-A0DD,15,Breast Cancer,Breast Invasive Ductal Carcinoma,0.3503,0.279,0.28,21,IDC,Primary,Matched,201,No,Yes,University of Pittsburgh,BH,0.666666667,Breast,Infiltrating Ductal Carcinoma
TCGA-BH-A0DE,7,Breast Cancer,Breast Invasive Ductal Carcinoma,0.1869,0.2792,0.04,30,IDC,Primary,Matched,23,No,Yes,University of Pittsburgh,BH,1.9,Breast,Infiltrating Ductal Carcinoma
TCGA-BH-A0DG,2,Breast Cancer,Breast Invasive Ductal Carcinoma,0.1591,0.2685,0.12,33,IDC,Primary,Matched,202,No,Yes,University of Pittsburgh,BH,1.133333333,Breast,Infiltrating Ductal Carcinoma
TCGA-BH-A0DH,9,Breast Cancer,Breast Invasive Ductal Carcinoma,0.2305,0.2783,0.03,39,IDC,Primary,Matched,23,No,Yes,University of Pittsburgh,BH,2.3,Breast,Infiltrating Ductal Carcinoma
TCGA-BH-A0DI,8,Breast Cancer,Breast Invasive Ductal Carcinoma,0.2622,0.2654,0.01,40,IDC,Primary,Matched,198,No,Yes,University of Pittsburgh,BH,1.3,Breast,Infiltrating Ductal Carcinoma
TCGA-BH-A0DK,7,Breast Cancer,Breast Invasive Ductal Carcinoma,0.2171,0.2437,0.32,87,IDC,Primary,Matched,71,No,Yes,University of Pittsburgh,BH,5.733333333,Breast,Infiltrating Ductal Carcinoma
TCGA-BH-A0DL,10,Breast Cancer,Breast Invasive Carcinoma (NOS),0.2605,0.2967,0.18,52,BRCNOS,Primary,Matched,118,No,Yes,University of Pittsburgh,BH,3.3,Breast,Other
TCGA-BH-A0DO,9,Breast Cancer,Breast Invasive Ductal Carcinoma,0.1608,0.2675,0.01,21,IDC,Primary,Matched,1,No,Yes,University of Pittsburgh,BH,0.7,Breast,Infiltrating Ductal Carcinoma
TCGA-BH-A0DP,19,Breast Cancer,Breast Invasive Lobular Carcinoma,0.2568,0.2522,0.14,27,ILC,Primary,Matched,5,No,Yes,University of Pittsburgh,BH,1.766666667,Breast,Infiltrating Lobular Carcinoma
TCGA-BH-A0DQ,7,Breast Cancer,Breast Invasive Ductal Carcinoma,0.2833,0.2911,0.03,31,IDC,Primary,Matched,34,No,Yes,University of Pittsburgh,BH,2.033333333,Breast,Infiltrating Ductal Carcinoma
TCGA-BH-A0DS,26,Breast Cancer,Breast Invasive Ductal Carcinoma,0.3395,0.2815,0.58,34,IDC,Primary,Matched,25,No,Yes,University of Pittsburgh,BH,1.166666667,Breast,Infiltrating Ductal Carcinoma
TCGA-BH-A0DT,11,Breast Cancer,Breast Invasive Ductal Carcinoma,0.1927,0.2724,0.02,16,IDC,Primary,Matched,1,No,Yes,University of Pittsburgh,BH,0.5,Breast,Infiltrating Ductal Carcinoma
TCGA-BH-A0DV,4,Breast Cancer,Breast Invasive Ductal Carcinoma,0.0082,0.2638,0,17,IDC,Primary,Matched,3,No,Yes,University of Pittsburgh,BH,0.566666667,Breast,Infiltrating Ductal Carcinoma
TCGA-BH-A0DX,4,Breast Cancer,Breast Invasive Ductal Carcinoma,0.1997,0.2882,0.02,59,IDC,Primary,Matched,136,No,Yes,University of Pittsburgh,BH,1.966666667,Breast,Infiltrating Ductal Carcinoma
TCGA-BH-A0DZ,4,Breast Cancer,Breast Invasive Ductal Carcinoma,0.2130,0.2596,0.32,219,IDC,Primary,Matched,141,No,Yes,University of Pittsburgh,BH,14.66666667,Breast,Infiltrating Ductal Carcinoma
TCGA-BH-A0E0,22,Breast Cancer,Breast Invasive Ductal Carcinoma,0.6731,0.2819,0.73,31,IDC,Primary,Matched,77,No,Yes,University of Pittsburgh,BH,1.966666667,Breast,Infiltrating Ductal Carcinoma
TCGA-BH-A0E1,3,Breast Cancer,Breast Invasive Ductal Carcinoma,0.0595,0.2507,0.36,21,IDC,Primary,Matched,3,No,Yes,University of Pittsburgh,BH,1.466666667,Breast,Infiltrating Ductal Carcinoma
TCGA-BH-A0E2,6,Breast Cancer,Breast Invasive Ductal Carcinoma,0.2837,0.2493,0.64,43,IDC,Primary,Matched,221,No,Yes,University of Pittsburgh,BH,1.433333333,Breast,Infiltrating Ductal Carcinoma
TCGA-BH-A0E6,20,Breast Cancer,Breast Invasive Ductal Carcinoma,0.6170,,0,68,IDC,Primary,Matched,120,No,Yes,University of Pittsburgh,BH,2.3,Breast,Infiltrating Ductal Carcinoma
TCGA-BH-A0E7,4,Breast Cancer,Breast Invasive Ductal Carcinoma,0.0790,0.267,0.01,40,IDC,Primary,Matched,6,No,Yes,University of Pittsburgh,BH,1.366666667,Breast,Infiltrating Ductal Carcinoma
TCGA-BH-A0E9,24,Breast Cancer,Breast Invasive Lobular Carcinoma,0.2195,0.2735,0.01,33,ILC,Primary,Matched,29,No,Yes,University of Pittsburgh,BH,1.1,Breast,Infiltrating Lobular Carcinoma
TCGA-BH-A0EA,3,Breast Cancer,Breast Invasive Ductal Carcinoma,0.0603,0.2795,0.05,25,IDC,Primary,Matched,3,No,Yes,University of Pittsburgh,BH,0.833333333,Breast,Infiltrating Ductal Carcinoma
TCGA-BH-A0EB,19,Breast Cancer,Breast Invasive Ductal Carcinoma,0.1316,0.28,0,46,IDC,Primary,Matched,37,No,Yes,University of Pittsburgh,BH,1.533333333,Breast,Infiltrating Ductal Carcinoma
TCGA-BH-A0EE,22,Breast Cancer,Breast Invasive Ductal Carcinoma,0.4417,0.2743,0.09,123,IDC,Primary,Matched,150,No,Yes,University of Pittsburgh,BH,4.1,Breast,Infiltrating Ductal Carcinoma
TCGA-BH-A0EI,6,Breast Cancer,Breast Invasive Ductal Carcinoma,0.1622,0.2722,0.07,16,IDC,Primary,Matched,52,No,Yes,University of Pittsburgh,BH,0.533333333,Breast,Infiltrating Ductal Carcinoma
TCGA-BH-A0GY,29,Breast Cancer,Breast Invasive Ductal Carcinoma,0.2656,0.2546,0.4,34,IDC,Primary,Matched,105,No,Yes,University of Pittsburgh,BH,1.133333333,Breast,Infiltrating Ductal Carcinoma
TCGA-BH-A0GZ,6,Breast Cancer,Breast Invasive Ductal Carcinoma,0.2724,0.2656,0.07,34,IDC,Primary,Matched,71,No,Yes,University of Pittsburgh,BH,1.133333333,Breast,Infiltrating Ductal Carcinoma
TCGA-BH-A0H0,10,Breast Cancer,Breast Invasive Ductal Carcinoma,0.2534,0.2461,0.7,18,IDC,Primary,Matched,35,No,Yes,University of Pittsburgh,BH,0.6,Breast,Infiltrating Ductal Carcinoma
TCGA-BH-A0H3,3,Breast Cancer,Breast Invasive Ductal Carcinoma,0.0606,0.2501,0.01,13,IDC,Primary,Matched,3,No,Yes,University of Pittsburgh,BH,0.433333333,Breast,Infiltrating Ductal Carcinoma
TCGA-BH-A0H5,0,Breast Cancer,Breast Invasive Ductal Carcinoma,0.0000,0.2885,0,115,IDC,Primary,Matched,0,No,Yes,University of Pittsburgh,BH,7.633333333,Breast,Infiltrating Ductal Carcinoma
TCGA-BH-A0H6,3,Breast Cancer,Breast Invasive Ductal Carcinoma,0.0982,0.2585,0.11,17,IDC,Primary,Matched,11,No,Yes,University of Pittsburgh,BH,0.566666667,Breast,Infiltrating Ductal Carcinoma
TCGA-BH-A0H7,21,Breast Cancer,Breast Invasive Ductal Carcinoma,0.4407,0.2539,0.85,53,IDC,Primary,Matched,446,No,Yes,University of Pittsburgh,BH,2.666666667,Breast,Infiltrating Ductal Carcinoma
TCGA-BH-A0H9,12,Breast Cancer,Breast Invasive Ductal Carcinoma,0.3068,0.2635,0.36,33,IDC,Primary,Matched,164,No,Yes,University of Pittsburgh,BH,2.2,Breast,Infiltrating Ductal Carcinoma
TCGA-BH-A0HA,4,Breast Cancer,Breast Invasive Ductal Carcinoma,0.0838,0.393,8.53,332,IDC,Primary,Matched,29,No,Yes,University of Pittsburgh,BH,11.03333333,Breast,Infiltrating Ductal Carcinoma
TCGA-BH-A0HB,8,Breast Cancer,Breast Invasive Ductal Carcinoma,0.2922,0.2732,0.25,30,IDC,Primary,Matched,370,No,Yes,University of Pittsburgh,BH,1.066666667,Breast,Infiltrating Ductal Carcinoma
TCGA-BH-A0HF,,Breast Cancer,Breast Invasive Ductal Carcinoma,,0.2482,0.19,832,IDC,Primary,Matched,31,No,Yes,University of Pittsburgh,BH,28,Breast,Infiltrating Ductal Carcinoma
TCGA-BH-A0HI,2,Breast Cancer,Breast Invasive Ductal Carcinoma,0.0729,0.272,0.01,30,IDC,Primary,Matched,17,No,Yes,University of Pittsburgh,BH,1.033333333,Breast,Infiltrating Ductal Carcinoma
TCGA-BH-A0HK,5,Breast Cancer,Breast Invasive Ductal Carcinoma,0.0924,0.2649,0.63,87,IDC,Primary,Matched,44,No,Yes,University of Pittsburgh,BH,5.7,Breast,Infiltrating Ductal Carcinoma
TCGA-BH-A0HL,,Breast Cancer,Breast Invasive Ductal Carcinoma,,0.2969,0.56,33,IDC,Primary,Matched,632,No,Yes,University of Pittsburgh,BH,1.1,Breast,Infiltrating Ductal Carcinoma
TCGA-BH-A0HN,,Breast Cancer,Breast Invasive Ductal Carcinoma,,0.2759,0.75,25,IDC,Primary,Matched,950,No,Yes,University of Pittsburgh,BH,0.833333333,Breast,Infiltrating Ductal Carcinoma
TCGA-BH-A0HO,2,Breast Cancer,Breast Invasive Ductal Carcinoma,0.0493,0.2619,0.01,14,IDC,Primary,Matched,3,No,Yes,University of Pittsburgh,BH,0.466666667,Breast,Infiltrating Ductal Carcinoma
TCGA-BH-A0HP,6,Breast Cancer,Breast Invasive Lobular Carcinoma,0.1767,0.2572,0,240,ILC,Primary,Matched,34,No,Yes,University of Pittsburgh,BH,7.933333333,Breast,Infiltrating Lobular Carcinoma
TCGA-BH-A0HQ,23,Breast Cancer,Breast Invasive Ductal Carcinoma,0.1281,0.2971,0.21,27,IDC,Primary,Matched,8,No,Yes,University of Pittsburgh,BH,0.9,Breast,Infiltrating Ductal Carcinoma
TCGA-BH-A0HU,9,Breast Cancer,Breast Invasive Ductal Carcinoma,0.3924,0.2787,0.47,31,IDC,Primary,Matched,77,No,Yes,University of Pittsburgh,BH,1.066666667,Breast,Infiltrating Ductal Carcinoma
TCGA-BH-A0HW,10,Breast Cancer,Breast Invasive Ductal Carcinoma,0.2300,0.2688,0.32,34,IDC,Primary,Matched,51,No,Yes,University of Pittsburgh,BH,1.133333333,Breast,Infiltrating Ductal Carcinoma
TCGA-BH-A0HX,18,Breast Cancer,Breast Invasive Ductal Carcinoma,0.5678,0.2855,0.43,57,IDC,Primary,Matched,179,No,Yes,University of Pittsburgh,BH,1.933333333,Breast,Infiltrating Ductal Carcinoma
TCGA-BH-A0HY,18,Breast Cancer,Breast Invasive Ductal Carcinoma,0.6304,0.2802,1.06,53,IDC,Primary,Matched,358,No,Yes,University of Pittsburgh,BH,1.8,Breast,Infiltrating Ductal Carcinoma
TCGA-BH-A0RX,,Breast Cancer,Breast Invasive Ductal Carcinoma,0.0950,0.2777,0.01,40,IDC,Primary,Matched,50,No,Yes,University of Pittsburgh,BH,1.3,Breast,Infiltrating Ductal Carcinoma
TCGA-BH-A0W3,17,Breast Cancer,Breast Invasive Ductal Carcinoma,0.1333,0.2659,0.33,14,IDC,Primary,Matched,35,No,Yes,University of Pittsburgh,BH,0.466666667,Breast,Infiltrating Ductal Carcinoma
TCGA-BH-A0W4,2,Breast Cancer,Breast Invasive Ductal Carcinoma,0.0207,0.2662,0.03,33,IDC,Primary,Matched,4,No,Yes,University of Pittsburgh,BH,1.1,Breast,Infiltrating Ductal Carcinoma
TCGA-BH-A0W5,6,Breast Cancer,Breast Invasive Ductal Carcinoma,0.0719,0.2784,0.01,26,IDC,Primary,Matched,1,No,Yes,University of Pittsburgh,BH,0.866666667,Breast,Infiltrating Ductal Carcinoma
TCGA-BH-A0W7,12,Breast Cancer,Breast Invasive Ductal Carcinoma,0.3048,0.2752,0.05,166,IDC,Primary,Matched,99,No,Yes,University of Pittsburgh,BH,5.5,Breast,Infiltrating Ductal Carcinoma
TCGA-BH-A0WA,13,Breast Cancer,Invasive Breast Carcinoma,0.6060,0.3023,0.54,90,BRCA,Primary,Matched,155,No,Yes,University of Pittsburgh,BH,2.966666667,Breast,Breast Invasive Carcinoma
TCGA-BH-A18F,21,Breast Cancer,Breast Invasive Ductal Carcinoma,0.2284,0.2742,0.02,46,IDC,Primary,Matched,12,No,Yes,University of Pittsburgh,BH,1.566666667,Breast,Infiltrating Ductal Carcinoma
TCGA-BH-A18G,1,Breast Cancer,Breast Invasive Ductal Carcinoma,0.0710,0.7737,26.46,1251,IDC,Primary,Matched,15,No,Yes,University of Pittsburgh,BH,41.83333333,Breast,Infiltrating Ductal Carcinoma
TCGA-BH-A18H,20,Breast Cancer,Breast Invasive Ductal Carcinoma,0.2630,0.2518,0.04,41,IDC,Primary,Matched,125,No,Yes,University of Pittsburgh,BH,1.366666667,Breast,Infiltrating Ductal Carcinoma
TCGA-BH-A18I,5,Breast Cancer,Breast Invasive Ductal Carcinoma,0.1460,0.2534,0.04,25,IDC,Primary,Matched,62,No,Yes,University of Pittsburgh,BH,0.833333333,Breast,Infiltrating Ductal Carcinoma
TCGA-BH-A18J,5,Breast Cancer,Breast Invasive Ductal Carcinoma,0.2358,0.2602,0.08,72,IDC,Primary,Matched,307,No,Yes,University of Pittsburgh,BH,2.5,Breast,Infiltrating Ductal Carcinoma
TCGA-BH-A18K,18,Breast Cancer,Breast Invasive Ductal Carcinoma,0.4274,0.2769,0.3,51,IDC,Primary,Matched,67,No,Yes,University of Pittsburgh,BH,1.666666667,Breast,Infiltrating Ductal Carcinoma
TCGA-BH-A18L,27,Breast Cancer,Breast Invasive Ductal Carcinoma,0.5814,0.2851,0.77,45,IDC,Primary,Matched,105,No,Yes,University of Pittsburgh,BH,1.5,Breast,Infiltrating Ductal Carcinoma
TCGA-BH-A18M,4,Breast Cancer,Breast Invasive Ductal Carcinoma,0.1771,0.2674,0.01,17,IDC,Primary,Matched,4,No,Yes,University of Pittsburgh,BH,0.566666667,Breast,Infiltrating Ductal Carcinoma
TCGA-BH-A18N,23,Breast Cancer,Breast Invasive Ductal Carcinoma,0.1399,0.2785,0.26,31,IDC,Primary,Matched,26,No,Yes,University of Pittsburgh,BH,1.033333333,Breast,Infiltrating Ductal Carcinoma
TCGA-BH-A18P,6,Breast Cancer,Breast Invasive Ductal Carcinoma,0.1673,0.2539,0.06,276,IDC,Primary,Matched,40,No,Yes,University of Pittsburgh,BH,9.2,Breast,Infiltrating Ductal Carcinoma
TCGA-BH-A18Q,18,Breast Cancer,Breast Invasive Ductal Carcinoma,0.7399,0.2711,1.55,74,IDC,Primary,Matched,89,No,Yes,University of Pittsburgh,BH,2.5,Breast,Infiltrating Ductal Carcinoma
TCGA-BH-A18R,4,Breast Cancer,Breast Invasive Ductal Carcinoma,0.2866,0.2519,0.22,27,IDC,Primary,Matched,214,No,Yes,University of Pittsburgh,BH,0.966666667,Breast,Infiltrating Ductal Carcinoma
TCGA-BH-A18S,4,Breast Cancer,Breast Invasive Mixed Mucinous Carcinoma,0.1516,0.2594,0.17,26,IMMC,Primary,Matched,58,No,Yes,University of Pittsburgh,BH,0.866666667,Breast,Mucinous Carcinoma
TCGA-BH-A18T,22,Breast Cancer,Breast Invasive Ductal Carcinoma,0.6652,0.2724,1.63,71,IDC,Primary,Matched,428,No,Yes,University of Pittsburgh,BH,2.433333333,Breast,Infiltrating Ductal Carcinoma
TCGA-BH-A18U,24,Breast Cancer,Breast Invasive Ductal Carcinoma,0.6182,0.2674,1.48,124,IDC,Primary,Matched,527,No,Yes,University of Pittsburgh,BH,4.133333333,Breast,Infiltrating Ductal Carcinoma
TCGA-BH-A18V,16,Breast Cancer,Breast Invasive Ductal Carcinoma,0.7015,0.2785,1.38,176,IDC,Primary,Matched,366,No,Yes,University of Pittsburgh,BH,5.933333333,Breast,Infiltrating Ductal Carcinoma
TCGA-BH-A1EN,24,Breast Cancer,Breast Invasive Ductal Carcinoma,0.6267,0.3256,0.37,64,IDC,Primary,Matched,128,No,Yes,University of Pittsburgh,BH,2.133333333,Breast,Infiltrating Ductal Carcinoma
TCGA-BH-A1EO,22,Breast Cancer,Breast Invasive Carcinoma (NOS),0.2619,0.2641,0.2,40,BRCNOS,Primary,Matched,76,No,Yes,University of Pittsburgh,BH,1.366666667,Breast,Mixed Histology (NOS)
TCGA-BH-A1ES,7,Breast Cancer,Breast Invasive Ductal Carcinoma,0.2309,0.2593,0.25,,IDC,Primary,Matched,132,No,Yes,University of Pittsburgh,BH,0,Breast,Infiltrating Ductal Carcinoma
TCGA-BH-A1ET,3,Breast Cancer,Breast Invasive Ductal Carcinoma,0.0892,0.2606,0.06,25,IDC,Primary,Matched,15,No,Yes,University of Pittsburgh,BH,0.833333333,Breast,Infiltrating Ductal Carcinoma
TCGA-BH-A1EU,23,Breast Cancer,Breast Invasive Ductal Carcinoma,0.1179,0.2553,0.01,26,IDC,Primary,Matched,100,No,Yes,University of Pittsburgh,BH,0.866666667,Breast,Infiltrating Ductal Carcinoma
TCGA-BH-A1EV,18,Breast Cancer,Breast Invasive Ductal Carcinoma,0.4189,0.2679,0.41,86,IDC,Primary,Matched,427,No,Yes,University of Pittsburgh,BH,2.833333333,Breast,Infiltrating Ductal Carcinoma
TCGA-BH-A1EW,15,Breast Cancer,Breast Invasive Ductal Carcinoma,0.3453,0.2654,0.03,14,IDC,Primary,Matched,128,No,Yes,University of Pittsburgh,BH,0.466666667,Breast,Infiltrating Ductal Carcinoma
TCGA-BH-A1EX,12,Breast Cancer,Breast Invasive Ductal Carcinoma,0.2258,0.2931,0.23,24,IDC,Primary,Matched,6,No,Yes,University of Pittsburgh,BH,0.8,Breast,Infiltrating Ductal Carcinoma
TCGA-BH-A1EY,11,Breast Cancer,Breast Invasive Ductal Carcinoma,0.3632,0.3148,0.05,38,IDC,Primary,Matched,229,No,Yes,University of Pittsburgh,BH,1.233333333,Breast,Infiltrating Ductal Carcinoma
TCGA-BH-A1F0,7,Breast Cancer,Breast Invasive Ductal Carcinoma,0.0288,0.2616,0.01,59,IDC,Primary,Matched,122,No,Yes,University of Pittsburgh,BH,1.966666667,Breast,Infiltrating Ductal Carcinoma
TCGA-BH-A1F2,18,Breast Cancer,Breast Invasive Ductal Carcinoma,0.4715,0.3331,0.34,50,IDC,Primary,Matched,118,No,Yes,University of Pittsburgh,BH,1.666666667,Breast,Infiltrating Ductal Carcinoma
TCGA-BH-A1F5,,Breast Cancer,Breast Invasive Ductal Carcinoma,0.1457,0.3214,0.28,30,IDC,Primary,Matched,8,No,Yes,University of Pittsburgh,BH,1.033333333,Breast,Infiltrating Ductal Carcinoma
TCGA-BH-A1F6,21,Breast Cancer,Breast Invasive Ductal Carcinoma,0.5787,0.3071,0.46,32,IDC,Primary,Matched,326,No,Yes,University of Pittsburgh,BH,1.1,Breast,Infiltrating Ductal Carcinoma
TCGA-BH-A1F8,16,Breast Cancer,Breast Invasive Ductal Carcinoma,0.9971,0.3189,0.62,128,IDC,Primary,Matched,131,No,Yes,University of Pittsburgh,BH,4.333333333,Breast,Infiltrating Ductal Carcinoma
TCGA-BH-A1FB,,Breast Cancer,Breast Invasive Ductal Carcinoma,0.0542,,,,IDC,Primary,Matched,6,No,Yes,University of Pittsburgh,BH,0,Breast,Infiltrating Ductal Carcinoma
TCGA-BH-A1FC,25,Breast Cancer,Breast Invasive Ductal Carcinoma,0.4675,0.326,0.49,103,IDC,Primary,Matched,267,No,Yes,University of Pittsburgh,BH,3.433333333,Breast,Medullary Carcinoma
TCGA-BH-A1FD,9,Breast Cancer,Breast Invasive Ductal Carcinoma,0.4385,0.2989,0.29,28,IDC,Primary,Matched,393,No,Yes,University of Pittsburgh,BH,0.966666667,Breast,Infiltrating Ductal Carcinoma
TCGA-BH-A1FE,6,Breast Cancer,Breast Invasive Ductal Carcinoma,0.1298,0.3192,0.03,19,IDC,Primary,Matched,277,No,Yes,University of Pittsburgh,BH,0.633333333,Breast,Infiltrating Ductal Carcinoma
TCGA-BH-A1FG,5,Breast Cancer,Breast Invasive Ductal Carcinoma,0.1163,0.305,0.44,18,IDC,Primary,Matched,24,No,Yes,University of Pittsburgh,BH,0.6,Breast,Infiltrating Ductal Carcinoma
TCGA-BH-A1FH,,Breast Cancer,Breast Invasive Ductal Carcinoma,0.0222,0.3365,0.05,25,IDC,Primary,Matched,150,No,Yes,University of Pittsburgh,BH,0.8,Breast,Infiltrating Ductal Carcinoma
TCGA-BH-A1FJ,3,Breast Cancer,Breast Invasive Ductal Carcinoma,0.1001,0.4703,1.53,25,IDC,Primary,Matched,21,No,Yes,University of Pittsburgh,BH,0.833333333,Breast,Infiltrating Ductal Carcinoma
TCGA-BH-A1FL,4,Breast Cancer,Breast Invasive Ductal Carcinoma,0.0908,0.3396,0.94,17,IDC,Primary,Matched,26,No,Yes,University of Pittsburgh,BH,0.6,Breast,Infiltrating Ductal Carcinoma
TCGA-BH-A1FM,21,Breast Cancer,Breast Invasive Ductal Carcinoma,0.5273,0.3445,0.89,50,IDC,Primary,Matched,403,No,Yes,University of Pittsburgh,BH,1.666666667,Breast,Infiltrating Ductal Carcinoma
TCGA-BH-A1FN,12,Breast Cancer,Breast Invasive Ductal Carcinoma,0.5352,0.3038,0.72,98,IDC,Primary,Matched,338,No,Yes,University of Pittsburgh,BH,3.266666667,Breast,Infiltrating Ductal Carcinoma
TCGA-BH-A1FR,,Breast Cancer,Breast Invasive Carcinoma (NOS),0.0005,0.3198,0.11,14,BRCNOS,Primary,Matched,2,No,Yes,University of Pittsburgh,BH,0.466666667,Breast,Other
TCGA-BH-A1FU,26,Breast Cancer,Breast Invasive Ductal Carcinoma,0.0641,0.29,0,82,IDC,Primary,Matched,59,No,Yes,University of Pittsburgh,BH,2.733333333,Breast,Infiltrating Ductal Carcinoma
TCGA-BH-A201,4,Breast Cancer,Breast Invasive Ductal Carcinoma,0.1268,0.2668,0.01,21,IDC,Primary,Matched,71,No,Yes,University of Pittsburgh,BH,0.7,Breast,Infiltrating Ductal Carcinoma
TCGA-BH-A202,21,Breast Cancer,Breast Invasive Ductal Carcinoma,0.2689,0.2744,0.07,26,IDC,Primary,Matched,65,No,Yes,University of Pittsburgh,BH,0.866666667,Breast,Infiltrating Ductal Carcinoma
TCGA-BH-A203,15,Breast Cancer,Breast Invasive Ductal Carcinoma,0.3623,0.3141,0.31,61,IDC,Primary,Matched,434,No,Yes,University of Pittsburgh,BH,2.033333333,Breast,Infiltrating Ductal Carcinoma
TCGA-BH-A204,7,Breast Cancer,Breast Invasive Ductal Carcinoma,0.2346,0.3005,0.37,36,IDC,Primary,Matched,90,No,Yes,University of Pittsburgh,BH,1.2,Breast,Infiltrating Ductal Carcinoma
TCGA-BH-A208,19,Breast Cancer,Breast Invasive Ductal Carcinoma,0.1644,0.2965,0.23,59,IDC,Primary,Matched,123,No,Yes,University of Pittsburgh,BH,1.966666667,Breast,Infiltrating Ductal Carcinoma
TCGA-BH-A209,19,Breast Cancer,Breast Invasive Ductal Carcinoma,0.3066,0.3711,0.33,87,IDC,Primary,Matched,176,No,Yes,University of Pittsburgh,BH,2.933333333,Breast,Medullary Carcinoma
TCGA-BH-A28O,2,Breast Cancer,Breast Invasive Lobular Carcinoma,0.0003,0.3017,0.01,,ILC,Primary,Matched,0,Yes,No,University of Pittsburgh,BH,,Breast,Infiltrating Lobular Carcinoma
TCGA-BH-A28Q,7,Breast Cancer,Breast Invasive Lobular Carcinoma,0.1605,0.311,0.4,19,ILC,Primary,Matched,21,No,Yes,University of Pittsburgh,BH,0.633333333,Breast,Infiltrating Lobular Carcinoma
TCGA-BH-A2L8,4,Breast Cancer,Breast Invasive Lobular Carcinoma,0.0149,0.3232,0.05,422,ILC,Primary,Matched,2,Yes,No,University of Pittsburgh,BH,14.26666667,Breast,Infiltrating Lobular Carcinoma
TCGA-BH-A42T,11,Breast Cancer,Breast Invasive Lobular Carcinoma,0.4010,0.2992,0.23,,ILC,Primary,Matched,97,Yes,No,University of Pittsburgh,BH,,Breast,Infiltrating Lobular Carcinoma
TCGA-BH-A42U,,Breast Cancer,Breast Invasive Lobular Carcinoma,0.0000,0.2876,0,18,ILC,Primary,Matched,1,Yes,No,University of Pittsburgh,BH,0.633333333,Breast,Infiltrating Lobular Carcinoma
TCGA-BH-A42V,2,Breast Cancer,Breast Invasive Ductal Carcinoma,0.0894,0.2894,0,40,IDC,Primary,Matched,35,Yes,No,University of Pittsburgh,BH,1.366666667,Breast,Infiltrating Ductal Carcinoma
TCGA-BH-A5IZ,11,Breast Cancer,Breast Invasive Ductal Carcinoma,0.7932,0.2992,0.18,61,IDC,Primary,Matched,44,Yes,No,University of Pittsburgh,BH,3.766666667,Breast,Infiltrating Ductal Carcinoma
TCGA-BH-A5J0,21,Breast Cancer,Breast Invasive Ductal Carcinoma,0.4572,0.3109,0.01,59,IDC,Primary,Matched,187,Yes,No,University of Pittsburgh,BH,2.033333333,Breast,Infiltrating Ductal Carcinoma
TCGA-BH-A6R8,14,Breast Cancer,Breast Invasive Ductal Carcinoma,0.3293,0.3586,0.2,28,IDC,Primary,Matched,14,Yes,No,University of Pittsburgh,BH,1,Breast,Infiltrating Ductal Carcinoma
TCGA-BH-A6R9,0,Breast Cancer,Metaplastic Breast Cancer,0.0002,0.332,0,14,MBC,Primary,Matched,5,Yes,No,University of Pittsburgh,BH,0.466666667,Breast,Metaplastic Carcinoma
TCGA-BH-A8FY,5,Breast Cancer,Breast Invasive Lobular Carcinoma,0.1798,0.3253,0,39,ILC,Primary,Matched,35,Yes,No,University of Pittsburgh,BH,1.3,Breast,Infiltrating Lobular Carcinoma
TCGA-BH-A8FZ,9,Breast Cancer,Breast Invasive Lobular Carcinoma,0.1891,0.3117,0,57,ILC,Primary,Matched,62,Yes,No,University of Pittsburgh,BH,1.9,Breast,Infiltrating Lobular Carcinoma
TCGA-BH-A8G0,2,Breast Cancer,Breast Invasive Lobular Carcinoma,0.0007,0.3202,0,12,ILC,Primary,Matched,14,Yes,No,University of Pittsburgh,BH,0.366666667,Breast,Infiltrating Lobular Carcinoma
TCGA-BH-AB28,4,Breast Cancer,Breast Invasive Lobular Carcinoma,0.1393,0.3199,0.01,27,ILC,Primary,Matched,16,Yes,No,University of Pittsburgh,BH,1.766666667,Breast,Infiltrating Lobular Carcinoma
TCGA-C8-A12K,6,Breast Cancer,Breast Invasive Ductal Carcinoma,0.4856,0.2834,0.14,123,IDC,Primary,Matched,224,Yes,No,ILSBio,C8,4.166666667,Breast,Infiltrating Ductal Carcinoma
TCGA-C8-A12L,16,Breast Cancer,Breast Invasive Ductal Carcinoma,0.6096,0.2814,0.81,71,IDC,Primary,Matched,292,Yes,No,ILSBio,C8,2.433333333,Breast,Infiltrating Ductal Carcinoma
TCGA-C8-A12M,17,Breast Cancer,Breast Invasive Ductal Carcinoma,0.4491,0.3153,0.66,54,IDC,Primary,Matched,411,Yes,No,ILSBio,C8,1.8,Breast,Infiltrating Ductal Carcinoma
TCGA-C8-A12N,4,Breast Cancer,Breast Invasive Ductal Carcinoma,0.0757,0.2847,0.01,19,IDC,Primary,Matched,5,Yes,No,ILSBio,C8,0.633333333,Breast,Infiltrating Ductal Carcinoma
TCGA-C8-A12O,27,Breast Cancer,Breast Invasive Ductal Carcinoma,0.3342,0.2718,0.11,36,IDC,Primary,Matched,104,Yes,No,ILSBio,C8,1.2,Breast,Infiltrating Ductal Carcinoma
TCGA-C8-A12P,17,Breast Cancer,Breast Invasive Ductal Carcinoma,0.3385,0.2886,0.17,141,IDC,Primary,Matched,538,Yes,No,ILSBio,C8,4.733333333,Breast,Infiltrating Ductal Carcinoma
TCGA-C8-A12Q,13,Breast Cancer,Breast Invasive Ductal Carcinoma,0.4088,0.2593,0.35,98,IDC,Primary,Matched,400,Yes,No,ILSBio,C8,3.266666667,Breast,Infiltrating Ductal Carcinoma
TCGA-C8-A12T,2,Breast Cancer,Breast Invasive Ductal Carcinoma,0.2311,0.2886,0.09,153,IDC,Primary,Matched,122,Yes,No,ILSBio,C8,5.133333333,Breast,Infiltrating Ductal Carcinoma
TCGA-C8-A12U,18,Breast Cancer,Breast Invasive Ductal Carcinoma,0.5344,0.2795,0.73,41,IDC,Primary,Matched,397,Yes,No,ILSBio,C8,1.5,Breast,Infiltrating Ductal Carcinoma
TCGA-C8-A12V,,Breast Cancer,Breast Invasive Ductal Carcinoma,0.0027,0.2736,0.01,41,IDC,Primary,Matched,45,Yes,No,ILSBio,C8,1.433333333,Breast,Infiltrating Ductal Carcinoma
TCGA-C8-A12W,27,Breast Cancer,Breast Invasive Ductal Carcinoma,0.3504,0.2886,0.65,53,IDC,Primary,Matched,229,Yes,No,ILSBio,C8,1.733333333,Breast,Infiltrating Ductal Carcinoma
TCGA-C8-A12X,10,Breast Cancer,Breast Invasive Mixed Mucinous Carcinoma,0.2971,0.2827,0.26,46,IMMC,Primary,Matched,65,Yes,No,ILSBio,C8,1.533333333,Breast,Mucinous Carcinoma
TCGA-C8-A12Y,8,Breast Cancer,Breast Invasive Ductal Carcinoma,0.2329,0.2626,0.2,34,IDC,Primary,Matched,97,Yes,No,ILSBio,C8,1.133333333,Breast,Infiltrating Ductal Carcinoma
TCGA-C8-A12Z,9,Breast Cancer,Breast Invasive Ductal Carcinoma,0.2697,0.2818,0.06,42,IDC,Primary,Matched,170,Yes,No,ILSBio,C8,1.433333333,Breast,Infiltrating Ductal Carcinoma
TCGA-C8-A130,20,Breast Cancer,Breast Invasive Ductal Carcinoma,0.5081,0.2892,0.47,34,IDC,Primary,Matched,470,Yes,No,ILSBio,C8,1.166666667,Breast,Infiltrating Ductal Carcinoma
TCGA-C8-A131,21,Breast Cancer,Breast Invasive Ductal Carcinoma,0.2303,0.2745,0.05,56,IDC,Primary,Matched,67,Yes,No,ILSBio,C8,1.933333333,Breast,Infiltrating Ductal Carcinoma
TCGA-C8-A132,14,Breast Cancer,Breast Invasive Ductal Carcinoma,0.1483,0.287,0.02,63,IDC,Primary,Matched,203,Yes,No,ILSBio,C8,2.133333333,Breast,Infiltrating Ductal Carcinoma
TCGA-C8-A133,0,Breast Cancer,Breast Invasive Carcinoma (NOS),0.0053,0.2636,0.01,24,BRCNOS,Primary,Matched,21,Yes,No,ILSBio,C8,0.8,Breast,Other
TCGA-C8-A134,8,Breast Cancer,Breast Invasive Ductal Carcinoma,0.4432,0.2972,0.31,82,IDC,Primary,Matched,142,Yes,No,ILSBio,C8,2.8,Breast,Infiltrating Ductal Carcinoma
TCGA-C8-A135,20,Breast Cancer,Breast Invasive Ductal Carcinoma,0.2977,0.2924,0.13,56,IDC,Primary,Matched,248,Yes,No,ILSBio,C8,1.9,Breast,Infiltrating Ductal Carcinoma
TCGA-C8-A137,5,Breast Cancer,Breast Invasive Ductal Carcinoma,0.2233,0.2714,0.24,43,IDC,Primary,Matched,218,Yes,No,ILSBio,C8,1.433333333,Breast,Infiltrating Ductal Carcinoma
TCGA-C8-A138,19,Breast Cancer,Breast Invasive Ductal Carcinoma,0.3556,0.2797,0.02,41,IDC,Primary,Matched,178,Yes,No,ILSBio,C8,1.466666667,Breast,Infiltrating Ductal Carcinoma
TCGA-C8-A1HE,4,Breast Cancer,Breast Invasive Ductal Carcinoma,0.1178,0.3348,0.82,36,IDC,Primary,Matched,43,Yes,No,ILSBio,C8,1.233333333,Breast,Infiltrating Ductal Carcinoma
TCGA-C8-A1HF,24,Breast Cancer,Breast Invasive Ductal Carcinoma,0.2475,0.2797,0.41,27,IDC,Primary,Matched,93,Yes,No,ILSBio,C8,0.9,Breast,Infiltrating Ductal Carcinoma
TCGA-C8-A1HG,16,Breast Cancer,Breast Invasive Ductal Carcinoma,0.3587,0.2608,0.31,41,IDC,Primary,Matched,255,Yes,No,ILSBio,C8,1.366666667,Breast,Infiltrating Ductal Carcinoma
TCGA-C8-A1HI,25,Breast Cancer,Breast Invasive Ductal Carcinoma,0.2579,0.2617,0.09,46,IDC,Primary,Matched,171,Yes,No,ILSBio,C8,1.533333333,Breast,Infiltrating Ductal Carcinoma
TCGA-C8-A1HJ,8,Breast Cancer,Breast Invasive Ductal Carcinoma,0.5135,0.3679,0.8,96,IDC,Primary,Matched,168,Yes,No,ILSBio,C8,3.2,Breast,Infiltrating Ductal Carcinoma
TCGA-C8-A1HK,25,Breast Cancer,Breast Invasive Ductal Carcinoma,0.5180,0.3767,0.75,53,IDC,Primary,Matched,236,Yes,No,ILSBio,C8,1.733333333,Breast,Infiltrating Ductal Carcinoma
TCGA-C8-A1HL,12,Breast Cancer,Breast Invasive Carcinoma (NOS),0.2376,0.2644,0.26,27,BRCNOS,Primary,Matched,114,Yes,No,ILSBio,C8,0.9,Breast,Other
TCGA-C8-A1HM,23,Breast Cancer,Breast Invasive Ductal Carcinoma,0.5116,0.2758,0.68,313,IDC,Primary,Matched,203,Yes,No,ILSBio,C8,10.43333333,Breast,Infiltrating Ductal Carcinoma
TCGA-C8-A1HN,20,Breast Cancer,Breast Invasive Ductal Carcinoma,0.4360,0.2734,0.3,45,IDC,Primary,Matched,463,Yes,No,ILSBio,C8,1.533333333,Breast,Infiltrating Ductal Carcinoma
TCGA-C8-A1HO,5,Breast Cancer,Breast Invasive Ductal Carcinoma,0.3198,0.3394,0.91,28,IDC,Primary,Matched,132,Yes,No,ILSBio,C8,0.933333333,Breast,Infiltrating Ductal Carcinoma
TCGA-C8-A26V,4,Breast Cancer,Breast Invasive Ductal Carcinoma,0.1835,0.2978,0.02,65,IDC,Primary,Matched,39,Yes,No,ILSBio,C8,2.166666667,Breast,Infiltrating Ductal Carcinoma
TCGA-C8-A26W,7,Breast Cancer,Breast Invasive Ductal Carcinoma,0.3238,0.3066,0.25,47,IDC,Primary,Matched,150,Yes,No,ILSBio,C8,1.6,Breast,Infiltrating Ductal Carcinoma
TCGA-C8-A26X,27,Breast Cancer,Breast Invasive Ductal Carcinoma,0.3564,0.3101,0.06,68,IDC,Primary,Matched,242,Yes,No,ILSBio,C8,2.3,Breast,Infiltrating Ductal Carcinoma
TCGA-C8-A26Y,20,Breast Cancer,Breast Invasive Ductal Carcinoma,0.5880,0.3403,0.57,633,IDC,Primary,Matched,260,Yes,No,ILSBio,C8,21.36666667,Breast,Infiltrating Ductal Carcinoma
TCGA-C8-A26Z,20,Breast Cancer,Breast Invasive Ductal Carcinoma,0.5299,0.3,0.31,43,IDC,Primary,Matched,169,Yes,No,ILSBio,C8,1.433333333,Breast,Infiltrating Ductal Carcinoma
TCGA-C8-A273,7,Breast Cancer,Breast Invasive Ductal Carcinoma,0.2254,0.2953,0.26,16,IDC,Primary,Matched,172,Yes,No,ILSBio,C8,0.533333333,Breast,Infiltrating Ductal Carcinoma
TCGA-C8-A274,16,Breast Cancer,Breast Invasive Ductal Carcinoma,0.4187,0.3504,0.41,191,IDC,Primary,Matched,42,Yes,No,ILSBio,C8,6.4,Breast,Infiltrating Ductal Carcinoma
TCGA-C8-A275,5,Breast Cancer,Breast Invasive Ductal Carcinoma,0.2019,0.3138,0.24,104,IDC,Primary,Matched,147,Yes,No,ILSBio,C8,3.533333333,Breast,Infiltrating Ductal Carcinoma
TCGA-C8-A278,17,Breast Cancer,Breast Invasive Ductal Carcinoma,0.1661,0.3104,0.09,43,IDC,Primary,Matched,175,Yes,No,ILSBio,C8,1.433333333,Breast,Infiltrating Ductal Carcinoma
TCGA-C8-A27A,16,Breast Cancer,Breast Invasive Ductal Carcinoma,0.3008,0.3255,0.81,24,IDC,Primary,Matched,329,Yes,No,ILSBio,C8,0.8,Breast,Infiltrating Ductal Carcinoma
TCGA-C8-A27B,14,Breast Cancer,Breast Invasive Ductal Carcinoma,0.7389,0.394,3.02,124,IDC,Primary,Matched,163,Yes,No,ILSBio,C8,4.1,Breast,Infiltrating Ductal Carcinoma
TCGA-C8-A3M7,8,Breast Cancer,Breast Invasive Lobular Carcinoma,0.1781,0.3138,0.01,127,ILC,Primary,Matched,48,Yes,No,ILSBio,C8,4.333333333,Breast,Infiltrating Lobular Carcinoma
TCGA-C8-A3M8,9,Breast Cancer,Breast Invasive Lobular Carcinoma,0.2516,0.2895,0.05,44,ILC,Primary,Matched,95,Yes,No,ILSBio,C8,1.433333333,Breast,Infiltrating Lobular Carcinoma
TCGA-C8-A8HP,10,Breast Cancer,Metaplastic Breast Cancer,0.0419,0.3167,0.01,144,MBC,Primary,Matched,150,Yes,No,ILSBio,C8,4.866666667,Breast,Metaplastic Carcinoma
TCGA-C8-A8HQ,5,Breast Cancer,Breast Invasive Mixed Mucinous Carcinoma,0.2302,0.3121,0.01,216,IMMC,Primary,Matched,95,Yes,No,ILSBio,C8,7.266666667,Breast,Mucinous Carcinoma
TCGA-C8-A8HR,10,Breast Cancer,Breast Invasive Lobular Carcinoma,0.0120,0.3233,0,40,ILC,Primary,Matched,57,Yes,No,ILSBio,C8,1.333333333,Breast,Infiltrating Lobular Carcinoma
TCGA-C8-A9FZ,7,Breast Cancer,Breast Invasive Carcinoma (NOS),0.6245,0.3305,0.22,21,BRCNOS,Primary,Matched,134,Yes,No,ILSBio,C8,0.733333333,Breast,Mixed Histology (NOS)
TCGA-D8-A13Y,13,Breast Cancer,Breast Invasive Ductal Carcinoma,0.9470,0.3032,1.06,67,IDC,Primary,Matched,137,Yes,No,Greater Poland Cancer Center,D8,2.233333333,Breast,Infiltrating Ductal Carcinoma
TCGA-D8-A13Z,27,Breast Cancer,Breast Invasive Ductal Carcinoma,0.4986,0.2975,0.33,83,IDC,Primary,Matched,334,Yes,No,Greater Poland Cancer Center,D8,2.766666667,Breast,Infiltrating Ductal Carcinoma
TCGA-D8-A140,5,Breast Cancer,Breast Invasive Ductal Carcinoma,0.2323,0.2922,0.07,95,IDC,Primary,Matched,364,Yes,No,Greater Poland Cancer Center,D8,3.166666667,Breast,Infiltrating Ductal Carcinoma
TCGA-D8-A141,9,Breast Cancer,Breast Invasive Ductal Carcinoma,0.0490,0.2838,0.04,19,IDC,Primary,Matched,4,Yes,No,Greater Poland Cancer Center,D8,0.633333333,Breast,Infiltrating Ductal Carcinoma
TCGA-D8-A142,,Breast Cancer,Breast Invasive Ductal Carcinoma,0.5222,0.2872,0.29,112,IDC,Primary,Matched,260,Yes,No,Greater Poland Cancer Center,D8,3.833333333,Breast,Infiltrating Ductal Carcinoma
TCGA-D8-A143,20,Breast Cancer,Breast Invasive Ductal Carcinoma,0.5356,0.3145,1.28,50,IDC,Primary,Matched,91,Yes,No,Greater Poland Cancer Center,D8,1.633333333,Breast,Infiltrating Ductal Carcinoma
TCGA-D8-A145,4,Breast Cancer,Breast Invasive Ductal Carcinoma,0.0845,0.2879,0,42,IDC,Primary,Matched,28,Yes,No,Greater Poland Cancer Center,D8,1.433333333,Breast,Infiltrating Ductal Carcinoma
TCGA-D8-A147,11,Breast Cancer,Breast Invasive Ductal Carcinoma,0.5742,0.2934,0.62,147,IDC,Primary,Matched,252,Yes,No,Greater Poland Cancer Center,D8,4.9,Breast,Infiltrating Ductal Carcinoma
TCGA-D8-A1J8,19,Breast Cancer,Breast Invasive Ductal Carcinoma,0.8977,0.4316,4.8,689,IDC,Primary,Matched,21,Yes,No,Greater Poland Cancer Center,D8,23.1,Breast,Infiltrating Ductal Carcinoma
TCGA-D8-A1J9,10,Breast Cancer,Breast Invasive Ductal Carcinoma,0.3573,0.3156,0.08,179,IDC,Primary,Matched,245,Yes,No,Greater Poland Cancer Center,D8,5.966666667,Breast,Infiltrating Ductal Carcinoma
TCGA-D8-A1JA,6,Breast Cancer,Breast Invasive Ductal Carcinoma,0.2448,0.31,0.38,785,IDC,Primary,Matched,136,Yes,No,Greater Poland Cancer Center,D8,26.6,Breast,Infiltrating Ductal Carcinoma
TCGA-D8-A1JB,8,Breast Cancer,Breast Invasive Ductal Carcinoma,0.0338,0.324,0.13,39,IDC,Primary,Matched,68,Yes,No,Greater Poland Cancer Center,D8,1.3,Breast,Infiltrating Ductal Carcinoma
TCGA-D8-A1JC,14,Breast Cancer,Breast Invasive Ductal Carcinoma,0.3667,0.2977,0.2,76,IDC,Primary,Matched,109,Yes,No,Greater Poland Cancer Center,D8,2.533333333,Breast,Infiltrating Ductal Carcinoma
TCGA-D8-A1JD,18,Breast Cancer,Breast Invasive Ductal Carcinoma,0.4688,0.3017,0.08,98,IDC,Primary,Matched,154,Yes,No,Greater Poland Cancer Center,D8,3.3,Breast,Infiltrating Ductal Carcinoma
TCGA-D8-A1JE,24,Breast Cancer,Breast Invasive Ductal Carcinoma,0.6207,0.3658,0.8,28,IDC,Primary,Matched,16,Yes,No,Greater Poland Cancer Center,D8,0.933333333,Breast,Infiltrating Ductal Carcinoma
TCGA-D8-A1JF,24,Breast Cancer,Breast Invasive Ductal Carcinoma,0.4140,0.3033,0.19,41,IDC,Primary,Matched,90,Yes,No,Greater Poland Cancer Center,D8,1.366666667,Breast,Infiltrating Ductal Carcinoma
TCGA-D8-A1JG,25,Breast Cancer,Breast Invasive Ductal Carcinoma,0.2687,0.348,0.33,132,IDC,Primary,Matched,218,Yes,No,Greater Poland Cancer Center,D8,4.466666667,Breast,Infiltrating Ductal Carcinoma
TCGA-D8-A1JH,0,Breast Cancer,Breast Invasive Ductal Carcinoma,0.0001,0.3268,0.66,21,IDC,Primary,Matched,2,Yes,No,Greater Poland Cancer Center,D8,0.7,Breast,Infiltrating Ductal Carcinoma
TCGA-D8-A1JI,9,Breast Cancer,Breast Invasive Ductal Carcinoma,0.3900,0.3136,0.29,25,IDC,Primary,Matched,69,Yes,No,Greater Poland Cancer Center,D8,0.8,Breast,Infiltrating Ductal Carcinoma
TCGA-D8-A1JJ,22,Breast Cancer,Breast Invasive Ductal Carcinoma,0.4374,0.2922,0.05,64,IDC,Primary,Matched,161,Yes,No,Greater Poland Cancer Center,D8,2.166666667,Breast,Infiltrating Ductal Carcinoma
TCGA-D8-A1JK,21,Breast Cancer,Breast Invasive Ductal Carcinoma,0.4906,0.3022,0.33,192,IDC,Primary,Matched,422,Yes,No,Greater Poland Cancer Center,D8,6.5,Breast,Infiltrating Ductal Carcinoma
TCGA-D8-A1JL,23,Breast Cancer,Breast Invasive Ductal Carcinoma,0.3656,0.3016,0.27,88,IDC,Primary,Matched,282,Yes,No,Greater Poland Cancer Center,D8,2.933333333,Breast,Infiltrating Ductal Carcinoma
TCGA-D8-A1JM,14,Breast Cancer,Breast Invasive Ductal Carcinoma,0.6736,0.3527,1.09,39,IDC,Primary,Matched,197,Yes,No,Greater Poland Cancer Center,D8,1.3,Breast,Infiltrating Ductal Carcinoma
TCGA-D8-A1JN,7,Breast Cancer,Breast Invasive Lobular Carcinoma,0.1263,0.3103,0.28,124,ILC,Primary,Matched,24,Yes,No,Greater Poland Cancer Center,D8,4.1,Breast,Infiltrating Lobular Carcinoma
TCGA-D8-A1JP,4,Breast Cancer,Breast Invasive Ductal Carcinoma,0.4267,0.3315,0.26,98,IDC,Primary,Matched,168,Yes,No,Greater Poland Cancer Center,D8,3.366666667,Breast,Infiltrating Ductal Carcinoma
TCGA-D8-A1JS,2,Breast Cancer,Breast Invasive Carcinoma (NOS),0.0619,0.2879,0.02,19,BRCNOS,Primary,Matched,3,Yes,No,Greater Poland Cancer Center,D8,0.633333333,Breast,Other
TCGA-D8-A1JT,18,Breast Cancer,Breast Invasive Carcinoma (NOS),0.4147,0.3311,0.52,27,BRCNOS,Primary,Matched,34,Yes,No,Greater Poland Cancer Center,D8,0.933333333,Breast,Other
TCGA-D8-A1JU,4,Breast Cancer,Breast Invasive Ductal Carcinoma,0.1035,0.4299,0.88,13,IDC,Primary,Matched,10,Yes,No,Greater Poland Cancer Center,D8,0.433333333,Breast,Infiltrating Ductal Carcinoma
TCGA-D8-A1X5,20,Breast Cancer,Breast Invasive Ductal Carcinoma,0.6310,0.3194,0.4,47,IDC,Primary,Matched,256,Yes,No,Greater Poland Cancer Center,D8,1.566666667,Breast,Infiltrating Ductal Carcinoma
TCGA-D8-A1X6,13,Breast Cancer,Breast Invasive Ductal Carcinoma,0.3619,0.2839,0.03,37,IDC,Primary,Matched,17,Yes,No,Greater Poland Cancer Center,D8,1.233333333,Breast,Infiltrating Ductal Carcinoma
TCGA-D8-A1X7,4,Breast Cancer,Breast Invasive Carcinoma (NOS),0.0853,0.3339,0.26,20,BRCNOS,Primary,Matched,5,Yes,No,Greater Poland Cancer Center,D8,0.666666667,Breast,Other
TCGA-D8-A1X8,3,Breast Cancer,Breast Invasive Lobular Carcinoma,0.1153,0.4478,1.18,22,ILC,Primary,Matched,23,Yes,No,Greater Poland Cancer Center,D8,0.766666667,Breast,Infiltrating Lobular Carcinoma
TCGA-D8-A1X9,4,Breast Cancer,Breast Invasive Ductal Carcinoma,0.2815,0.3887,0.41,83,IDC,Primary,Matched,137,Yes,No,Greater Poland Cancer Center,D8,2.8,Breast,Infiltrating Ductal Carcinoma
TCGA-D8-A1XA,17,Breast Cancer,Breast Invasive Ductal Carcinoma,0.8612,0.3223,1.02,24,IDC,Primary,Matched,39,Yes,No,Greater Poland Cancer Center,D8,0.8,Breast,Infiltrating Ductal Carcinoma
TCGA-D8-A1XB,3,Breast Cancer,Breast Invasive Ductal Carcinoma,0.2170,0.305,0.18,35,IDC,Primary,Matched,31,Yes,No,Greater Poland Cancer Center,D8,1.2,Breast,Infiltrating Ductal Carcinoma
TCGA-D8-A1XC,2,Breast Cancer,Breast Invasive Mixed Mucinous Carcinoma,0.0566,0.3219,0.29,25,IMMC,Primary,Matched,2,Yes,No,Greater Poland Cancer Center,D8,0.866666667,Breast,Mucinous Carcinoma
TCGA-D8-A1XD,6,Breast Cancer,Breast Invasive Ductal Carcinoma,0.1480,,,,IDC,Primary,Matched,161,Yes,No,Greater Poland Cancer Center,D8,0,Breast,Infiltrating Ductal Carcinoma
TCGA-D8-A1XF,25,Breast Cancer,Breast Invasive Ductal Carcinoma,0.6723,0.3394,1.82,29,IDC,Primary,Matched,77,Yes,No,Greater Poland Cancer Center,D8,0.933333333,Breast,Infiltrating Ductal Carcinoma
TCGA-D8-A1XG,4,Breast Cancer,Breast Invasive Ductal Carcinoma,0.1533,0.327,0.83,21,IDC,Primary,Matched,21,Yes,No,Greater Poland Cancer Center,D8,0.7,Breast,Infiltrating Ductal Carcinoma
TCGA-D8-A1XJ,14,Breast Cancer,Breast Invasive Carcinoma (NOS),0.3525,0.3111,0.28,80,BRCNOS,Primary,Matched,194,Yes,No,Greater Poland Cancer Center,D8,2.7,Breast,Other
TCGA-D8-A1XK,15,Breast Cancer,Breast Invasive Ductal Carcinoma,0.6388,0.6238,13.12,971,IDC,Primary,Matched,162,Yes,No,Greater Poland Cancer Center,D8,32.36666667,Breast,Infiltrating Ductal Carcinoma
TCGA-D8-A1XL,17,Breast Cancer,Breast Invasive Ductal Carcinoma,0.5466,0.3143,0.33,92,IDC,Primary,Matched,181,Yes,No,Greater Poland Cancer Center,D8,3.1,Breast,Infiltrating Ductal Carcinoma
TCGA-D8-A1XM,5,Breast Cancer,Breast Invasive Ductal Carcinoma,0.1667,0.2918,0,44,IDC,Primary,Matched,17,Yes,No,Greater Poland Cancer Center,D8,1.466666667,Breast,Infiltrating Ductal Carcinoma
TCGA-D8-A1XO,7,Breast Cancer,Breast Invasive Lobular Carcinoma,0.2323,0.3015,0.02,14,ILC,Primary,Matched,22,Yes,No,Greater Poland Cancer Center,D8,0.466666667,Breast,Infiltrating Lobular Carcinoma
TCGA-D8-A1XQ,10,Breast Cancer,Breast Invasive Ductal Carcinoma,0.3387,0.6331,16.36,797,IDC,Primary,Matched,405,Yes,No,Greater Poland Cancer Center,D8,26.63333333,Breast,Infiltrating Ductal Carcinoma
TCGA-D8-A1XR,6,Breast Cancer,Breast Invasive Ductal Carcinoma,0.2173,0.3401,0.28,27,IDC,Primary,Matched,21,Yes,No,Greater Poland Cancer Center,D8,0.9,Breast,Infiltrating Ductal Carcinoma
TCGA-D8-A1XS,8,Breast Cancer,Breast Invasive Carcinoma (NOS),0.2212,0.3248,0.33,21,BRCNOS,Primary,Matched,54,Yes,No,Greater Poland Cancer Center,D8,0.733333333,Breast,Other
TCGA-D8-A1XT,12,Breast Cancer,Breast Invasive Ductal Carcinoma,0.3942,0.2853,0.57,35,IDC,Primary,Matched,243,Yes,No,Greater Poland Cancer Center,D8,1.166666667,Breast,Infiltrating Ductal Carcinoma
TCGA-D8-A1XU,19,Breast Cancer,Breast Invasive Ductal Carcinoma,0.9465,0.302,0.03,22,IDC,Primary,Matched,67,Yes,No,Greater Poland Cancer Center,D8,0.8,Breast,Infiltrating Ductal Carcinoma
TCGA-D8-A1XV,1,Breast Cancer,Breast Invasive Mixed Mucinous Carcinoma,0.0342,0.2846,0,25,IMMC,Primary,Matched,4,Yes,No,Greater Poland Cancer Center,D8,0.9,Breast,Mucinous Carcinoma
TCGA-D8-A1XW,18,Breast Cancer,Breast Invasive Ductal Carcinoma,0.3797,0.3111,0.62,82,IDC,Primary,Matched,63,Yes,No,Greater Poland Cancer Center,D8,2.866666667,Breast,Infiltrating Ductal Carcinoma
TCGA-D8-A1XY,25,Breast Cancer,Breast Invasive Ductal Carcinoma,0.3139,0.295,0.21,43,IDC,Primary,Matched,84,Yes,No,Greater Poland Cancer Center,D8,1.433333333,Breast,Infiltrating Ductal Carcinoma
TCGA-D8-A1XZ,18,Breast Cancer,Breast Invasive Ductal Carcinoma,0.3560,0.2954,0.2,72,IDC,Primary,Matched,336,Yes,No,Greater Poland Cancer Center,D8,2.4,Breast,Infiltrating Ductal Carcinoma
TCGA-D8-A1Y0,10,Breast Cancer,Breast Invasive Ductal Carcinoma,0.3854,0.312,1.12,55,IDC,Primary,Matched,120,Yes,No,Greater Poland Cancer Center,D8,1.866666667,Breast,Infiltrating Ductal Carcinoma
TCGA-D8-A1Y1,21,Breast Cancer,Breast Invasive Ductal Carcinoma,0.5329,0.4692,6.24,203,IDC,Primary,Matched,8,Yes,No,Greater Poland Cancer Center,D8,6.8,Breast,Infiltrating Ductal Carcinoma
TCGA-D8-A1Y2,12,Breast Cancer,Breast Invasive Ductal Carcinoma,0.3094,0.3604,0.37,18,IDC,Primary,Matched,56,Yes,No,Greater Poland Cancer Center,D8,0.6,Breast,Infiltrating Ductal Carcinoma
TCGA-D8-A1Y3,22,Breast Cancer,Breast Invasive Ductal Carcinoma,0.6120,0.3234,1.46,49,IDC,Primary,Matched,108,Yes,No,Greater Poland Cancer Center,D8,1.666666667,Breast,Infiltrating Ductal Carcinoma
TCGA-D8-A27E,0,Breast Cancer,Breast Invasive Carcinoma (NOS),0.0001,0.3095,0.01,10,BRCNOS,Primary,Matched,2,Yes,No,Greater Poland Cancer Center,D8,0.333333333,Breast,Other
TCGA-D8-A27F,7,Breast Cancer,Breast Invasive Ductal Carcinoma,0.6698,0.3123,0.94,61,IDC,Primary,Matched,129,Yes,No,Greater Poland Cancer Center,D8,2.033333333,Breast,Infiltrating Ductal Carcinoma
TCGA-D8-A27G,4,Breast Cancer,Breast Invasive Lobular Carcinoma,0.1084,0.3223,0.08,813,ILC,Primary,Matched,119,Yes,No,Greater Poland Cancer Center,D8,27.13333333,Breast,Infiltrating Lobular Carcinoma
TCGA-D8-A27H,5,Breast Cancer,Breast Invasive Ductal Carcinoma,0.4824,,1.08,121,IDC,Primary,Matched,302,Yes,No,Greater Poland Cancer Center,D8,4.1,Breast,Infiltrating Ductal Carcinoma
TCGA-D8-A27I,12,Breast Cancer,Breast Invasive Lobular Carcinoma,0.0458,0.3554,0.09,29,ILC,Primary,Matched,24,Yes,No,Greater Poland Cancer Center,D8,0.966666667,Breast,Infiltrating Lobular Carcinoma
TCGA-D8-A27K,5,Breast Cancer,Breast Invasive Ductal Carcinoma,0.1153,0.2936,0.05,21,IDC,Primary,Matched,1,Yes,No,Greater Poland Cancer Center,D8,0.7,Breast,Infiltrating Ductal Carcinoma
TCGA-D8-A27L,7,Breast Cancer,Breast Invasive Ductal Carcinoma,0.1113,0.2929,0.01,39,IDC,Primary,Matched,10,Yes,No,Greater Poland Cancer Center,D8,1.3,Breast,Infiltrating Ductal Carcinoma
TCGA-D8-A27M,8,Breast Cancer,Breast Invasive Ductal Carcinoma,0.2982,0.3232,0.06,71,IDC,Primary,Matched,140,Yes,No,Greater Poland Cancer Center,D8,2.366666667,Breast,Infiltrating Ductal Carcinoma
TCGA-D8-A27N,8,Breast Cancer,Breast Invasive Ductal Carcinoma,0.2527,0.3201,0.25,41,IDC,Primary,Matched,267,Yes,No,Greater Poland Cancer Center,D8,1.366666667,Breast,Infiltrating Ductal Carcinoma
TCGA-D8-A27P,2,Breast Cancer,Breast Invasive Ductal Carcinoma,0.0485,0.3071,0.06,23,IDC,Primary,Matched,3,Yes,No,Greater Poland Cancer Center,D8,0.766666667,Breast,Infiltrating Ductal Carcinoma
TCGA-D8-A27R,21,Breast Cancer,Breast Invasive Ductal Carcinoma,0.3549,0.3162,0.28,34,IDC,Primary,Matched,213,Yes,No,Greater Poland Cancer Center,D8,1.133333333,Breast,Infiltrating Ductal Carcinoma
TCGA-D8-A27T,29,Breast Cancer,Breast Invasive Lobular Carcinoma,0.1924,0.3234,0.02,21,ILC,Primary,Matched,34,Yes,No,Greater Poland Cancer Center,D8,0.7,Breast,Infiltrating Lobular Carcinoma
TCGA-D8-A27V,13,Breast Cancer,Breast Invasive Lobular Carcinoma,0.3774,0.3265,0.97,3080,ILC,Primary,Matched,106,Yes,No,Greater Poland Cancer Center,D8,103.0666667,Breast,Infiltrating Lobular Carcinoma
TCGA-D8-A27W,34,Breast Cancer,Breast Invasive Mixed Mucinous Carcinoma,0.4452,0.3101,0.06,43,IMMC,Primary,Matched,103,Yes,No,Greater Poland Cancer Center,D8,1.433333333,Breast,Mucinous Carcinoma
TCGA-D8-A3Z5,6,Breast Cancer,Breast Invasive Lobular Carcinoma,0.1265,0.3186,0,,ILC,Primary,Matched,3,Yes,No,Greater Poland Cancer Center,D8,0,Breast,Infiltrating Lobular Carcinoma
TCGA-D8-A3Z6,10,Breast Cancer,Breast Invasive Lobular Carcinoma,0.2634,0.2925,0,25,ILC,Primary,Matched,46,Yes,No,Greater Poland Cancer Center,D8,0.833333333,Breast,Infiltrating Lobular Carcinoma
TCGA-D8-A4Z1,1,Breast Cancer,Breast Invasive Lobular Carcinoma,0.0031,0.2876,0,29,ILC,Primary,Matched,7,Yes,No,Greater Poland Cancer Center,D8,1,Breast,Infiltrating Lobular Carcinoma
TCGA-D8-A73U,12,Breast Cancer,Breast Invasive Lobular Carcinoma,0.0535,0.3289,0,123,ILC,Primary,Matched,22,Yes,No,Greater Poland Cancer Center,D8,4.133333333,Breast,Infiltrating Lobular Carcinoma
TCGA-D8-A73W,5,Breast Cancer,Breast Invasive Mixed Mucinous Carcinoma,0.1276,0.332,0,39,IMMC,Primary,Matched,19,Yes,No,Greater Poland Cancer Center,D8,1.3,Breast,Mucinous Carcinoma
TCGA-D8-A73X,5,Breast Cancer,Breast Invasive Carcinoma (NOS),0.0989,0.3195,0.01,31,BRCNOS,Primary,Matched,2,Yes,No,Greater Poland Cancer Center,D8,1.033333333,Breast,Other
TCGA-E2-A105,6,Breast Cancer,Breast Invasive Ductal Carcinoma,0.1353,,0.21,54,IDC,Primary,Matched,191,No,Yes,Roswell Park,E2,1.8,Breast,Infiltrating Ductal Carcinoma
TCGA-E2-A107,22,Breast Cancer,Breast Invasive Lobular Carcinoma,0.3303,,0.03,27,ILC,Primary,Matched,25,No,Yes,Roswell Park,E2,0.9,Breast,Infiltrating Lobular Carcinoma
TCGA-E2-A108,9,Breast Cancer,Breast Invasive Ductal Carcinoma,0.0338,,0.01,134,IDC,Primary,Matched,30,No,Yes,Roswell Park,E2,4.533333333,Breast,Infiltrating Ductal Carcinoma
TCGA-E2-A109,16,Breast Cancer,Breast Invasive Ductal Carcinoma,0.4427,,0.77,62,IDC,Primary,Matched,347,No,Yes,Roswell Park,E2,2.1,Breast,Infiltrating Ductal Carcinoma
TCGA-E2-A10A,6,Breast Cancer,Breast Invasive Ductal Carcinoma,0.2109,0.2721,0.26,22,IDC,Primary,Matched,239,No,Yes,Roswell Park,E2,0.733333333,Breast,Infiltrating Ductal Carcinoma
TCGA-E2-A10B,35,Breast Cancer,Breast Invasive Ductal Carcinoma,0.2365,,0.98,46,IDC,Primary,Matched,10,No,Yes,Roswell Park,E2,1.533333333,Breast,Infiltrating Ductal Carcinoma
TCGA-E2-A10C,21,Breast Cancer,Breast Invasive Ductal Carcinoma,0.5337,0.2886,0.08,334,IDC,Primary,Matched,135,No,Yes,Roswell Park,E2,11.23333333,Breast,Infiltrating Ductal Carcinoma
TCGA-E2-A10E,5,Breast Cancer,Breast Invasive Ductal Carcinoma,0.1522,,0.02,,IDC,Primary,Matched,36,No,Yes,Roswell Park,E2,0,Breast,Infiltrating Ductal Carcinoma
TCGA-E2-A10F,6,Breast Cancer,Breast Invasive Lobular Carcinoma,0.1319,,0.04,21,ILC,Primary,Matched,16,No,Yes,Roswell Park,E2,0.7,Breast,Infiltrating Lobular Carcinoma
TCGA-E2-A14N,19,Breast Cancer,Breast Invasive Ductal Carcinoma,0.0848,0.2559,0.05,77,IDC,Primary,Matched,127,No,Yes,Roswell Park,E2,2.566666667,Breast,Infiltrating Ductal Carcinoma
TCGA-E2-A14O,32,Breast Cancer,Breast Invasive Ductal Carcinoma,0.7348,0.2735,0.97,32,IDC,Primary,Matched,28,No,Yes,Roswell Park,E2,1.066666667,Breast,Infiltrating Ductal Carcinoma
TCGA-E2-A14P,14,Breast Cancer,Breast Invasive Ductal Carcinoma,0.2736,0.2906,0.72,62,IDC,Primary,Matched,788,No,Yes,Roswell Park,E2,2.1,Breast,Infiltrating Ductal Carcinoma
TCGA-E2-A14Q,8,Breast Cancer,Breast Invasive Ductal Carcinoma,0.1835,0.305,0.07,25,IDC,Primary,Matched,72,No,Yes,Roswell Park,E2,0.866666667,Breast,Infiltrating Ductal Carcinoma
TCGA-E2-A14R,11,Breast Cancer,Breast Invasive Ductal Carcinoma,0.7127,0.2927,1.89,111,IDC,Primary,Matched,440,No,Yes,Roswell Park,E2,3.7,Breast,Infiltrating Ductal Carcinoma
TCGA-E2-A14S,8,Breast Cancer,Breast Invasive Ductal Carcinoma,0.2502,0.2912,0.19,,IDC,Primary,Matched,83,No,Yes,Roswell Park,E2,0,Breast,Infiltrating Ductal Carcinoma
TCGA-E2-A14T,16,Breast Cancer,Breast Invasive Ductal Carcinoma,0.4914,0.2796,0.19,35,IDC,Primary,Matched,235,No,Yes,Roswell Park,E2,1.2,Breast,Infiltrating Ductal Carcinoma
TCGA-E2-A14U,3,Breast Cancer,Breast Invasive Lobular Carcinoma,0.0000,0.2891,0,,ILC,Primary,Matched,2,No,Yes,Roswell Park,E2,,Breast,Infiltrating Lobular Carcinoma
TCGA-E2-A14V,17,Breast Cancer,Breast Invasive Ductal Carcinoma,0.3800,0.2924,0.26,109,IDC,Primary,Matched,293,No,Yes,Roswell Park,E2,3.666666667,Breast,Infiltrating Ductal Carcinoma
TCGA-E2-A14W,5,Breast Cancer,Breast Invasive Ductal Carcinoma,0.3133,0.2597,0.38,97,IDC,Primary,Matched,95,No,Yes,Roswell Park,E2,3.2,Breast,Infiltrating Ductal Carcinoma
TCGA-E2-A14X,27,Breast Cancer,Breast Invasive Ductal Carcinoma,0.3320,0.2726,0.34,25,IDC,Primary,Matched,87,No,Yes,Roswell Park,E2,0.866666667,Breast,Infiltrating Ductal Carcinoma
TCGA-E2-A14Y,6,Breast Cancer,Breast Invasive Ductal Carcinoma,0.2263,0.2568,0.29,39,IDC,Primary,Matched,111,No,Yes,Roswell Park,E2,2.533333333,Breast,Infiltrating Ductal Carcinoma
TCGA-E2-A14Z,22,Breast Cancer,Breast Invasive Ductal Carcinoma,0.4779,0.2884,0.13,60,IDC,Primary,Matched,228,No,Yes,Roswell Park,E2,2.033333333,Breast,Infiltrating Ductal Carcinoma
TCGA-E2-A150,16,Breast Cancer,Breast Invasive Ductal Carcinoma,0.6710,0.2718,0.51,68,IDC,Primary,Matched,277,No,Yes,Roswell Park,E2,2.3,Breast,Infiltrating Ductal Carcinoma
TCGA-E2-A152,25,Breast Cancer,Breast Invasive Ductal Carcinoma,0.6421,0.2603,0.43,122,IDC,Primary,Matched,78,No,Yes,Roswell Park,E2,4.133333333,Breast,Infiltrating Ductal Carcinoma
TCGA-E2-A153,28,Breast Cancer,Breast Invasive Ductal Carcinoma,0.1942,0.2534,0.08,21,IDC,Primary,Matched,3,No,Yes,Roswell Park,E2,1.466666667,Breast,Infiltrating Ductal Carcinoma
TCGA-E2-A154,29,Breast Cancer,Breast Invasive Ductal Carcinoma,0.3826,0.2793,0.22,43,IDC,Primary,Matched,24,No,Yes,Roswell Park,E2,1.4,Breast,Infiltrating Ductal Carcinoma
TCGA-E2-A155,8,Breast Cancer,Breast Invasive Ductal Carcinoma,0.2209,0.2774,0.92,59,IDC,Primary,Matched,146,No,Yes,Roswell Park,E2,1.966666667,Breast,Infiltrating Ductal Carcinoma
TCGA-E2-A156,2,Breast Cancer,Breast Invasive Ductal Carcinoma,0.0482,0.253,0.17,26,IDC,Primary,Matched,27,No,Yes,Roswell Park,E2,0.866666667,Breast,Infiltrating Ductal Carcinoma
TCGA-E2-A158,7,Breast Cancer,Breast Invasive Ductal Carcinoma,0.4764,0.2697,1.53,78,IDC,Primary,Matched,209,No,Yes,Roswell Park,E2,3.2,Breast,Infiltrating Ductal Carcinoma
TCGA-E2-A159,18,Breast Cancer,Breast Invasive Ductal Carcinoma,0.3468,0.2551,0.17,133,IDC,Primary,Matched,124,No,Yes,Roswell Park,E2,4.366666667,Breast,Infiltrating Ductal Carcinoma
TCGA-E2-A15A,20,Breast Cancer,Breast Invasive Ductal Carcinoma,0.4767,0.2705,0.29,57,IDC,Primary,Matched,316,No,Yes,Roswell Park,E2,1.933333333,Breast,Infiltrating Ductal Carcinoma
TCGA-E2-A15C,9,Breast Cancer,Breast Invasive Ductal Carcinoma,0.1347,0.2691,0.12,35,IDC,Primary,Matched,2,No,Yes,Roswell Park,E2,1.166666667,Breast,Infiltrating Ductal Carcinoma
TCGA-E2-A15D,10,Breast Cancer,Breast Invasive Ductal Carcinoma,0.2234,0.2677,0.11,33,IDC,Primary,Matched,9,No,Yes,Roswell Park,E2,1.1,Breast,Infiltrating Ductal Carcinoma
TCGA-E2-A15E,23,Breast Cancer,Breast Invasive Ductal Carcinoma,0.2998,0.2752,0.09,34,IDC,Primary,Matched,286,No,Yes,Roswell Park,E2,1.133333333,Breast,Infiltrating Ductal Carcinoma
TCGA-E2-A15F,9,Breast Cancer,Breast Invasive Ductal Carcinoma,0.2419,,0.12,23,IDC,Primary,Matched,83,No,Yes,Roswell Park,E2,0.766666667,Breast,Infiltrating Ductal Carcinoma
TCGA-E2-A15G,16,Breast Cancer,Breast Invasive Carcinoma (NOS),0.0763,0.2697,0.04,50,BRCNOS,Primary,Matched,11,No,Yes,Roswell Park,E2,1.7,Breast,Mixed Histology (NOS)
TCGA-E2-A15H,17,Breast Cancer,Breast Invasive Ductal Carcinoma,0.1888,0.2652,0.14,28,IDC,Primary,Matched,231,No,Yes,Roswell Park,E2,0.933333333,Breast,Infiltrating Ductal Carcinoma
TCGA-E2-A15I,7,Breast Cancer,Breast Invasive Ductal Carcinoma,0.1498,0.2653,0.48,29,IDC,Primary,Matched,13,No,Yes,Roswell Park,E2,1.9,Breast,Infiltrating Ductal Carcinoma
TCGA-E2-A15J,5,Breast Cancer,Breast Invasive Ductal Carcinoma,0.1094,0.2733,0.19,19,IDC,Primary,Matched,19,No,Yes,Roswell Park,E2,0.666666667,Breast,Infiltrating Ductal Carcinoma
TCGA-E2-A15K,6,Breast Cancer,Breast Invasive Ductal Carcinoma,0.1946,0.2863,0.24,38,IDC,Primary,Matched,81,No,Yes,Roswell Park,E2,2.233333333,Breast,Infiltrating Ductal Carcinoma
TCGA-E2-A15L,3,Breast Cancer,Breast Invasive Lobular Carcinoma,0.1145,0.2725,0.03,30,ILC,Primary,Matched,9,No,Yes,Roswell Park,E2,1.266666667,Breast,Infiltrating Lobular Carcinoma
TCGA-E2-A15M,16,Breast Cancer,Breast Invasive Lobular Carcinoma,0.2774,0.2772,0.3,81,ILC,Primary,Matched,182,No,Yes,Roswell Park,E2,5.033333333,Breast,Infiltrating Lobular Carcinoma
TCGA-E2-A15O,11,Breast Cancer,Breast Invasive Ductal Carcinoma,0.2935,0.2816,0.19,27,IDC,Primary,Matched,60,No,Yes,Roswell Park,E2,0.9,Breast,Infiltrating Ductal Carcinoma
TCGA-E2-A15P,6,Breast Cancer,Breast Invasive Ductal Carcinoma,0.1936,0.2833,0.06,42,IDC,Primary,Matched,96,No,Yes,Roswell Park,E2,1.4,Breast,Infiltrating Ductal Carcinoma
TCGA-E2-A15R,9,Breast Cancer,Breast Invasive Ductal Carcinoma,0.3571,0.2856,0.35,33,IDC,Primary,Matched,63,No,Yes,Roswell Park,E2,1.133333333,Breast,Infiltrating Ductal Carcinoma
TCGA-E2-A15S,10,Breast Cancer,Breast Invasive Ductal Carcinoma,0.4632,0.2644,0.53,53,IDC,Primary,Matched,75,No,Yes,Roswell Park,E2,1.8,Breast,Infiltrating Ductal Carcinoma
TCGA-E2-A15T,5,Breast Cancer,Breast Invasive Ductal Carcinoma,0.1639,0.283,0.15,24,IDC,Primary,Matched,72,No,Yes,Roswell Park,E2,0.8,Breast,Infiltrating Ductal Carcinoma
TCGA-E2-A1AZ,22,Breast Cancer,Breast Invasive Ductal Carcinoma,0.2665,0.2761,0.41,51,IDC,Primary,Matched,221,No,Yes,Roswell Park,E2,1.666666667,Breast,Infiltrating Ductal Carcinoma
TCGA-E2-A1B0,27,Breast Cancer,Breast Invasive Ductal Carcinoma,0.2357,0.2831,0.58,41,IDC,Primary,Matched,272,No,Yes,Roswell Park,E2,1.4,Breast,Infiltrating Ductal Carcinoma
TCGA-E2-A1B1,2,Breast Cancer,Breast Invasive Ductal Carcinoma,0.0269,0.2713,0.01,54,IDC,Primary,Matched,70,No,Yes,Roswell Park,E2,1.766666667,Breast,Infiltrating Ductal Carcinoma
TCGA-E2-A1B4,2,Breast Cancer,Breast Invasive Ductal Carcinoma,0.0302,0.2568,0.01,30,IDC,Primary,Matched,1,No,Yes,Roswell Park,E2,1.033333333,Breast,Infiltrating Ductal Carcinoma
TCGA-E2-A1B5,5,Breast Cancer,Breast Invasive Lobular Carcinoma,0.0291,0.2663,0.88,32,ILC,Primary,Matched,70,No,Yes,Roswell Park,E2,2.133333333,Breast,Infiltrating Lobular Carcinoma
TCGA-E2-A1B6,,Breast Cancer,Breast Invasive Ductal Carcinoma,0.0002,0.2514,0,42,IDC,Primary,Matched,2,No,Yes,Roswell Park,E2,1.433333333,Breast,Infiltrating Ductal Carcinoma
TCGA-E2-A1BC,7,Breast Cancer,Breast Invasive Ductal Carcinoma,0.1381,0.2645,1.19,32,IDC,Primary,Matched,22,No,Yes,Roswell Park,E2,2.2,Breast,Infiltrating Ductal Carcinoma
TCGA-E2-A1BD,20,Breast Cancer,Breast Invasive Ductal Carcinoma,0.4632,0.2838,0.24,38,IDC,Primary,Matched,15,No,Yes,Roswell Park,E2,1.266666667,Breast,Infiltrating Ductal Carcinoma
TCGA-E2-A1IE,5,Breast Cancer,Breast Invasive Ductal Carcinoma,0.2631,0.3239,0.38,18,IDC,Primary,Matched,111,No,Yes,Roswell Park,E2,0.6,Breast,Infiltrating Ductal Carcinoma
TCGA-E2-A1IF,6,Breast Cancer,Breast Invasive Ductal Carcinoma,0.1180,0.3328,0.11,19,IDC,Primary,Matched,4,No,Yes,Roswell Park,E2,0.633333333,Breast,Infiltrating Ductal Carcinoma
TCGA-E2-A1IG,4,Breast Cancer,Breast Invasive Ductal Carcinoma,0.1263,0.3128,0.15,43,IDC,Primary,Matched,87,No,Yes,Roswell Park,E2,1.433333333,Breast,Infiltrating Ductal Carcinoma
TCGA-E2-A1IH,22,Breast Cancer,Breast Invasive Lobular Carcinoma,0.3813,0.3225,0.28,65,ILC,Primary,Matched,130,No,Yes,Roswell Park,E2,2.166666667,Breast,Infiltrating Lobular Carcinoma
TCGA-E2-A1II,18,Breast Cancer,Breast Invasive Ductal Carcinoma,0.5139,0.4355,0.84,28,IDC,Primary,Matched,121,No,Yes,Roswell Park,E2,0.933333333,Breast,Infiltrating Ductal Carcinoma
TCGA-E2-A1IJ,6,Breast Cancer,Breast Invasive Lobular Carcinoma,0.1163,0.3479,0.54,15,ILC,Primary,Matched,35,No,Yes,Roswell Park,E2,0.5,Breast,Infiltrating Lobular Carcinoma
TCGA-E2-A1IK,0,Breast Cancer,Breast Invasive Ductal Carcinoma,0.0000,0.2987,0,16,IDC,Primary,Matched,0,No,Yes,Roswell Park,E2,0.5,Breast,Infiltrating Ductal Carcinoma
TCGA-E2-A1IL,6,Breast Cancer,Breast Invasive Lobular Carcinoma,0.1685,0.2965,0.14,23,ILC,Primary,Matched,41,No,Yes,Roswell Park,E2,0.766666667,Breast,Infiltrating Lobular Carcinoma
TCGA-E2-A1IN,20,Breast Cancer,Breast Invasive Ductal Carcinoma,0.4490,0.3233,1.27,162,IDC,Primary,Matched,56,No,Yes,Roswell Park,E2,5.4,Breast,Infiltrating Ductal Carcinoma
TCGA-E2-A1IO,10,Breast Cancer,Breast Invasive Ductal Carcinoma,0.4112,0.3354,0.52,13,IDC,Primary,Matched,205,No,Yes,Roswell Park,E2,0.433333333,Breast,Infiltrating Ductal Carcinoma
TCGA-E2-A1IU,3,Breast Cancer,Breast Invasive Ductal Carcinoma,0.0515,0.3121,0.99,21,IDC,Primary,Matched,44,No,Yes,Roswell Park,E2,0.733333333,Breast,Infiltrating Ductal Carcinoma
TCGA-E2-A1L6,5,Breast Cancer,Breast Invasive Ductal Carcinoma,0.1288,0.3113,0.3,19,IDC,Primary,Matched,16,No,Yes,Roswell Park,E2,0.666666667,Breast,Infiltrating Ductal Carcinoma
TCGA-E2-A1L7,6,Breast Cancer,Breast Invasive Ductal Carcinoma,0.4586,0.3365,0.93,61,IDC,Primary,Matched,192,No,Yes,Roswell Park,E2,2.066666667,Breast,Infiltrating Ductal Carcinoma
TCGA-E2-A1L8,20,Breast Cancer,Breast Invasive Lobular Carcinoma,0.1645,0.329,0.53,27,ILC,Primary,Matched,64,No,Yes,Roswell Park,E2,0.9,Breast,Infiltrating Lobular Carcinoma
TCGA-E2-A1L9,4,Breast Cancer,Breast Invasive Ductal Carcinoma,0.0944,0.3394,0.38,24,IDC,Primary,Matched,4,No,Yes,Roswell Park,E2,0.8,Breast,Infiltrating Ductal Carcinoma
TCGA-E2-A1LA,3,Breast Cancer,Breast Invasive Ductal Carcinoma,0.3391,0.33,0.24,78,IDC,Primary,Matched,72,No,Yes,Roswell Park,E2,2.566666667,Breast,Infiltrating Ductal Carcinoma
TCGA-E2-A1LB,1,Breast Cancer,Breast Invasive Ductal Carcinoma,0.1072,0.3296,0.45,43,IDC,Primary,Matched,60,No,Yes,Roswell Park,E2,1.433333333,Breast,Infiltrating Ductal Carcinoma
TCGA-E2-A1LE,13,Breast Cancer,Breast Invasive Ductal Carcinoma,0.4304,0.2998,0.02,,IDC,Primary,Matched,581,No,Yes,Roswell Park,E2,0,Breast,Infiltrating Ductal Carcinoma
TCGA-E2-A1LG,19,Breast Cancer,Breast Invasive Lobular Carcinoma,0.5605,0.3061,0.8,140,ILC,Primary,Matched,113,No,Yes,Roswell Park,E2,4.8,Breast,Infiltrating Lobular Carcinoma
TCGA-E2-A1LH,18,Breast Cancer,Breast Invasive Ductal Carcinoma,0.1889,0.3031,0.18,177,IDC,Primary,Matched,234,No,Yes,Roswell Park,E2,6.066666667,Breast,Infiltrating Ductal Carcinoma
TCGA-E2-A1LI,26,Breast Cancer,Breast Invasive Ductal Carcinoma,0.4015,0.3573,0.45,25,IDC,Primary,Matched,93,No,Yes,Roswell Park,E2,0.9,Breast,Infiltrating Ductal Carcinoma
TCGA-E2-A1LK,16,Breast Cancer,Breast Invasive Ductal Carcinoma,0.3805,0.3073,2.89,36,IDC,Primary,Matched,168,No,Yes,Roswell Park,E2,1.2,Breast,Infiltrating Ductal Carcinoma
TCGA-E2-A1LL,13,Breast Cancer,Breast Invasive Ductal Carcinoma,0.3672,0.4091,2.8,43,IDC,Primary,Matched,713,No,Yes,Roswell Park,E2,1.433333333,Breast,Infiltrating Ductal Carcinoma
TCGA-E2-A1LS,,Breast Cancer,Breast Invasive Ductal Carcinoma,,0.3313,2.68,63,IDC,Primary,Matched,,No,Yes,Roswell Park,E2,2.1,Breast,Infiltrating Ductal Carcinoma
TCGA-E2-A2P5,26,Breast Cancer,Breast Invasive Lobular Carcinoma,0.6636,0.2955,0.01,,ILC,Primary,Matched,99,No,Yes,Roswell Park,E2,0,Breast,Infiltrating Lobular Carcinoma
TCGA-E2-A2P6,6,Breast Cancer,Breast Invasive Lobular Carcinoma,0.1405,0.2847,0,104,ILC,Primary,Matched,72,No,Yes,Roswell Park,E2,3.5,Breast,Infiltrating Lobular Carcinoma
TCGA-E2-A3DX,2,Breast Cancer,Breast Invasive Lobular Carcinoma,0.0199,0.3153,0.01,,ILC,Primary,Matched,4,No,Yes,Roswell Park,E2,0,Breast,Infiltrating Lobular Carcinoma
TCGA-E2-A56Z,17,Breast Cancer,Breast Invasive Ductal Carcinoma,0.4799,0.3253,0.18,43,IDC,Primary,Matched,152,No,Yes,Roswell Park,E2,1.5,Breast,Infiltrating Ductal Carcinoma
TCGA-E2-A570,7,Breast Cancer,Breast Invasive Ductal Carcinoma,0.1371,0.3341,0.04,20,IDC,Primary,Matched,7,No,Yes,Roswell Park,E2,0.7,Breast,Infiltrating Ductal Carcinoma
TCGA-E2-A573,27,Breast Cancer,Breast Invasive Ductal Carcinoma,0.3000,0.3234,0.05,46,IDC,Primary,Matched,54,No,Yes,Roswell Park,E2,1.566666667,Breast,Infiltrating Ductal Carcinoma
TCGA-E2-A574,27,Breast Cancer,Breast Invasive Ductal Carcinoma,0.6276,0.3525,1.55,90,IDC,Primary,Matched,199,No,Yes,Roswell Park,E2,3.033333333,Breast,Infiltrating Ductal Carcinoma
TCGA-E2-A576,10,Breast Cancer,Breast Invasive Lobular Carcinoma,0.3103,0.3386,0.16,44,ILC,Primary,Matched,72,No,Yes,Roswell Park,E2,1.466666667,Breast,Infiltrating Lobular Carcinoma
TCGA-E2-A9RU,27,Breast Cancer,Breast Invasive Ductal Carcinoma,0.4619,0.3405,0.78,64,IDC,Primary,Matched,587,No,Yes,Roswell Park,E2,2.2,Breast,Infiltrating Ductal Carcinoma
TCGA-E9-A1N3,1,Breast Cancer,Breast Invasive Carcinoma (NOS),0.0779,0.3674,0.03,24,BRCNOS,Primary,Matched,22,Yes,No,Asterand,E9,0.766666667,Breast,Mixed Histology (NOS)
TCGA-E9-A1N4,6,Breast Cancer,Breast Invasive Carcinoma (NOS),0.1888,0.2834,0.03,20,BRCNOS,Primary,Matched,51,Yes,No,Asterand,E9,0.666666667,Breast,Mixed Histology (NOS)
TCGA-E9-A1N5,7,Breast Cancer,Breast Invasive Carcinoma (NOS),0.1846,0.3403,1.19,30,BRCNOS,Primary,Matched,51,Yes,No,Asterand,E9,1.033333333,Breast,Mixed Histology (NOS)
TCGA-E9-A1N6,15,Breast Cancer,Breast Invasive Ductal Carcinoma,0.2459,,,,IDC,Primary,Matched,241,Yes,No,Asterand,E9,0,Breast,Infiltrating Ductal Carcinoma
TCGA-E9-A1N8,10,Breast Cancer,Breast Invasive Ductal Carcinoma,0.7276,0.361,2.08,32,IDC,Primary,Matched,133,Yes,No,Asterand,E9,1.066666667,Breast,Infiltrating Ductal Carcinoma
TCGA-E9-A1N9,17,Breast Cancer,Breast Invasive Carcinoma (NOS),0.4243,0.3531,1.1,48,BRCNOS,Primary,Matched,456,Yes,No,Asterand,E9,1.6,Breast,Mixed Histology (NOS)
TCGA-E9-A1NA,11,Breast Cancer,Breast Invasive Carcinoma (NOS),0.3875,0.3642,2.28,90,BRCNOS,Primary,Matched,1215,Yes,No,Asterand,E9,3,Breast,Mixed Histology (NOS)
TCGA-E9-A1NC,5,Breast Cancer,Breast Invasive Carcinoma (NOS),0.4230,0.3228,0.17,65,BRCNOS,Primary,Matched,172,Yes,No,Asterand,E9,2.2,Breast,Mixed Histology (NOS)
TCGA-E9-A1ND,16,Breast Cancer,Breast Invasive Ductal Carcinoma,0.1313,0.3721,1.26,84,IDC,Primary,Matched,231,Yes,No,Asterand,E9,2.833333333,Breast,Infiltrating Ductal Carcinoma
TCGA-E9-A1NE,4,Breast Cancer,Breast Invasive Ductal Carcinoma,0.0132,0.2816,0,50,IDC,Primary,Matched,49,Yes,No,Asterand,E9,1.666666667,Breast,Infiltrating Ductal Carcinoma
TCGA-E9-A1NF,21,Breast Cancer,Breast Invasive Carcinoma (NOS),0.4963,0.3237,0.77,51,BRCNOS,Primary,Matched,368,Yes,No,Asterand,E9,1.7,Breast,Mixed Histology (NOS)
TCGA-E9-A1NG,5,Breast Cancer,Breast Invasive Ductal Carcinoma,0.0874,0.3399,0.05,16,IDC,Primary,Matched,57,Yes,No,Asterand,E9,0.566666667,Breast,Infiltrating Ductal Carcinoma
TCGA-E9-A1NH,19,Breast Cancer,Breast Invasive Ductal Carcinoma,0.1230,0.3135,0.38,25,IDC,Primary,Matched,12,Yes,No,Asterand,E9,0.833333333,Breast,Infiltrating Ductal Carcinoma
TCGA-E9-A1NI,22,Breast Cancer,Breast Invasive Carcinoma (NOS),0.3954,0.3235,0.65,32,BRCNOS,Primary,Matched,59,Yes,No,Asterand,E9,1.066666667,Breast,Mixed Histology (NOS)
TCGA-E9-A1QZ,11,Breast Cancer,Breast Invasive Ductal Carcinoma,0.1040,0.3184,0.12,21,IDC,Primary,Matched,26,Yes,No,Asterand,E9,0.7,Breast,Infiltrating Ductal Carcinoma
TCGA-E9-A1R0,5,Breast Cancer,Breast Invasive Ductal Carcinoma,0.0970,0.2805,0,24,IDC,Primary,Matched,21,Yes,No,Asterand,E9,0.8,Breast,Infiltrating Ductal Carcinoma
TCGA-E9-A1R2,7,Breast Cancer,Breast Invasive Ductal Carcinoma,0.3226,0.3169,0.31,54,IDC,Primary,Matched,66,Yes,No,Asterand,E9,1.833333333,Breast,Infiltrating Ductal Carcinoma
TCGA-E9-A1R3,23,Breast Cancer,Breast Invasive Ductal Carcinoma,0.3326,0.2873,0,21,IDC,Primary,Matched,17,Yes,No,Asterand,E9,0.7,Breast,Infiltrating Ductal Carcinoma
TCGA-E9-A1R4,17,Breast Cancer,Breast Invasive Ductal Carcinoma,0.3172,0.3146,0.37,110,IDC,Primary,Matched,135,Yes,No,Asterand,E9,3.7,Breast,Infiltrating Ductal Carcinoma
TCGA-E9-A1R5,10,Breast Cancer,Breast Invasive Ductal Carcinoma,0.2577,0.2892,0.22,42,IDC,Primary,Matched,91,Yes,No,Asterand,E9,1.4,Breast,Infiltrating Ductal Carcinoma
TCGA-E9-A1R6,21,Breast Cancer,Breast Invasive Ductal Carcinoma,0.4507,0.3151,0.43,28,IDC,Primary,Matched,161,Yes,No,Asterand,E9,0.933333333,Breast,Infiltrating Ductal Carcinoma
TCGA-E9-A1R7,13,Breast Cancer,Breast Invasive Ductal Carcinoma,0.3827,0.3563,0.96,45,IDC,Primary,Matched,269,Yes,No,Asterand,E9,1.566666667,Breast,Infiltrating Ductal Carcinoma
TCGA-E9-A1RA,25,Breast Cancer,Breast Invasive Ductal Carcinoma,0.0886,0.3227,0.28,16,IDC,Primary,Matched,1,Yes,No,Asterand,E9,0.5,Breast,Infiltrating Ductal Carcinoma
TCGA-E9-A1RB,27,Breast Cancer,Breast Invasive Ductal Carcinoma,0.6044,0.315,0.76,26,IDC,Primary,Matched,131,Yes,No,Asterand,E9,0.866666667,Breast,Infiltrating Ductal Carcinoma
TCGA-E9-A1RC,28,Breast Cancer,Breast Invasive Carcinoma (NOS),0.2996,0.3181,0.86,40,BRCNOS,Primary,Matched,92,Yes,No,Asterand,E9,1.266666667,Breast,Mixed Histology (NOS)
TCGA-E9-A1RD,12,Breast Cancer,Breast Invasive Ductal Carcinoma,0.2262,0.3053,0.05,21,IDC,Primary,Matched,1,Yes,No,Asterand,E9,0.7,Breast,Infiltrating Ductal Carcinoma
TCGA-E9-A1RE,18,Breast Cancer,Breast Invasive Ductal Carcinoma,0.5125,0.3168,1.16,48,IDC,Primary,Matched,205,Yes,No,Asterand,E9,1.633333333,Breast,Infiltrating Ductal Carcinoma
TCGA-E9-A1RF,16,Breast Cancer,Breast Invasive Ductal Carcinoma,0.4068,0.2913,0.41,127,IDC,Primary,Matched,337,Yes,No,Asterand,E9,4.266666667,Breast,Infiltrating Ductal Carcinoma
TCGA-E9-A1RG,20,Breast Cancer,Breast Invasive Ductal Carcinoma,0.6107,0.3466,2.11,33,IDC,Primary,Matched,252,Yes,No,Asterand,E9,1.1,Breast,Infiltrating Ductal Carcinoma
TCGA-E9-A1RH,23,Breast Cancer,Breast Invasive Ductal Carcinoma,0.4291,0.3174,0.33,87,IDC,Primary,Matched,342,Yes,No,Asterand,E9,2.933333333,Breast,Infiltrating Ductal Carcinoma
TCGA-E9-A1RI,6,Breast Cancer,Breast Invasive Carcinoma (NOS),0.1189,0.3058,0.08,14,BRCNOS,Primary,Matched,25,Yes,No,Asterand,E9,0.466666667,Breast,Mixed Histology (NOS)
TCGA-E9-A226,7,Breast Cancer,Breast Invasive Ductal Carcinoma,0.2557,0.3205,0.31,61,IDC,Primary,Matched,146,Yes,No,Asterand,E9,2.033333333,Breast,Infiltrating Ductal Carcinoma
TCGA-E9-A227,2,Breast Cancer,Breast Invasive Ductal Carcinoma,0.0506,0.2776,0.07,16,IDC,Primary,Matched,9,Yes,No,Asterand,E9,0.533333333,Breast,Infiltrating Ductal Carcinoma
TCGA-E9-A228,3,Breast Cancer,Breast Invasive Ductal Carcinoma,0.1701,0.3505,0.39,39,IDC,Primary,Matched,165,Yes,No,Asterand,E9,1.3,Breast,Infiltrating Ductal Carcinoma
TCGA-E9-A229,4,Breast Cancer,Breast Invasive Ductal Carcinoma,0.1635,0.3246,0.02,21,IDC,Primary,Matched,130,Yes,No,Asterand,E9,0.7,Breast,Infiltrating Ductal Carcinoma
TCGA-E9-A22A,9,Breast Cancer,Breast Invasive Ductal Carcinoma,0.3124,0.3325,0.15,27,IDC,Primary,Matched,122,Yes,No,Asterand,E9,0.9,Breast,Infiltrating Ductal Carcinoma
TCGA-E9-A22B,9,Breast Cancer,Breast Invasive Carcinoma (NOS),0.2412,0.3157,0.1,51,BRCNOS,Primary,Matched,91,Yes,No,Asterand,E9,1.766666667,Breast,Mixed Histology (NOS)
TCGA-E9-A22D,16,Breast Cancer,Breast Invasive Ductal Carcinoma,0.2295,0.3096,0.18,28,IDC,Primary,Matched,402,Yes,No,Asterand,E9,0.966666667,Breast,Infiltrating Ductal Carcinoma
TCGA-E9-A22E,16,Breast Cancer,Breast Invasive Ductal Carcinoma,0.4323,0.4072,0.98,115,IDC,Primary,Matched,188,Yes,No,Asterand,E9,3.9,Breast,Infiltrating Ductal Carcinoma
TCGA-E9-A22G,11,Breast Cancer,Breast Invasive Ductal Carcinoma,0.8768,0.3397,1.64,80,IDC,Primary,Matched,235,Yes,No,Asterand,E9,2.7,Breast,Infiltrating Ductal Carcinoma
TCGA-E9-A22H,4,Breast Cancer,Breast Invasive Ductal Carcinoma,0.1039,0.3074,0.5,25,IDC,Primary,Matched,21,Yes,No,Asterand,E9,0.866666667,Breast,Infiltrating Ductal Carcinoma
TCGA-E9-A243,21,Breast Cancer,Breast Invasive Ductal Carcinoma,0.1011,0.3063,0.01,65,IDC,Primary,Matched,87,Yes,No,Asterand,E9,2.3,Breast,Infiltrating Ductal Carcinoma
TCGA-E9-A244,13,Breast Cancer,Breast Invasive Ductal Carcinoma,0.3765,0.3557,1.22,81,IDC,Primary,Matched,346,Yes,No,Asterand,E9,2.7,Breast,Infiltrating Ductal Carcinoma
TCGA-E9-A245,1,Breast Cancer,Breast Invasive Ductal Carcinoma,0.0345,0.3505,0.01,19,IDC,Primary,Matched,5,Yes,No,Asterand,E9,0.633333333,Breast,Infiltrating Ductal Carcinoma
TCGA-E9-A247,22,Breast Cancer,Breast Invasive Ductal Carcinoma,0.7006,0.3905,3.51,39,IDC,Primary,Matched,132,Yes,No,Asterand,E9,1.3,Breast,Infiltrating Ductal Carcinoma
TCGA-E9-A248,15,Breast Cancer,Breast Invasive Ductal Carcinoma,0.0790,0.31,0.31,29,IDC,Primary,Matched,263,Yes,No,Asterand,E9,0.966666667,Breast,Infiltrating Ductal Carcinoma
TCGA-E9-A249,23,Breast Cancer,Breast Invasive Ductal Carcinoma,0.4018,0.339,0.6,18,IDC,Primary,Matched,3,Yes,No,Asterand,E9,0.6,Breast,Infiltrating Ductal Carcinoma
TCGA-E9-A24A,6,Breast Cancer,Breast Invasive Ductal Carcinoma,0.1266,0.3188,0.27,22,IDC,Primary,Matched,4,Yes,No,Asterand,E9,0.733333333,Breast,Infiltrating Ductal Carcinoma
TCGA-E9-A295,23,Breast Cancer,Breast Invasive Lobular Carcinoma,0.4456,0.3216,0.32,87,ILC,Primary,Matched,69,Yes,No,Asterand,E9,2.933333333,Breast,Infiltrating Lobular Carcinoma
TCGA-E9-A2JS,15,Breast Cancer,Breast Invasive Lobular Carcinoma,0.6188,0.3135,0.81,56,ILC,Primary,Matched,149,Yes,No,Asterand,E9,1.933333333,Breast,Infiltrating Lobular Carcinoma
TCGA-E9-A2JT,0,Breast Cancer,Breast Invasive Lobular Carcinoma,0.0019,0.3161,0.08,21,ILC,Primary,Matched,2,Yes,No,Asterand,E9,0.7,Breast,Infiltrating Lobular Carcinoma
TCGA-E9-A3HO,11,Breast Cancer,Breast Invasive Lobular Carcinoma,0.4019,0.2903,0.04,53,ILC,Primary,Matched,105,Yes,No,Asterand,E9,1.833333333,Breast,Infiltrating Lobular Carcinoma
TCGA-E9-A3Q9,0,Breast Cancer,Breast Invasive Lobular Carcinoma,0.0275,0.3186,0.01,,ILC,Primary,Matched,12,Yes,No,Asterand,E9,0,Breast,Infiltrating Lobular Carcinoma
TCGA-E9-A3QA,6,Breast Cancer,Breast Invasive Ductal Carcinoma,0.0908,0.2997,0,40,IDC,Primary,Matched,108,Yes,No,Asterand,E9,1.333333333,Breast,Medullary Carcinoma
TCGA-E9-A3X8,22,Breast Cancer,Breast Invasive Lobular Carcinoma,0.0767,0.2965,0,26,ILC,Primary,Matched,5,Yes,No,Asterand,E9,0.866666667,Breast,Infiltrating Lobular Carcinoma
TCGA-E9-A54X,9,Breast Cancer,Breast Invasive Mixed Mucinous Carcinoma,0.2207,0.2851,0.02,,IMMC,Primary,Matched,29,Yes,No,Asterand,E9,0,Breast,Mucinous Carcinoma
TCGA-E9-A54Y,9,Breast Cancer,Breast Invasive Lobular Carcinoma,0.5066,0.3073,0.71,35,ILC,Primary,Matched,93,Yes,No,Asterand,E9,1.2,Breast,Infiltrating Lobular Carcinoma
TCGA-E9-A5FK,,Breast Cancer,Breast Invasive Lobular Carcinoma,0.0837,0.2958,0,22,ILC,Primary,Matched,29,Yes,No,Asterand,E9,0.733333333,Breast,Infiltrating Lobular Carcinoma
TCGA-E9-A5FL,20,Breast Cancer,Metaplastic Breast Cancer,0.3713,0.3043,0.01,81,MBC,Primary,Matched,193,Yes,No,Asterand,E9,2.766666667,Breast,Metaplastic Carcinoma
TCGA-E9-A5UO,9,Breast Cancer,Breast Invasive Mixed Mucinous Carcinoma,0.2246,0.2921,0.19,24,IMMC,Primary,Matched,174,Yes,No,Asterand,E9,0.8,Breast,Mucinous Carcinoma
TCGA-E9-A5UP,23,Breast Cancer,Breast Invasive Carcinoma (NOS),0.5951,0.2997,0.24,,BRCNOS,Primary,Matched,43,Yes,No,Asterand,E9,0,Breast,Other
TCGA-E9-A6HE,8,Breast Cancer,Breast Invasive Lobular Carcinoma,0.1661,0.3408,0,19,ILC,Primary,Matched,17,Yes,No,Asterand,E9,0.633333333,Breast,Infiltrating Lobular Carcinoma
TCGA-EW-A1IW,6,Breast Cancer,Breast Invasive Lobular Carcinoma,0.1756,0.2984,0.17,79,ILC,Primary,Matched,83,No,Yes,University of Miami,EW,2.666666667,Breast,Infiltrating Lobular Carcinoma
TCGA-EW-A1IX,3,Breast Cancer,Breast Invasive Carcinoma (NOS),0.0676,0.3778,0.24,32,BRCNOS,Primary,Matched,36,No,Yes,University of Miami,EW,1.066666667,Breast,Other
TCGA-EW-A1IY,2,Breast Cancer,Breast Invasive Ductal Carcinoma,0.0644,0.333,0.36,28,IDC,Primary,Matched,12,No,Yes,University of Miami,EW,0.933333333,Breast,Infiltrating Ductal Carcinoma
TCGA-EW-A1IZ,2,Breast Cancer,Breast Invasive Ductal Carcinoma,0.0078,0.5417,8.42,366,IDC,Primary,Matched,47,No,Yes,University of Miami,EW,12.3,Breast,Infiltrating Ductal Carcinoma
TCGA-EW-A1J1,13,Breast Cancer,Breast Invasive Ductal Carcinoma,0.2787,0.3332,0.91,15,IDC,Primary,Matched,76,No,Yes,University of Miami,EW,0.5,Breast,Infiltrating Ductal Carcinoma
TCGA-EW-A1J2,4,Breast Cancer,Breast Invasive Lobular Carcinoma,0.1378,0.3199,0.13,33,ILC,Primary,Matched,14,No,Yes,University of Miami,EW,1.1,Breast,Infiltrating Lobular Carcinoma
TCGA-EW-A1J3,9,Breast Cancer,Breast Invasive Lobular Carcinoma,0.1817,0.294,0.18,22,ILC,Primary,Matched,54,No,Yes,University of Miami,EW,0.733333333,Breast,Infiltrating Lobular Carcinoma
TCGA-EW-A1J5,8,Breast Cancer,Breast Invasive Lobular Carcinoma,0.1777,0.312,0.24,365,ILC,Primary,Matched,34,No,Yes,University of Miami,EW,12.26666667,Breast,Infiltrating Lobular Carcinoma
TCGA-EW-A1J6,16,Breast Cancer,Breast Invasive Ductal Carcinoma,0.9022,0.3472,1.86,31,IDC,Primary,Matched,172,No,Yes,University of Miami,EW,1.033333333,Breast,Infiltrating Ductal Carcinoma
TCGA-EW-A1OV,18,Breast Cancer,Breast Invasive Ductal Carcinoma,0.3884,0.3521,0.96,97,IDC,Primary,Matched,51,No,Yes,University of Miami,EW,3.3,Breast,Infiltrating Ductal Carcinoma
TCGA-EW-A1OW,19,Breast Cancer,Breast Invasive Ductal Carcinoma,0.4637,,,,IDC,Primary,Matched,82,No,Yes,University of Miami,EW,0,Breast,Infiltrating Ductal Carcinoma
TCGA-EW-A1OX,1,Breast Cancer,Breast Invasive Mixed Mucinous Carcinoma,0.0924,0.3465,1.98,11,IMMC,Primary,Matched,84,No,Yes,University of Miami,EW,0.4,Breast,Mucinous Carcinoma
TCGA-EW-A1OY,18,Breast Cancer,Breast Invasive Ductal Carcinoma,0.5930,0.3431,1.39,57,IDC,Primary,Matched,195,No,Yes,University of Miami,EW,1.9,Breast,Infiltrating Ductal Carcinoma
TCGA-EW-A1OZ,16,Breast Cancer,Breast Invasive Ductal Carcinoma,0.6261,0.3658,3.86,53,IDC,Primary,Matched,312,No,Yes,University of Miami,EW,1.766666667,Breast,Infiltrating Ductal Carcinoma
TCGA-EW-A1P0,5,Breast Cancer,Breast Invasive Carcinoma (NOS),0.2439,0.3252,0.37,20,BRCNOS,Primary,Matched,90,No,Yes,University of Miami,EW,0.666666667,Breast,Other
TCGA-EW-A1P1,0,Breast Cancer,Breast Invasive Ductal Carcinoma,0.0008,0.3277,1.16,2,IDC,Primary,Matched,2,No,Yes,University of Miami,EW,0.066666667,Breast,Infiltrating Ductal Carcinoma
TCGA-EW-A1P3,11,Breast Cancer,Breast Invasive Ductal Carcinoma,0.2396,0.3187,0.04,22,IDC,Primary,Matched,16,No,Yes,University of Miami,EW,0.733333333,Breast,Infiltrating Ductal Carcinoma
TCGA-EW-A1P4,17,Breast Cancer,Breast Invasive Ductal Carcinoma,0.4697,0.3721,0.97,60,IDC,Primary,Matched,234,No,Yes,University of Miami,EW,1.966666667,Breast,Medullary Carcinoma
TCGA-EW-A1P5,19,Breast Cancer,Breast Invasive Ductal Carcinoma,0.2559,0.335,0.28,17,IDC,Primary,Matched,22,No,Yes,University of Miami,EW,0.566666667,Breast,Infiltrating Ductal Carcinoma
TCGA-EW-A1P6,5,Breast Cancer,Breast Invasive Ductal Carcinoma,0.0919,0.3383,0.35,20,IDC,Primary,Matched,23,No,Yes,University of Miami,EW,0.666666667,Breast,Infiltrating Ductal Carcinoma
TCGA-EW-A1P7,1,Breast Cancer,Breast Invasive Ductal Carcinoma,0.0027,0.3686,1.05,19,IDC,Primary,Matched,16,No,Yes,University of Miami,EW,0.666666667,Breast,Infiltrating Ductal Carcinoma
TCGA-EW-A1P8,18,Breast Cancer,Breast Invasive Ductal Carcinoma,0.9462,0.3189,1.23,28,IDC,Primary,Matched,95,No,Yes,University of Miami,EW,0.933333333,Breast,Infiltrating Ductal Carcinoma
TCGA-EW-A1PA,9,Breast Cancer,Breast Invasive Ductal Carcinoma,0.3026,0.3289,2.02,29,IDC,Primary,Matched,185,No,Yes,University of Miami,EW,0.966666667,Breast,Infiltrating Ductal Carcinoma
TCGA-EW-A1PB,14,Breast Cancer,Breast Invasive Ductal Carcinoma,0.1579,0.3663,1.08,130,IDC,Primary,Matched,195,No,Yes,University of Miami,EW,4.366666667,Breast,Infiltrating Ductal Carcinoma
TCGA-EW-A1PC,25,Breast Cancer,Breast Invasive Ductal Carcinoma,0.5900,0.3364,0.87,,IDC,Primary,Matched,166,No,Yes,University of Miami,EW,0,Breast,Infiltrating Ductal Carcinoma
TCGA-EW-A1PD,9,Breast Cancer,Breast Invasive Ductal Carcinoma,0.3329,0.3721,4.09,71,IDC,Primary,Matched,66,No,Yes,University of Miami,EW,2.366666667,Breast,Infiltrating Ductal Carcinoma
TCGA-EW-A1PE,6,Breast Cancer,Breast Invasive Ductal Carcinoma,0.1758,0.3418,0.44,28,IDC,Primary,Matched,11,No,Yes,University of Miami,EW,0.933333333,Breast,Infiltrating Ductal Carcinoma
TCGA-EW-A1PF,8,Breast Cancer,Breast Invasive Ductal Carcinoma,0.2254,,,,IDC,Primary,Matched,41,No,Yes,University of Miami,EW,0,Breast,Infiltrating Ductal Carcinoma
TCGA-EW-A1PG,0,Breast Cancer,Breast Invasive Lobular Carcinoma,0.0004,0.3521,0.21,9,ILC,Primary,Matched,17,No,Yes,University of Miami,EW,0.3,Breast,Infiltrating Lobular Carcinoma
TCGA-EW-A1PH,11,Breast Cancer,Breast Invasive Ductal Carcinoma,0.4664,0.2948,0.74,47,IDC,Primary,Matched,288,No,Yes,University of Miami,EW,1.566666667,Breast,Infiltrating Ductal Carcinoma
TCGA-EW-A2FR,22,Breast Cancer,Breast Invasive Ductal Carcinoma,0.0742,0.2905,0.02,39,IDC,Primary,Matched,182,No,Yes,University of Miami,EW,1.266666667,Breast,Infiltrating Ductal Carcinoma
TCGA-EW-A2FS,4,Breast Cancer,Breast Invasive Ductal Carcinoma,0.1908,0.3517,0.97,27,IDC,Primary,Matched,155,No,Yes,University of Miami,EW,0.9,Breast,Infiltrating Ductal Carcinoma
TCGA-EW-A2FV,21,Breast Cancer,Breast Invasive Carcinoma (NOS),0.1508,0.3338,1.49,3879,BRCNOS,Primary,Matched,105,No,Yes,University of Miami,EW,130.3,Breast,Other
TCGA-EW-A2FW,5,Breast Cancer,Breast Invasive Carcinoma (NOS),0.2122,0.3328,0.25,23,BRCNOS,Primary,Matched,158,No,Yes,University of Miami,EW,0.766666667,Breast,Other
TCGA-EW-A3E8,4,Breast Cancer,Breast Invasive Lobular Carcinoma,0.0997,0.2998,0,,ILC,Primary,Matched,72,Yes,No,University of Miami,EW,0,Breast,Infiltrating Lobular Carcinoma
TCGA-EW-A3U0,12,Breast Cancer,Breast Invasive Ductal Carcinoma,0.4676,0.3219,0.07,,IDC,Primary,Matched,610,Yes,No,University of Miami,EW,0,Breast,Infiltrating Ductal Carcinoma
TCGA-EW-A423,28,Breast Cancer,Breast Invasive Lobular Carcinoma,0.6939,0.3097,0.45,43,ILC,Primary,Matched,87,Yes,No,University of Miami,EW,1.466666667,Breast,Infiltrating Lobular Carcinoma
TCGA-EW-A424,4,Breast Cancer,Breast Invasive Lobular Carcinoma,0.1872,,0,,ILC,Primary,Matched,45,Yes,No,University of Miami,EW,0,Breast,Infiltrating Lobular Carcinoma
TCGA-EW-A6S9,4,Breast Cancer,Breast Invasive Ductal Carcinoma,0.1839,0.3458,0.54,25,IDC,Primary,Matched,218,,,University of Miami,EW,0.833333333,Breast,Infiltrating Ductal Carcinoma
TCGA-EW-A6SA,16,Breast Cancer,Breast Invasive Ductal Carcinoma,0.5613,0.3435,0.78,65,IDC,Primary,Matched,172,Yes,No,University of Miami,EW,2.233333333,Breast,Infiltrating Ductal Carcinoma
TCGA-EW-A6SB,23,Breast Cancer,Breast Invasive Ductal Carcinoma,0.2153,0.3424,0.01,65,IDC,Primary,Matched,104,,,University of Miami,EW,2.2,Breast,Infiltrating Ductal Carcinoma
TCGA-EW-A6SC,5,Breast Cancer,Breast Invasive Lobular Carcinoma,0.1298,0.3447,0,27,ILC,Primary,Matched,91,,,University of Miami,EW,0.866666667,Breast,Infiltrating Lobular Carcinoma
TCGA-EW-A6SD,24,Breast Cancer,Breast Invasive Ductal Carcinoma,0.4194,0.3517,0.34,43,IDC,Primary,Matched,315,Yes,No,University of Miami,EW,1.5,Breast,Infiltrating Ductal Carcinoma
TCGA-GI-A2C8,13,Breast Cancer,Breast Invasive Ductal Carcinoma,0.5576,0.3289,0.19,105,IDC,Primary,Matched,328,No,Yes,ABS - IUPUI,GI,3.533333333,Breast,Infiltrating Ductal Carcinoma
TCGA-GI-A2C9,8,Breast Cancer,Breast Invasive Ductal Carcinoma,0.5638,0.3253,0.13,,IDC,Primary,Matched,228,No,Yes,ABS - IUPUI,GI,0,Breast,Infiltrating Ductal Carcinoma
TCGA-GM-A2D9,5,Breast Cancer,Breast Invasive Ductal Carcinoma,0.1545,0.3107,0.07,436,IDC,Primary,Matched,57,No,Yes,MD Anderson,GM,14.56666667,Breast,Infiltrating Ductal Carcinoma
TCGA-GM-A2DA,5,Breast Cancer,Breast Invasive Ductal Carcinoma,0.1413,0.2922,0.08,32,IDC,Primary,Matched,66,No,Yes,MD Anderson,GM,1.066666667,Breast,Infiltrating Ductal Carcinoma
TCGA-GM-A2DB,20,Breast Cancer,Breast Invasive Ductal Carcinoma,0.2286,0.3153,0.08,125,IDC,Primary,Matched,261,No,Yes,MD Anderson,GM,4.166666667,Breast,Infiltrating Ductal Carcinoma
TCGA-GM-A2DC,18,Breast Cancer,Breast Invasive Ductal Carcinoma,0.4130,0.3191,0.34,15,IDC,Primary,Matched,79,No,Yes,MD Anderson,GM,0.5,Breast,Infiltrating Ductal Carcinoma
TCGA-GM-A2DD,20,Breast Cancer,Breast Invasive Ductal Carcinoma,0.1170,0.3056,0.18,51,IDC,Primary,Matched,453,No,Yes,MD Anderson,GM,1.7,Breast,Infiltrating Ductal Carcinoma
TCGA-GM-A2DF,12,Breast Cancer,Breast Invasive Ductal Carcinoma,0.1934,0.299,0.04,37,IDC,Primary,Matched,205,No,Yes,MD Anderson,GM,1.233333333,Breast,Infiltrating Ductal Carcinoma
TCGA-GM-A2DH,16,Breast Cancer,Breast Invasive Ductal Carcinoma,0.2932,0.2942,0.05,173,IDC,Primary,Matched,234,No,Yes,MD Anderson,GM,5.766666667,Breast,Infiltrating Ductal Carcinoma
TCGA-GM-A2DI,9,Breast Cancer,Breast Invasive Ductal Carcinoma,0.0143,0.3132,0.14,67,IDC,Primary,Matched,44,No,Yes,MD Anderson,GM,2.266666667,Breast,Infiltrating Ductal Carcinoma
TCGA-GM-A2DK,6,Breast Cancer,Breast Invasive Ductal Carcinoma,0.1815,0.2912,0,19,IDC,Primary,Matched,104,No,Yes,MD Anderson,GM,0.666666667,Breast,Infiltrating Ductal Carcinoma
TCGA-GM-A2DL,8,Breast Cancer,Breast Invasive Ductal Carcinoma,0.1835,0.3306,0.23,44,IDC,Primary,Matched,157,No,Yes,MD Anderson,GM,1.466666667,Breast,Infiltrating Ductal Carcinoma
TCGA-GM-A2DM,0,Breast Cancer,Breast Invasive Ductal Carcinoma,0.0055,0.2914,0.05,24,IDC,Primary,Matched,2,No,Yes,MD Anderson,GM,0.8,Breast,Infiltrating Ductal Carcinoma
TCGA-GM-A2DN,3,Breast Cancer,Breast Invasive Ductal Carcinoma,0.0649,0.2965,0.07,24,IDC,Primary,Matched,3,No,Yes,MD Anderson,GM,0.8,Breast,Infiltrating Ductal Carcinoma
TCGA-GM-A2DO,1,Breast Cancer,Breast Invasive Lobular Carcinoma,0.0343,0.3191,0.02,141,ILC,Primary,Matched,35,No,Yes,MD Anderson,GM,4.666666667,Breast,Infiltrating Lobular Carcinoma
TCGA-GM-A3NW,7,Breast Cancer,Breast Invasive Lobular Carcinoma,0.2472,0.3265,0.06,52,ILC,Primary,Matched,62,No,Yes,MD Anderson,GM,1.7,Breast,Infiltrating Lobular Carcinoma
TCGA-GM-A3NY,4,Breast Cancer,Breast Invasive Lobular Carcinoma,0.1117,0.3311,0.01,,ILC,Primary,Matched,21,No,Yes,MD Anderson,GM,0,Breast,Infiltrating Lobular Carcinoma
TCGA-GM-A3XG,,Breast Cancer,Breast Invasive Lobular Carcinoma,0.0000,0.2829,0,,ILC,Primary,Matched,0,No,Yes,MD Anderson,GM,,Breast,Infiltrating Lobular Carcinoma
TCGA-GM-A3XL,4,Breast Cancer,Breast Invasive Ductal Carcinoma,0.4806,0.296,0.06,87,IDC,Primary,Matched,172,No,Yes,MD Anderson,GM,2.933333333,Breast,Infiltrating Ductal Carcinoma
TCGA-GM-A3XN,9,Breast Cancer,Breast Invasive Lobular Carcinoma,0.1675,0.3013,0.01,,ILC,Primary,Matched,15,No,Yes,MD Anderson,GM,,Breast,Infiltrating Lobular Carcinoma
TCGA-GM-A4E0,7,Breast Cancer,Breast Invasive Lobular Carcinoma,0.0133,0.2859,0,21,ILC,Primary,Matched,13,No,Yes,MD Anderson,GM,0.7,Breast,Infiltrating Lobular Carcinoma
TCGA-GM-A5PV,2,Breast Cancer,Breast Invasive Lobular Carcinoma,0.0368,0.2809,0,28,ILC,Primary,Matched,20,No,Yes,MD Anderson,GM,0.933333333,Breast,Infiltrating Lobular Carcinoma
TCGA-GM-A5PX,3,Breast Cancer,Breast Invasive Lobular Carcinoma,0.1005,0.2788,0,24,ILC,Primary,Matched,9,No,Yes,MD Anderson,GM,0.8,Breast,Infiltrating Lobular Carcinoma
TCGA-HN-A2NL,11,Breast Cancer,Breast Invasive Lobular Carcinoma,0.9228,0.3496,2.05,70,ILC,Primary,Matched,68,No,Yes,Ontario Institute for Cancer Research (OICR),HN,2.433333333,Breast,Infiltrating Lobular Carcinoma
TCGA-HN-A2OB,2,Breast Cancer,Breast Invasive Lobular Carcinoma,0.0273,0.2932,0,18,ILC,Primary,Matched,30,No,Yes,Ontario Institute for Cancer Research (OICR),HN,0.633333333,Breast,Infiltrating Lobular Carcinoma
TCGA-JL-A3YW,15,Breast Cancer,Breast Invasive Lobular Carcinoma,0.1167,0.3065,0.02,,ILC,Primary,Matched,273,Yes,No,ABS - Research Metrics Pakistan,JL,0,Breast,Infiltrating Lobular Carcinoma
TCGA-JL-A3YX,15,Breast Cancer,Breast Invasive Lobular Carcinoma,0.2097,0.3019,0.04,29,ILC,Primary,Matched,20,Yes,No,ABS - Research Metrics Pakistan,JL,0.966666667,Breast,Infiltrating Lobular Carcinoma
TCGA-LD-A66U,10,Breast Cancer,Breast Invasive Lobular Carcinoma,0.2001,0.3459,0,31,ILC,Primary,Matched,12,Yes,No,Hartford Hospital,LD,1.066666667,Breast,Infiltrating Lobular Carcinoma
TCGA-LD-A74U,7,Breast Cancer,Breast Invasive Carcinoma (NOS),0.0661,0.3334,0,193,BRCNOS,Primary,Matched,10,Yes,No,Hartford Hospital,LD,6.533333333,Breast,Other
TCGA-LD-A7W5,23,Breast Cancer,Breast Invasive Ductal Carcinoma,0.2170,0.3317,0.01,41,IDC,Primary,Matched,259,Yes,No,Hartford Hospital,LD,1.4,Breast,Infiltrating Ductal Carcinoma
TCGA-LD-A7W6,4,Breast Cancer,Breast Invasive Carcinoma (NOS),0.1270,0.329,0.01,29,BRCNOS,Primary,Matched,50,Yes,No,Hartford Hospital,LD,0.966666667,Breast,Other
TCGA-LD-A9QF,,Breast Cancer,Breast Invasive Ductal Carcinoma,0.0045,0.3232,0,19,IDC,Primary,Matched,68,Yes,No,Hartford Hospital,LD,0.633333333,Breast,Infiltrating Ductal Carcinoma
TCGA-LL-A440,0,Breast Cancer,Breast Invasive Lobular Carcinoma,0.0068,0.304,0,3,ILC,Primary,Matched,59,Yes,No,Candler,LL,0.1,Breast,Infiltrating Lobular Carcinoma
TCGA-LL-A441,11,Breast Cancer,Breast Invasive Ductal Carcinoma,0.1771,0.2995,0,,IDC,Primary,Matched,102,Yes,No,Candler,LL,0,Breast,Infiltrating Ductal Carcinoma
TCGA-LL-A442,0,Breast Cancer,Breast Invasive Ductal Carcinoma,0.0052,,0,,IDC,Primary,Matched,2,Yes,No,Candler,LL,,Breast,Infiltrating Ductal Carcinoma
TCGA-LL-A50Y,4,Breast Cancer,Breast Invasive Lobular Carcinoma,0.0849,0.2801,0,24,ILC,Primary,Matched,7,Yes,No,Candler,LL,0.8,Breast,Infiltrating Lobular Carcinoma
TCGA-LL-A5YL,5,Breast Cancer,Breast Invasive Lobular Carcinoma,0.1994,0.3113,0,56,ILC,Primary,Matched,14,Yes,No,Candler,LL,1.866666667,Breast,Infiltrating Lobular Carcinoma
TCGA-LL-A5YM,16,Breast Cancer,Breast Invasive Ductal Carcinoma,0.4424,0.3208,0.2,23,IDC,Primary,Matched,114,Yes,No,Candler,LL,0.766666667,Breast,Infiltrating Ductal Carcinoma
TCGA-LL-A5YN,5,Breast Cancer,Breast Invasive Ductal Carcinoma,0.1778,0.3071,0,28,IDC,Primary,Matched,160,Yes,No,Candler,LL,0.933333333,Breast,Infiltrating Ductal Carcinoma
TCGA-LL-A5YO,,Breast Cancer,Breast Invasive Ductal Carcinoma,0.0570,0.2957,0,40,IDC,Primary,Matched,50,Yes,No,Candler,LL,1.366666667,Breast,Infiltrating Ductal Carcinoma
TCGA-LL-A5YP,16,Breast Cancer,Breast Invasive Ductal Carcinoma,0.5530,0.2939,0.1,64,IDC,Primary,Matched,250,Yes,No,Candler,LL,2.133333333,Breast,Infiltrating Ductal Carcinoma
TCGA-LL-A6FP,17,Breast Cancer,Breast Invasive Lobular Carcinoma,0.4119,0.3564,0.9,50,ILC,Primary,Matched,32,Yes,No,Candler,LL,1.7,Breast,Infiltrating Lobular Carcinoma
TCGA-LL-A6FQ,21,Breast Cancer,Breast Invasive Ductal Carcinoma,0.4664,0.3469,0.06,39,IDC,Primary,Matched,180,Yes,No,Candler,LL,1.266666667,Breast,Infiltrating Ductal Carcinoma
TCGA-LL-A6FR,15,Breast Cancer,Breast Invasive Ductal Carcinoma,0.5897,0.3539,0.28,36,IDC,Primary,Matched,195,Yes,No,Candler,LL,1.233333333,Breast,Infiltrating Ductal Carcinoma
TCGA-LL-A73Y,24,Breast Cancer,Breast Invasive Ductal Carcinoma,0.2373,0.3583,0.99,99,IDC,Primary,Matched,96,Yes,No,Candler,LL,3.433333333,Breast,Infiltrating Ductal Carcinoma
TCGA-LL-A73Z,11,Breast Cancer,Breast Invasive Ductal Carcinoma,0.0598,0.3448,0,40,IDC,Primary,Matched,85,Yes,No,Candler,LL,1.333333333,Breast,Infiltrating Ductal Carcinoma
TCGA-LL-A740,6,Breast Cancer,Breast Invasive Ductal Carcinoma,0.1924,0.3365,0,43,IDC,Primary,Matched,116,Yes,No,Candler,LL,1.433333333,Breast,Infiltrating Ductal Carcinoma
TCGA-LL-A7SZ,15,Breast Cancer,Breast Invasive Ductal Carcinoma,0.2933,0.3272,0,86,IDC,Primary,Matched,307,Yes,No,Candler,LL,2.866666667,Breast,Infiltrating Ductal Carcinoma
TCGA-LL-A7T0,24,Breast Cancer,Breast Invasive Ductal Carcinoma,0.3326,0.3499,0.23,40,IDC,Primary,Matched,163,Yes,No,Candler,LL,1.333333333,Breast,Infiltrating Ductal Carcinoma
TCGA-LL-A8F5,17,Breast Cancer,Breast Invasive Ductal Carcinoma,0.6392,0.35,0.64,131,IDC,Primary,Matched,378,Yes,No,Candler,LL,4.433333333,Breast,Infiltrating Ductal Carcinoma
TCGA-LL-A9Q3,13,Breast Cancer,Breast Invasive Lobular Carcinoma,0.2749,0.3216,0.07,47,ILC,Primary,Matched,83,Yes,No,Candler,LL,1.566666667,Breast,Infiltrating Lobular Carcinoma
TCGA-LQ-A4E4,7,Breast Cancer,Breast Invasive Lobular Carcinoma,0.1878,0.2937,0.06,,ILC,Primary,Matched,49,No,Yes,Gundersen Lutheran Health System,LQ,,Breast,Infiltrating Lobular Carcinoma
TCGA-MS-A51U,18,Breast Cancer,Breast Invasive Lobular Carcinoma,0.1797,0.284,0,,ILC,Primary,Matched,48,Yes,No,University of Minnesota,MS,0,Breast,Infiltrating Lobular Carcinoma
TCGA-OK-A5Q2,3,Breast Cancer,Breast Invasive Lobular Carcinoma,0.0911,0.2873,0,26,ILC,Primary,Matched,69,Yes,No,Mount Sinai School of Medicine,OK,0.866666667,Breast,Infiltrating Lobular Carcinoma
TCGA-OL-A5D6,4,Breast Cancer,Breast Invasive Ductal Carcinoma,0.1517,0.2858,0.01,34,IDC,Primary,Matched,72,No,Yes,University of Chicago,OL,1.133333333,Breast,Infiltrating Ductal Carcinoma
TCGA-OL-A5D7,14,Breast Cancer,Breast Invasive Ductal Carcinoma,0.3616,0.2907,0.15,52,IDC,Primary,Matched,339,No,Yes,University of Chicago,OL,1.766666667,Breast,Infiltrating Ductal Carcinoma
TCGA-OL-A5D8,5,Breast Cancer,Breast Invasive Ductal Carcinoma,0.1753,0.3078,0.06,22,IDC,Primary,Matched,159,No,Yes,University of Chicago,OL,0.8,Breast,Infiltrating Ductal Carcinoma
TCGA-OL-A5DA,6,Breast Cancer,Breast Invasive Lobular Carcinoma,0.2379,0.3041,0,60,ILC,Primary,Matched,102,No,Yes,University of Chicago,OL,2.033333333,Breast,Infiltrating Lobular Carcinoma
TCGA-OL-A5RU,1,Breast Cancer,Breast Invasive Ductal Carcinoma,0.0399,0.3035,0.03,34,IDC,Primary,Matched,13,No,Yes,University of Chicago,OL,1.133333333,Breast,Infiltrating Ductal Carcinoma
TCGA-OL-A5RV,2,Breast Cancer,Breast Invasive Ductal Carcinoma,0.0644,0.2967,0.01,11,IDC,Primary,Matched,7,No,Yes,University of Chicago,OL,0.366666667,Breast,Infiltrating Ductal Carcinoma
TCGA-OL-A5RW,17,Breast Cancer,Breast Invasive Ductal Carcinoma,0.7465,0.3301,0.97,146,IDC,Primary,Matched,397,No,Yes,University of Chicago,OL,4.866666667,Breast,Infiltrating Ductal Carcinoma
TCGA-OL-A5RX,5,Breast Cancer,Breast Invasive Ductal Carcinoma,0.1288,0.2925,0,22,IDC,Primary,Matched,1,No,Yes,University of Chicago,OL,0.766666667,Breast,Infiltrating Ductal Carcinoma
TCGA-OL-A5RY,0,Breast Cancer,Breast Invasive Ductal Carcinoma,0.0041,0.2856,0,10,IDC,Primary,Matched,19,No,Yes,University of Chicago,OL,0.333333333,Breast,Infiltrating Ductal Carcinoma
TCGA-OL-A5RZ,13,Breast Cancer,Breast Invasive Ductal Carcinoma,0.4698,0.328,0.31,96,IDC,Primary,Matched,356,No,Yes,University of Chicago,OL,3.233333333,Breast,Infiltrating Ductal Carcinoma
TCGA-OL-A5S0,21,Breast Cancer,Breast Invasive Ductal Carcinoma,0.6208,0.3131,0.04,31,IDC,Primary,Matched,141,No,Yes,University of Chicago,OL,1.033333333,Breast,Infiltrating Ductal Carcinoma
TCGA-OL-A66H,2,Breast Cancer,Breast Invasive Mixed Mucinous Carcinoma,0.0587,0.2986,0,18,IMMC,Primary,Matched,13,No,Yes,University of Chicago,OL,0.633333333,Breast,Mucinous Carcinoma
TCGA-OL-A66I,21,Breast Cancer,Breast Invasive Ductal Carcinoma,0.4090,0.3071,0.01,39,IDC,Primary,Matched,301,No,Yes,University of Chicago,OL,1.3,Breast,Infiltrating Ductal Carcinoma
TCGA-OL-A66J,3,Breast Cancer,Breast Invasive Lobular Carcinoma,0.0664,0.3036,0.05,45,ILC,Primary,Matched,30,No,Yes,University of Chicago,OL,1.533333333,Breast,Infiltrating Lobular Carcinoma
TCGA-OL-A66K,20,Breast Cancer,Breast Invasive Lobular Carcinoma,0.1883,0.3357,0.08,28,ILC,Primary,Matched,5,No,Yes,University of Chicago,OL,0.933333333,Breast,Infiltrating Lobular Carcinoma
TCGA-OL-A66L,5,Breast Cancer,Breast Invasive Ductal Carcinoma,0.1110,0.3475,0,57,IDC,Primary,Matched,6,No,Yes,University of Chicago,OL,1.866666667,Breast,Infiltrating Ductal Carcinoma
TCGA-OL-A66N,21,Breast Cancer,Breast Invasive Lobular Carcinoma,0.2094,0.3342,0,35,ILC,Primary,Matched,22,No,Yes,University of Chicago,OL,1.2,Breast,Infiltrating Lobular Carcinoma
TCGA-OL-A66O,6,Breast Cancer,Breast Invasive Ductal Carcinoma,0.1667,0.3236,0,28,IDC,Primary,Matched,59,No,Yes,University of Chicago,OL,0.933333333,Breast,Infiltrating Ductal Carcinoma
TCGA-OL-A66P,3,Breast Cancer,Breast Invasive Ductal Carcinoma,0.1324,0.3535,0,91,IDC,Primary,Matched,314,No,Yes,University of Chicago,OL,3.166666667,Breast,Infiltrating Ductal Carcinoma
TCGA-OL-A6VO,25,Breast Cancer,Breast Invasive Ductal Carcinoma,0.4348,0.3793,1.89,33,IDC,Primary,Matched,227,No,Yes,University of Chicago,OL,1.1,Breast,Infiltrating Ductal Carcinoma
TCGA-OL-A6VQ,8,Breast Cancer,Breast Invasive Lobular Carcinoma,0.1319,0.336,0,69,ILC,Primary,Matched,7,No,Yes,University of Chicago,OL,2.3,Breast,Infiltrating Lobular Carcinoma
TCGA-OL-A6VR,2,Breast Cancer,Breast Invasive Ductal Carcinoma,0.1111,0.3456,0.12,22,IDC,Primary,Matched,12,No,Yes,University of Chicago,OL,0.766666667,Breast,Infiltrating Ductal Carcinoma
TCGA-OL-A97C,8,Breast Cancer,Breast Invasive Carcinoma (NOS),0.2079,0.3453,0.05,60,BRCNOS,Primary,Matched,29,No,Yes,University of Chicago,OL,2,Breast,Other
TCGA-PE-A5DC,,Breast Cancer,Breast Invasive Lobular Carcinoma,0.3159,0.3164,0.06,93,ILC,Primary,Matched,183,No,Yes,Fox Chase,PE,3.166666667,Breast,Infiltrating Lobular Carcinoma
TCGA-PE-A5DD,8,Breast Cancer,Breast Invasive Lobular Carcinoma,0.2365,0.2898,0.05,54,ILC,Primary,Matched,35,No,Yes,Fox Chase,PE,1.8,Breast,Infiltrating Lobular Carcinoma
TCGA-PE-A5DE,23,Breast Cancer,Breast Invasive Lobular Carcinoma,0.5284,0.2918,0.01,386,ILC,Primary,Matched,16,No,Yes,Fox Chase,PE,13.06666667,Breast,Infiltrating Lobular Carcinoma
TCGA-PL-A8LV,24,Breast Cancer,Breast Invasive Ductal Carcinoma,0.7412,0.3512,0.21,97,IDC,Primary,Matched,85,Yes,No,Institute of Human Virology Nigeria,PL,3.233333333,Breast,Medullary Carcinoma
TCGA-PL-A8LX,19,Breast Cancer,Breast Invasive Ductal Carcinoma,0.1356,0.324,0.04,29,IDC,Primary,Matched,51,Yes,No,Institute of Human Virology Nigeria,PL,0.966666667,Breast,Infiltrating Ductal Carcinoma
TCGA-PL-A8LY,0,Breast Cancer,Breast Invasive Ductal Carcinoma,0.0001,0.3461,0,4,IDC,Primary,Matched,0,Yes,No,Institute of Human Virology Nigeria,PL,0.133333333,Breast,Infiltrating Ductal Carcinoma
TCGA-PL-A8LZ,21,Breast Cancer,Breast Invasive Ductal Carcinoma,0.1729,0.3284,0.03,78,IDC,Primary,Matched,136,Yes,No,Institute of Human Virology Nigeria,PL,2.7,Breast,Infiltrating Ductal Carcinoma
TCGA-S3-A6ZF,19,Breast Cancer,Breast Invasive Ductal Carcinoma,0.6020,0.3361,0.22,31,IDC,Primary,Matched,147,Yes,No,Albert Einstein Medical Center,S3,1.033333333,Breast,Infiltrating Ductal Carcinoma
TCGA-S3-A6ZG,17,Breast Cancer,Breast Invasive Carcinoma (NOS),0.1632,0.3316,0.05,39,BRCNOS,Primary,Matched,24,Yes,No,Albert Einstein Medical Center,S3,1.233333333,Breast,Mixed Histology (NOS)
TCGA-S3-A6ZH,20,Breast Cancer,Breast Invasive Ductal Carcinoma,0.3715,0.3286,0.59,33,IDC,Primary,Matched,42,Yes,No,Albert Einstein Medical Center,S3,1.1,Breast,Infiltrating Ductal Carcinoma
TCGA-S3-AA0Z,12,Breast Cancer,Breast Invasive Ductal Carcinoma,0.3953,0.3531,1.27,46,IDC,Primary,Matched,83,Yes,No,Albert Einstein Medical Center,S3,1.566666667,Breast,Infiltrating Ductal Carcinoma
TCGA-S3-AA10,22,Breast Cancer,Breast Invasive Ductal Carcinoma,0.5359,0.3339,0.53,133,IDC,Primary,Matched,133,Yes,No,Albert Einstein Medical Center,S3,4.533333333,Breast,Infiltrating Ductal Carcinoma
TCGA-S3-AA11,1,Breast Cancer,Breast Invasive Ductal Carcinoma,0.0560,0.3311,0,59,IDC,Primary,Matched,15,Yes,No,Albert Einstein Medical Center,S3,2,Breast,Infiltrating Ductal Carcinoma
TCGA-S3-AA12,4,Breast Cancer,Breast Invasive Ductal Carcinoma,0.1373,0.341,0.34,36,IDC,Primary,Matched,71,Yes,No,Albert Einstein Medical Center,S3,1.2,Breast,Infiltrating Ductal Carcinoma
TCGA-S3-AA14,2,Breast Cancer,Breast Invasive Ductal Carcinoma,0.1821,0.3335,0.22,16,IDC,Primary,Matched,99,Yes,No,Albert Einstein Medical Center,S3,0.533333333,Breast,Infiltrating Ductal Carcinoma
TCGA-S3-AA15,,Breast Cancer,Breast Invasive Ductal Carcinoma,0.0014,0.3124,0,36,IDC,Primary,Matched,6,Yes,No,Albert Einstein Medical Center,S3,1.166666667,Breast,Infiltrating Ductal Carcinoma
TCGA-S3-AA17,9,Breast Cancer,Breast Invasive Ductal Carcinoma,0.3460,0.3284,0.02,88,IDC,Primary,Matched,83,Yes,No,Albert Einstein Medical Center,S3,2.966666667,Breast,Infiltrating Ductal Carcinoma
TCGA-UL-AAZ6,19,Breast Cancer,Breast Invasive Ductal Carcinoma,0.5875,0.3254,0.98,80,IDC,Primary,Matched,406,Yes,No,Boston Medical Center,UL,2.7,Breast,Infiltrating Ductal Carcinoma
TCGA-UU-A93S,15,Breast Cancer,Breast Invasive Ductal Carcinoma,0.5014,0.3562,0.48,139,IDC,Primary,Matched,416,Yes,No,Mary Bird Perkins Cancer Center - Our Lady of the Lake,UU,4.633333333,Breast,Infiltrating Ductal Carcinoma
TCGA-V7-A7HQ,6,Breast Cancer,Breast Invasive Ductal Carcinoma,0.1209,0.3439,0.01,23,IDC,Primary,Matched,34,No,Yes,Medical College of Georgia,V7,0.733333333,Breast,Infiltrating Ductal Carcinoma
TCGA-W8-A86G,14,Breast Cancer,Breast Invasive Lobular Carcinoma,0.0915,0.3056,0,15,ILC,Primary,Matched,26,Yes,No,Greenville Health System,W8,0.5,Breast,Infiltrating Lobular Carcinoma
TCGA-WT-AB41,8,Breast Cancer,Breast Invasive Ductal Carcinoma,0.3125,0.3366,0.01,40,IDC,Primary,Matched,77,No,Yes,University of Kansas,WT,1.3,Breast,Infiltrating Ductal Carcinoma
TCGA-WT-AB44,18,Breast Cancer,Breast Invasive Lobular Carcinoma,0.3436,0.3186,0.24,31,ILC,Primary,Matched,12,No,Yes,University of Kansas,WT,1.033333333,Breast,Infiltrating Lobular Carcinoma
TCGA-XX-A899,4,Breast Cancer,Breast Invasive Lobular Carcinoma,0.0625,0.31,0,37,ILC,Primary,Matched,59,No,Yes,Spectrum Health,XX,2.466666667,Breast,Infiltrating Lobular Carcinoma
TCGA-XX-A89A,32,Breast Cancer,Breast Invasive Lobular Carcinoma,0.1764,0.3036,0.01,151,ILC,Primary,Matched,51,No,Yes,Spectrum Health,XX,5.033333333,Breast,Infiltrating Lobular Carcinoma
TCGA-Z7-A8R5,21,Breast Cancer,Breast Invasive Lobular Carcinoma,0.0452,0.3056,0,23,ILC,Primary,Matched,7,No,Yes,John Wayne Cancer Center,Z7,0.766666667,Breast,Infiltrating Lobular Carcinoma
TCGA-Z7-A8R6,14,Breast Cancer,Breast Invasive Lobular Carcinoma,0.3367,0.3434,0.15,64,ILC,Primary,Matched,72,No,Yes,John Wayne Cancer Center,Z7,2.1,Breast,Infiltrating Lobular Carcinoma
